,incident_id,mine_type,mine_location,country,worker_age,years_experience,employment_type,job_title,gender,incident_date,day_of_week,incident_time,shift_type,hours_into_shift,equipment_involved,task_at_incident,injury_mechanism,injury_type,body_part_injured,injury_severity,ppe_worn
0,INC-04489389,artisanal,surface,tanzania,33,6.0,operator,laborer,male,2024-09-26,tuesday,11.0,morning,0.3,mobile_equipment,directing_equipment,falling,other,hand_finger,days_away,none
1,INC-B73294FB,formal_small,surface,tanzania,56,33.7,contractor,other,male,2021-07-28,friday,14.29,evening,5.5,light_vehicle,operating_equipment,other,fracture,foot_lower_leg,days_away,partial
2,INC-59915C7F,artisanal,underground,south_africa,33,3.6,contractor,driller,male,2020-03-29,wednesday,12.0,morning,2.6,earth_moving,other,other,abrasion,multiple,days_away,none
3,INC-58CFCAA0,artisanal,surface,south_africa,36,9.5,operator,supervisor,female,2023-11-30,thursday,14.95,evening,5.5,haul_truck,operating_equipment,struck_by_object,other,torso,days_away,none
4,INC-F2889CF6,formal_large,surface,ghana,59,25.3,operator,mechanic_repairman,female,2021-07-26,wednesday,13.49,morning,0.5,mobile_equipment,other,other,laceration,torso,restricted_work,full
5,INC-EBD47E53,artisanal,surface,south_africa,26,10.0,operator,truck_operator,male,2023-03-16,friday,6.71,morning,1.8,components_parts,operating_equipment,other,fracture,multiple,temporary_disability,none
6,INC-AB5B1AA1,artisanal,underground,ghana,26,10.0,operator,laborer,male,2020-10-16,tuesday,10.59,morning,3.2,drill_rig,drilling,struck_by_rock,laceration,foot_lower_leg,days_away,none
7,INC-3F9DCA77,artisanal,surface,other,29,4.3,operator,excavator_operator,male,2021-02-02,thursday,12.18,morning,7.4,haul_truck,operating_equipment,other,other,hand_finger,first_aid,none
8,INC-52042658,formal_large,underground,south_africa,46,18.9,operator,other,male,2023-10-14,friday,13.3,morning,9.5,drill_rig,other,other,contusion,torso,days_away,full
9,INC-B9E6B92E,formal_small,surface,ghana,31,13.0,operator,truck_operator,male,2020-02-23,monday,12.14,morning,7.9,haul_truck,maintenance_repair,hit_by_moving,laceration,foot_lower_leg,first_aid,none
10,INC-497A74DB,formal_small,surface,tanzania,59,21.6,operator,welder,male,2022-06-27,wednesday,11.44,morning,0.2,components_parts,operating_equipment,struck_by_object,laceration,foot_lower_leg,temporary_disability,full
11,INC-071E850A,artisanal,surface,zimbabwe,21,5.0,operator,other,male,2023-10-12,thursday,12.29,morning,5.4,mobile_equipment,maintenance_repair,pit_collapse,contusion,torso,first_aid,none
12,INC-6E916EE0,artisanal,surface,south_africa,33,4.4,operator,welder,male,2022-05-08,monday,11.41,morning,1.1,hand_tools,other,pit_collapse,contusion,multiple,temporary_disability,none
13,INC-B3B54A89,artisanal,underground,south_africa,38,2.8,operator,blaster,female,2020-10-29,thursday,9.24,morning,2.5,components_parts,other,other,abrasion,multiple,days_away,none
14,INC-A324F925,formal_small,surface,other,33,15.0,contractor,truck_operator,male,2023-03-04,friday,10.84,morning,5.8,haul_truck,directing_equipment,vehicle_motion,burns,torso,temporary_disability,full
15,INC-62880972,formal_large,surface,south_africa,46,28.0,operator,mechanic_repairman,male,2020-07-24,wednesday,13.73,morning,5.9,haul_truck,maintenance_repair,other,multiple,hand_finger,permanent_disability,full
16,INC-40695B44,formal_small,surface,ethiopia,40,5.7,operator,other,male,2022-11-25,tuesday,10.54,morning,0.7,mobile_equipment,lifting_lowering,other,amputation,torso,fatality,full
17,INC-10A300A7,formal_large,surface,drc,38,19.6,operator,truck_operator,male,2022-02-06,monday,12.62,morning,6.6,light_vehicle,other,other,laceration,multiple,restricted_work,none
18,INC-223AB105,artisanal,surface,ghana,25,9.0,operator,mechanic_repairman,female,2022-09-17,monday,13.43,morning,5.0,mobile_equipment,lifting_lowering,struck_by_object,fracture,torso,restricted_work,none
19,INC-EE7EACAF,artisanal,surface,tanzania,33,15.1,operator,excavator_operator,male,2024-08-10,tuesday,15.05,evening,5.4,haul_truck,other,falling,laceration,head_face,restricted_work,none
20,INC-E48CB22B,artisanal,underground,south_africa,26,1.8,operator,driller,male,2024-06-04,thursday,2.27,night,4.6,none,other,falling_object,fracture,foot_lower_leg,temporary_disability,none
21,INC-FF87FB99,formal_small,underground,ghana,50,31.6,operator,driller,male,2023-08-04,tuesday,12.54,morning,2.1,components_parts,drilling,other,laceration,foot_lower_leg,permanent_disability,full
22,INC-7C4973EB,artisanal,underground,ghana,23,7.0,operator,other,male,2022-06-21,thursday,12.3,morning,2.8,none,other,falling_object,contusion,torso,temporary_disability,none
23,INC-9083C582,artisanal,surface,other,45,17.3,contractor,welder,male,2023-12-28,wednesday,12.33,morning,4.0,mobile_equipment,maintenance_repair,falling,fracture,multiple,fatality,none
24,INC-1B744342,artisanal,surface,south_africa,23,7.0,operator,truck_operator,female,2020-07-02,tuesday,12.12,morning,9.4,none,directing_equipment,struck_by_object,other,hand_finger,days_away,none
25,INC-B9D91111,formal_large,surface,south_africa,45,16.5,operator,excavator_operator,male,2021-05-07,friday,14.15,evening,4.7,mobile_equipment,lifting_lowering,other,amputation,hand_finger,permanent_disability,partial
26,INC-EFD0AEF7,formal_small,surface,other,47,20.7,operator,excavator_operator,male,2022-04-27,tuesday,11.38,morning,3.8,mobile_equipment,directing_equipment,struck_by_object,fracture,hand_finger,temporary_disability,full
27,INC-C0CA3515,formal_large,surface,south_africa,35,12.5,operator,mechanic_repairman,female,2024-03-04,sunday,10.02,morning,3.9,components_parts,lifting_lowering,other,contusion,foot_lower_leg,days_away,none
28,INC-98C32030,formal_large,surface,other,41,17.1,contractor,welder,male,2021-12-07,friday,13.93,morning,4.2,light_vehicle,directing_equipment,other,laceration,head_face,fatality,full
29,INC-A72444FE,artisanal,surface,tanzania,21,3.9,operator,laborer,male,2022-01-28,friday,10.35,morning,8.3,haul_truck,other,other,abrasion,hand_finger,first_aid,none
30,INC-EBF40C6E,artisanal,surface,ethiopia,32,16.0,operator,truck_operator,male,2024-10-02,thursday,12.81,morning,10.9,mobile_equipment,operating_equipment,pit_collapse,fracture,torso,days_away,none
31,INC-C532DB30,artisanal,underground,drc,32,16.0,operator,driller,male,2024-11-23,wednesday,14.22,evening,0.7,none,other,hit_by_moving,fracture,foot_lower_leg,temporary_disability,none
32,INC-9C27FFA8,formal_large,surface,tanzania,35,14.3,contractor,other,male,2020-03-09,tuesday,12.55,morning,5.0,mobile_equipment,other,other,fracture,multiple,temporary_disability,partial
33,INC-AF98C25F,formal_small,surface,south_africa,41,5.2,operator,truck_operator,male,2022-11-06,thursday,17.05,evening,5.4,haul_truck,operating_equipment,vehicle_motion,laceration,multiple,days_away,full
34,INC-27F6AB04,formal_small,surface,other,41,23.0,contractor,welder,male,2023-06-18,thursday,10.73,morning,3.5,mobile_equipment,operating_equipment,other,fracture,torso,first_aid,none
35,INC-F41E3E33,formal_large,surface,other,60,24.4,operator,laborer,male,2023-01-11,friday,14.27,evening,4.3,mobile_equipment,lifting_lowering,struck_by_object,fracture,foot_lower_leg,first_aid,full
36,INC-14B38D90,formal_large,underground,other,40,22.0,contractor,driller,male,2024-11-02,tuesday,10.12,morning,7.8,earth_moving,other,falling_object,fracture,foot_lower_leg,restricted_work,full
37,INC-5DB54619,formal_small,surface,ethiopia,22,4.0,contractor,excavator_operator,male,2024-07-29,sunday,12.59,morning,4.5,none,other,hit_by_moving,fracture,hand_finger,first_aid,full
38,INC-A8A7D3CF,formal_large,underground,zimbabwe,56,8.7,contractor,other,female,2021-04-03,thursday,2.55,night,7.4,none,other,falling_object,fracture,foot_lower_leg,days_away,partial
39,INC-CFB3D9FD,artisanal,underground,zimbabwe,35,10.0,contractor,other,male,2024-09-27,thursday,11.31,morning,6.9,earth_moving,other,falling_object,contusion,torso,first_aid,none
40,INC-A91CAF3B,formal_small,surface,south_africa,47,22.0,contractor,mechanic_repairman,male,2022-02-07,tuesday,12.71,morning,7.1,none,other,struck_by_object,amputation,upper_extremity,days_away,partial
41,INC-A957FB45,artisanal,surface,zimbabwe,44,6.6,contractor,welder,male,2020-02-02,monday,11.87,morning,4.9,haul_truck,other,struck_by_object,laceration,foot_lower_leg,fatality,none
42,INC-839295DB,artisanal,surface,ethiopia,25,3.8,operator,other,male,2021-10-19,friday,15.01,evening,0.2,mobile_equipment,other,struck_by_object,abrasion,torso,permanent_disability,none
43,INC-6ED6FE6A,formal_large,surface,tanzania,41,18.5,operator,truck_operator,male,2021-02-28,monday,14.64,evening,1.8,haul_truck,cleaning_clearing,vehicle_motion,amputation,hand_finger,restricted_work,full
44,INC-3B030997,artisanal,surface,ghana,26,8.0,operator,mechanic_repairman,male,2024-08-16,friday,12.39,morning,7.8,mobile_equipment,operating_equipment,struck_by_object,abrasion,upper_extremity,restricted_work,none
45,INC-D4CCAC8A,artisanal,underground,zimbabwe,42,20.3,operator,blaster,male,2023-01-26,monday,3.42,night,8.8,components_parts,other,fall_from_height,laceration,torso,restricted_work,none
46,INC-138AD149,formal_small,surface,ethiopia,38,20.0,operator,mechanic_repairman,male,2021-07-18,friday,11.81,morning,1.9,mobile_equipment,other,other,laceration,multiple,first_aid,none
47,INC-9660E371,formal_large,underground,ghana,34,16.0,operator,driller,male,2020-01-07,monday,11.72,morning,4.9,drill_rig,drilling,hit_by_moving,laceration,multiple,days_away,none
48,INC-8529ECD9,artisanal,surface,other,37,4.0,contractor,welder,male,2021-11-03,saturday,16.05,evening,4.1,components_parts,cleaning_clearing,falling,laceration,multiple,fatality,none
49,INC-D0CFB365,formal_large,underground,tanzania,61,11.4,operator,mechanic_repairman,male,2021-08-02,friday,13.09,morning,4.6,none,drilling,struck_by_rock,other,multiple,fatality,full
50,INC-EA19E73D,formal_large,surface,south_africa,43,20.9,operator,mechanic_repairman,male,2022-03-29,monday,15.04,evening,0.3,mobile_equipment,other,vehicle_motion,fracture,head_face,days_away,full
51,INC-10898EEE,formal_large,surface,south_africa,26,8.0,operator,other,male,2020-12-24,tuesday,13.96,morning,5.4,mobile_equipment,other,fall_slip,fracture,torso,first_aid,full
52,INC-F01BA81F,artisanal,surface,tanzania,36,20.0,operator,other,male,2022-09-05,friday,13.08,morning,4.3,mobile_equipment,maintenance_repair,other,fracture,foot_lower_leg,days_away,none
53,INC-44084298,artisanal,surface,ghana,26,10.0,operator,other,female,2022-08-13,wednesday,11.76,morning,1.3,mobile_equipment,maintenance_repair,pit_collapse,laceration,head_face,permanent_disability,none
54,INC-6571B393,artisanal,underground,drc,38,8.0,operator,other,male,2023-08-11,tuesday,21.21,evening,3.1,none,other,other,abrasion,multiple,fatality,none
55,INC-499B3893,artisanal,surface,south_africa,36,17.4,operator,truck_operator,male,2022-12-26,saturday,12.54,morning,7.2,light_vehicle,cleaning_clearing,other,abrasion,torso,first_aid,none
56,INC-43CF5AFE,formal_small,surface,south_africa,46,28.0,contractor,welder,male,2023-08-16,thursday,12.78,morning,0.9,haul_truck,operating_equipment,vehicle_motion,amputation,hand_finger,first_aid,none
57,INC-2DC186DC,formal_small,surface,ghana,54,11.5,operator,truck_operator,male,2020-12-11,thursday,12.72,morning,8.9,components_parts,operating_equipment,struck_by_object,multiple,foot_lower_leg,days_away,full
58,INC-8191B3AF,formal_large,surface,tanzania,44,19.6,operator,mechanic_repairman,male,2020-09-07,tuesday,13.33,morning,6.2,components_parts,cleaning_clearing,struck_by_object,amputation,upper_extremity,restricted_work,full
59,INC-CB161698,formal_large,surface,other,34,16.0,operator,excavator_operator,male,2022-09-06,friday,9.41,morning,2.5,mobile_equipment,other,struck_by_object,fracture,multiple,first_aid,full
60,INC-F9F7A8CB,artisanal,surface,other,32,7.8,operator,mechanic_repairman,female,2024-12-13,wednesday,12.81,morning,3.9,components_parts,maintenance_repair,struck_by_object,contusion,hand_finger,days_away,none
61,INC-0FE1BB73,formal_small,surface,zimbabwe,33,15.0,operator,mechanic_repairman,male,2021-12-25,thursday,13.82,morning,0.2,hand_tools,other,other,multiple,head_face,days_away,full
62,INC-353AA407,formal_small,surface,drc,34,8.7,contractor,other,male,2023-08-25,wednesday,9.29,morning,7.7,light_vehicle,directing_equipment,struck_by_object,laceration,upper_extremity,first_aid,partial
63,INC-2CA5FA84,artisanal,surface,south_africa,26,7.0,operator,supervisor,male,2024-12-14,friday,12.69,morning,6.3,mobile_equipment,other,other,abrasion,upper_extremity,restricted_work,none
64,INC-217121E5,artisanal,underground,ethiopia,31,15.0,operator,supervisor,male,2020-06-22,tuesday,11.22,morning,4.3,none,other,hit_by_moving,abrasion,hand_finger,days_away,none
65,INC-57CB2CB0,formal_small,surface,other,57,14.7,operator,other,male,2020-04-28,saturday,9.95,morning,0.1,mobile_equipment,maintenance_repair,hit_by_moving,laceration,multiple,restricted_work,full
66,INC-D03B6236,formal_small,surface,ghana,42,8.3,operator,truck_operator,male,2023-04-21,monday,12.43,morning,6.1,components_parts,maintenance_repair,fall_slip,multiple,upper_extremity,days_away,full
67,INC-A88325CD,formal_large,surface,other,27,9.0,operator,other,male,2024-03-15,tuesday,16.63,evening,1.1,light_vehicle,operating_equipment,trapped_between,multiple,torso,temporary_disability,full
68,INC-4404AA7E,formal_large,surface,south_africa,46,25.4,operator,truck_operator,female,2023-05-07,friday,9.49,morning,0.4,components_parts,other,fall_slip,amputation,torso,temporary_disability,full
69,INC-BF637F32,formal_small,surface,south_africa,44,15.7,operator,mechanic_repairman,male,2024-12-30,friday,15.43,evening,9.4,none,other,trapped_between,burns,hand_finger,days_away,full
70,INC-17A187C7,formal_large,surface,zimbabwe,38,13.7,operator,welder,male,2020-03-09,wednesday,12.88,morning,11.3,mobile_equipment,operating_equipment,trapped_between,laceration,hand_finger,temporary_disability,full
71,INC-CB918DA5,formal_small,surface,other,33,15.0,operator,excavator_operator,male,2022-09-15,wednesday,11.49,morning,4.3,haul_truck,cleaning_clearing,other,multiple,multiple,days_away,full
72,INC-E1CD3204,artisanal,surface,ghana,42,0.3,operator,welder,male,2023-07-16,friday,7.8,morning,0.3,haul_truck,lifting_lowering,other,abrasion,foot_lower_leg,first_aid,none
73,INC-EC7C5CFF,formal_large,surface,drc,32,14.0,operator,supervisor,female,2023-05-27,friday,10.59,morning,11.4,mobile_equipment,operating_equipment,hit_by_moving,laceration,hand_finger,days_away,none
74,INC-993991E3,formal_large,underground,south_africa,53,9.3,operator,driller,male,2020-03-03,sunday,6.0,morning,7.8,earth_moving,drilling,fall_from_height,laceration,torso,days_away,full
75,INC-8D50080D,formal_large,surface,tanzania,45,27.0,operator,truck_operator,male,2020-08-21,wednesday,11.66,morning,1.6,light_vehicle,other,trapped_between,burns,upper_extremity,first_aid,none
76,INC-CF558192,formal_large,surface,ethiopia,47,29.0,contractor,other,male,2024-12-24,monday,11.36,morning,6.6,mobile_equipment,other,vehicle_motion,laceration,hand_finger,first_aid,full
77,INC-A8E1F53F,artisanal,surface,south_africa,23,7.0,operator,mechanic_repairman,male,2021-10-02,friday,13.12,morning,2.6,mobile_equipment,cleaning_clearing,struck_by_object,abrasion,hand_finger,temporary_disability,none
78,INC-754E80E3,formal_small,surface,tanzania,45,27.0,operator,laborer,male,2020-12-01,wednesday,11.75,morning,3.0,mobile_equipment,maintenance_repair,hit_by_moving,fracture,hand_finger,permanent_disability,partial
79,INC-39583DE9,artisanal,underground,tanzania,25,7.8,operator,other,male,2020-11-27,tuesday,12.27,morning,5.4,drill_rig,other,hit_by_moving,other,torso,days_away,none
80,INC-AE853413,artisanal,surface,zimbabwe,26,5.1,operator,other,male,2020-11-09,friday,11.1,morning,0.4,mobile_equipment,maintenance_repair,pit_collapse,abrasion,head_face,restricted_work,full
81,INC-E986031C,formal_small,surface,south_africa,46,16.9,contractor,excavator_operator,female,2022-12-01,friday,15.3,evening,6.4,mobile_equipment,lifting_lowering,other,laceration,head_face,restricted_work,none
82,INC-1CDAEF27,artisanal,surface,south_africa,27,6.9,operator,other,female,2022-07-08,thursday,15.45,evening,7.0,mobile_equipment,other,struck_by_object,abrasion,head_face,days_away,none
83,INC-B9291A69,formal_large,surface,other,38,17.9,contractor,laborer,male,2024-09-16,wednesday,14.08,evening,10.2,haul_truck,directing_equipment,other,burns,hand_finger,days_away,partial
84,INC-60B2D954,formal_large,underground,tanzania,41,10.4,operator,laborer,male,2022-05-21,thursday,13.12,morning,2.3,drill_rig,charging_up,struck_by_rock,other,head_face,days_away,full
85,INC-625005D5,formal_large,surface,drc,54,36.0,operator,mechanic_repairman,male,2020-02-24,tuesday,12.21,morning,2.9,mobile_equipment,other,other,burns,multiple,days_away,partial
86,INC-59CE5C46,artisanal,underground,tanzania,30,14.0,operator,blaster,male,2022-08-25,friday,11.24,morning,7.8,none,other,fall_from_height,abrasion,upper_extremity,days_away,none
87,INC-70E3B15B,formal_small,surface,drc,56,21.9,operator,laborer,male,2022-06-21,friday,10.46,morning,6.5,mobile_equipment,other,other,laceration,foot_lower_leg,days_away,partial
88,INC-5A48AC04,formal_large,underground,south_africa,31,13.0,operator,other,male,2021-08-21,wednesday,10.05,morning,6.7,drill_rig,other,struck_by_rock,multiple,foot_lower_leg,fatality,full
89,INC-C5CAF57D,formal_small,surface,zimbabwe,41,17.5,operator,laborer,male,2023-08-14,saturday,9.47,morning,11.7,mobile_equipment,other,other,laceration,multiple,days_away,full
90,INC-6E3FDEBF,formal_large,surface,tanzania,50,15.9,operator,mechanic_repairman,female,2024-09-14,sunday,12.96,morning,5.6,haul_truck,directing_equipment,hit_by_moving,fracture,hand_finger,first_aid,full
91,INC-3C98F59B,artisanal,underground,south_africa,37,0.7,contractor,mechanic_repairman,male,2022-02-25,thursday,20.48,evening,9.7,earth_moving,other,other,other,head_face,days_away,none
92,INC-DA11E553,formal_small,surface,south_africa,60,12.6,operator,welder,female,2023-08-17,saturday,12.76,morning,4.9,none,other,trapped_between,amputation,hand_finger,days_away,partial
93,INC-74E4E1D8,formal_small,surface,ethiopia,59,39.3,operator,mechanic_repairman,male,2022-09-10,friday,11.14,morning,5.4,light_vehicle,operating_equipment,hit_by_moving,amputation,hand_finger,restricted_work,none
94,INC-D7CCE2C3,formal_large,underground,other,35,15.2,contractor,other,male,2023-08-19,thursday,12.91,morning,10.4,none,barring_scaling,other,fracture,head_face,fatality,full
95,INC-7BAB4531,artisanal,surface,tanzania,34,3.9,operator,truck_operator,female,2022-04-07,saturday,13.81,morning,2.5,components_parts,maintenance_repair,pit_collapse,other,hand_finger,days_away,none
96,INC-230E642C,formal_small,surface,south_africa,55,6.9,operator,other,male,2021-04-18,wednesday,12.72,morning,6.6,mobile_equipment,other,other,fracture,foot_lower_leg,first_aid,none
97,INC-DD0AB63C,formal_large,surface,other,43,25.0,operator,other,male,2022-12-27,saturday,10.63,morning,7.5,mobile_equipment,operating_equipment,fall_slip,contusion,upper_extremity,days_away,partial
98,INC-E85D85D6,formal_large,underground,south_africa,52,33.7,operator,driller,male,2021-12-17,tuesday,10.27,morning,6.7,none,charging_up,falling_object,multiple,foot_lower_leg,days_away,full
99,INC-0E73CF6E,artisanal,underground,south_africa,31,4.5,contractor,blaster,female,2020-05-05,wednesday,10.27,morning,7.8,earth_moving,other,other,fracture,multiple,fatality,partial
100,INC-A0836D39,artisanal,surface,other,32,7.4,contractor,laborer,male,2023-09-15,thursday,11.7,morning,11.7,haul_truck,operating_equipment,falling,contusion,upper_extremity,days_away,none
101,INC-8B9E20B9,artisanal,surface,drc,35,6.5,operator,truck_operator,female,2022-09-25,friday,14.76,evening,1.9,hand_tools,directing_equipment,falling,contusion,multiple,fatality,none
102,INC-B0DD52E1,formal_large,surface,other,50,14.8,contractor,truck_operator,male,2023-01-17,tuesday,13.16,morning,10.1,mobile_equipment,directing_equipment,fall_slip,laceration,foot_lower_leg,permanent_disability,full
103,INC-476FBF32,artisanal,surface,drc,19,3.0,operator,mechanic_repairman,male,2022-07-23,thursday,17.04,evening,9.8,mobile_equipment,maintenance_repair,other,laceration,upper_extremity,restricted_work,none
104,INC-7CFA26F4,artisanal,underground,tanzania,38,1.2,operator,laborer,female,2024-06-06,sunday,11.4,morning,1.8,rock_drill,other,other,fracture,torso,days_away,none
105,INC-D839A80E,artisanal,surface,ghana,25,9.0,operator,truck_operator,male,2020-11-28,wednesday,13.48,morning,3.1,haul_truck,other,other,abrasion,torso,days_away,none
106,INC-F1C26BF2,formal_small,surface,ghana,30,12.0,operator,supervisor,male,2020-05-26,wednesday,10.1,morning,6.7,mobile_equipment,operating_equipment,vehicle_motion,laceration,multiple,first_aid,full
107,INC-6CF7704B,formal_large,surface,other,48,10.6,operator,excavator_operator,male,2022-09-03,friday,11.45,morning,0.9,mobile_equipment,maintenance_repair,fall_slip,burns,multiple,temporary_disability,partial
108,INC-421E41E2,formal_large,surface,other,52,26.1,operator,welder,male,2024-05-07,saturday,12.34,morning,6.5,mobile_equipment,other,hit_by_moving,amputation,hand_finger,days_away,full
109,INC-5E233037,artisanal,underground,ghana,27,11.0,contractor,supervisor,male,2022-04-25,wednesday,10.8,morning,4.1,earth_moving,other,falling_object,abrasion,head_face,days_away,none
110,INC-E2210185,formal_small,surface,ghana,42,24.0,operator,mechanic_repairman,male,2022-02-04,saturday,9.47,morning,8.1,components_parts,operating_equipment,trapped_between,laceration,foot_lower_leg,days_away,none
111,INC-CB1997C5,formal_large,surface,ghana,40,22.0,contractor,other,male,2022-12-19,wednesday,12.28,morning,0.7,mobile_equipment,cleaning_clearing,struck_by_object,contusion,foot_lower_leg,temporary_disability,full
112,INC-32457F32,formal_large,underground,ghana,28,10.0,operator,supervisor,male,2021-09-17,friday,12.34,morning,6.4,earth_moving,other,falling_object,multiple,foot_lower_leg,first_aid,full
113,INC-A43276AF,formal_small,underground,other,49,18.5,operator,laborer,male,2022-10-26,thursday,10.97,morning,11.5,drill_rig,drilling,hit_by_moving,fracture,multiple,days_away,full
114,INC-F35B0202,formal_large,surface,south_africa,44,26.0,operator,truck_operator,male,2024-10-28,friday,14.08,evening,4.3,mobile_equipment,maintenance_repair,struck_by_object,laceration,torso,temporary_disability,full
115,INC-C11A5DBD,artisanal,underground,ghana,33,8.2,operator,mechanic_repairman,male,2022-01-08,thursday,14.48,evening,0.2,components_parts,other,fall_from_height,fracture,head_face,days_away,none
116,INC-1993A601,artisanal,surface,other,30,6.7,contractor,truck_operator,male,2022-06-02,friday,12.27,morning,1.6,mobile_equipment,other,struck_by_object,laceration,multiple,permanent_disability,none
117,INC-2A0FA5D2,artisanal,underground,zimbabwe,34,7.5,operator,supervisor,male,2023-11-27,thursday,15.68,evening,6.1,rock_drill,barring_scaling,falling_object,abrasion,hand_finger,fatality,none
118,INC-F04E83A3,formal_small,surface,zimbabwe,34,10.3,operator,truck_operator,male,2023-05-13,wednesday,12.62,morning,2.7,mobile_equipment,maintenance_repair,struck_by_object,fracture,head_face,days_away,none
119,INC-FDD55607,artisanal,surface,ghana,31,6.1,operator,truck_operator,male,2021-10-14,sunday,12.77,morning,2.1,mobile_equipment,maintenance_repair,pit_collapse,abrasion,multiple,days_away,none
120,INC-FA59C313,formal_small,surface,south_africa,39,15.6,operator,laborer,male,2022-08-15,tuesday,10.18,morning,6.3,mobile_equipment,cleaning_clearing,struck_by_object,contusion,upper_extremity,days_away,full
121,INC-7C8E556F,artisanal,surface,south_africa,28,12.0,operator,laborer,male,2022-05-16,saturday,10.54,morning,6.6,mobile_equipment,maintenance_repair,falling,other,multiple,days_away,none
122,INC-E3074B2B,formal_large,surface,south_africa,44,22.9,contractor,laborer,male,2021-12-27,tuesday,14.9,evening,0.3,none,maintenance_repair,trapped_between,fracture,torso,temporary_disability,partial
123,INC-705CADAF,formal_small,surface,south_africa,37,19.0,operator,mechanic_repairman,male,2022-02-17,saturday,17.74,evening,7.5,mobile_equipment,operating_equipment,struck_by_object,burns,upper_extremity,first_aid,partial
124,INC-21517DD6,formal_large,surface,south_africa,43,9.5,operator,other,female,2020-01-30,friday,9.49,morning,5.9,haul_truck,cleaning_clearing,hit_by_moving,laceration,hand_finger,days_away,full
125,INC-5778DAF6,formal_small,surface,ghana,26,8.0,operator,laborer,male,2022-06-06,thursday,9.29,morning,5.9,mobile_equipment,other,trapped_between,burns,upper_extremity,fatality,partial
126,INC-FBE69A2B,formal_large,surface,south_africa,55,18.5,contractor,other,male,2021-07-27,monday,12.3,morning,6.2,mobile_equipment,cleaning_clearing,struck_by_object,contusion,head_face,fatality,full
127,INC-DE2E4B93,formal_large,surface,other,43,14.6,operator,mechanic_repairman,male,2024-01-01,tuesday,11.55,morning,4.0,mobile_equipment,other,hit_by_moving,laceration,hand_finger,first_aid,full
128,INC-E3E985D5,formal_large,underground,south_africa,32,11.0,operator,blaster,male,2023-02-24,thursday,1.63,night,5.3,components_parts,other,hit_by_moving,other,torso,permanent_disability,full
129,INC-7E535C27,formal_small,underground,ghana,19,1.0,contractor,laborer,male,2023-07-19,thursday,13.44,morning,5.1,components_parts,walking,struck_by_rock,laceration,hand_finger,fatality,full
130,INC-E468FB3F,formal_large,surface,other,52,10.3,operator,other,male,2021-04-30,tuesday,12.73,morning,8.8,mobile_equipment,other,fall_slip,laceration,torso,restricted_work,partial
131,INC-43613704,artisanal,surface,south_africa,41,10.1,operator,laborer,male,2020-03-18,friday,16.72,evening,4.4,mobile_equipment,other,pit_collapse,contusion,multiple,days_away,none
132,INC-13D359B9,formal_small,surface,zimbabwe,48,11.0,operator,welder,male,2021-12-03,friday,13.32,morning,1.5,haul_truck,other,other,laceration,foot_lower_leg,days_away,full
133,INC-7E8C1B9F,formal_large,surface,drc,45,20.3,contractor,mechanic_repairman,male,2022-06-22,tuesday,12.73,morning,0.0,haul_truck,other,hit_by_moving,fracture,hand_finger,permanent_disability,full
134,INC-2DA3A56B,formal_small,underground,ethiopia,51,33.0,operator,mechanic_repairman,male,2022-02-27,thursday,13.99,morning,7.4,none,drilling,other,fracture,torso,permanent_disability,none
135,INC-6C859F8D,formal_large,surface,south_africa,51,23.0,operator,truck_operator,male,2020-08-15,wednesday,11.45,morning,9.8,components_parts,maintenance_repair,struck_by_object,laceration,foot_lower_leg,temporary_disability,full
136,INC-72F1BA2D,artisanal,surface,tanzania,35,9.6,operator,other,male,2021-01-04,wednesday,9.18,morning,4.2,mobile_equipment,maintenance_repair,other,contusion,hand_finger,days_away,none
137,INC-5C7AD028,formal_small,surface,tanzania,44,23.2,operator,truck_operator,male,2023-08-24,friday,12.5,morning,7.9,mobile_equipment,operating_equipment,other,multiple,foot_lower_leg,fatality,full
138,INC-AA34987A,artisanal,surface,ghana,32,16.0,operator,laborer,female,2024-07-07,wednesday,11.08,morning,2.4,hand_tools,other,pit_collapse,fracture,hand_finger,days_away,none
139,INC-2E04DBFF,formal_large,underground,south_africa,40,18.1,operator,blaster,male,2024-12-06,friday,11.5,morning,0.0,none,other,other,multiple,torso,days_away,full
140,INC-9292E1C2,formal_small,surface,south_africa,39,21.0,operator,laborer,male,2022-07-15,friday,12.36,morning,5.2,mobile_equipment,cleaning_clearing,other,laceration,foot_lower_leg,restricted_work,full
141,INC-E0D7E8F7,formal_small,surface,drc,46,28.0,operator,supervisor,male,2023-02-03,friday,14.84,evening,3.6,mobile_equipment,lifting_lowering,other,amputation,upper_extremity,days_away,full
142,INC-619D39A3,artisanal,surface,ghana,35,13.2,contractor,truck_operator,male,2023-01-12,wednesday,10.67,morning,2.4,components_parts,other,struck_by_object,abrasion,upper_extremity,first_aid,none
143,INC-712A1E75,formal_small,underground,south_africa,56,13.0,operator,driller,male,2021-11-24,saturday,20.23,evening,1.3,none,other,fall_from_height,laceration,hand_finger,days_away,full
144,INC-9556021A,formal_small,surface,zimbabwe,42,8.3,operator,other,male,2021-08-23,wednesday,12.8,morning,11.2,components_parts,maintenance_repair,trapped_between,amputation,foot_lower_leg,first_aid,partial
145,INC-DDBDB998,formal_large,underground,other,57,22.7,operator,driller,male,2020-05-12,wednesday,13.4,morning,1.3,none,other,fall_from_height,laceration,torso,days_away,none
146,INC-F8DD62DF,formal_large,underground,south_africa,46,15.4,operator,other,male,2020-03-07,tuesday,21.5,evening,0.4,none,other,other,laceration,upper_extremity,permanent_disability,none
147,INC-4061CEE4,formal_small,surface,south_africa,46,15.4,contractor,truck_operator,male,2021-08-30,friday,10.17,morning,6.8,hand_tools,other,struck_by_object,multiple,torso,temporary_disability,full
148,INC-34C2A993,formal_small,underground,ghana,65,4.9,contractor,other,male,2021-11-03,friday,11.61,morning,6.9,earth_moving,other,struck_by_rock,laceration,multiple,days_away,partial
149,INC-F51A2E81,formal_large,surface,tanzania,58,9.8,operator,other,male,2022-08-17,sunday,11.36,morning,5.6,mobile_equipment,directing_equipment,other,amputation,torso,days_away,full
150,INC-FE828045,artisanal,surface,zimbabwe,25,0.7,operator,welder,male,2024-11-07,monday,13.55,morning,5.6,mobile_equipment,directing_equipment,falling,contusion,multiple,days_away,none
151,INC-62E383CA,artisanal,surface,other,46,6.0,operator,truck_operator,male,2024-05-27,wednesday,10.98,morning,6.4,mobile_equipment,operating_equipment,pit_collapse,fracture,hand_finger,days_away,none
152,INC-88231A35,formal_large,surface,south_africa,58,16.1,contractor,truck_operator,male,2020-12-21,friday,17.9,evening,4.3,none,maintenance_repair,other,amputation,hand_finger,days_away,partial
153,INC-8D200CC2,formal_small,surface,ghana,35,16.0,operator,supervisor,male,2022-07-25,wednesday,11.15,morning,10.1,components_parts,directing_equipment,fall_slip,multiple,torso,days_away,partial
154,INC-6EF24E09,formal_large,surface,ghana,63,16.4,operator,laborer,male,2022-10-13,wednesday,12.5,morning,1.7,mobile_equipment,other,hit_by_moving,fracture,multiple,fatality,full
155,INC-42CBBB54,artisanal,surface,ghana,23,2.7,operator,mechanic_repairman,male,2024-12-02,thursday,13.95,morning,4.1,haul_truck,other,falling,abrasion,foot_lower_leg,first_aid,none
156,INC-C16C0674,formal_large,surface,zimbabwe,42,16.4,operator,mechanic_repairman,male,2022-01-09,tuesday,12.06,morning,6.9,light_vehicle,other,hit_by_moving,amputation,hand_finger,permanent_disability,full
157,INC-DD5983FE,artisanal,surface,drc,31,4.4,operator,laborer,male,2021-11-05,friday,11.55,morning,2.0,mobile_equipment,operating_equipment,pit_collapse,abrasion,torso,days_away,none
158,INC-1CE78E33,artisanal,surface,ghana,28,5.1,operator,truck_operator,male,2023-10-21,saturday,11.56,morning,6.1,mobile_equipment,other,falling,abrasion,hand_finger,temporary_disability,none
159,INC-7F08A44C,artisanal,surface,tanzania,28,4.2,operator,mechanic_repairman,male,2020-01-01,sunday,11.08,morning,8.0,mobile_equipment,directing_equipment,pit_collapse,contusion,foot_lower_leg,restricted_work,none
160,INC-664FB616,formal_large,underground,south_africa,40,22.0,operator,mechanic_repairman,male,2020-06-24,tuesday,23.16,night,0.6,earth_moving,other,fall_from_height,other,hand_finger,temporary_disability,partial
161,INC-500AFB19,artisanal,underground,ethiopia,27,11.0,operator,mechanic_repairman,male,2023-02-21,friday,23.85,night,5.2,components_parts,walking,other,fracture,upper_extremity,days_away,none
162,INC-16239CEB,formal_large,surface,ghana,22,4.0,operator,supervisor,male,2021-08-30,thursday,12.24,morning,5.5,mobile_equipment,maintenance_repair,vehicle_motion,laceration,hand_finger,fatality,none
163,INC-4C940A47,formal_large,surface,zimbabwe,46,22.7,operator,truck_operator,male,2021-02-04,wednesday,9.72,morning,6.5,components_parts,lifting_lowering,struck_by_object,fracture,upper_extremity,days_away,full
164,INC-6C919133,formal_small,surface,south_africa,32,14.0,operator,mechanic_repairman,male,2024-02-18,wednesday,10.32,morning,2.7,mobile_equipment,maintenance_repair,vehicle_motion,multiple,upper_extremity,days_away,partial
165,INC-744B932E,formal_small,underground,other,46,23.9,operator,driller,male,2021-03-21,monday,13.72,morning,6.7,none,other,other,contusion,upper_extremity,first_aid,full
166,INC-C37E7377,artisanal,surface,other,25,9.0,operator,welder,male,2020-02-18,tuesday,12.29,morning,5.5,mobile_equipment,other,falling,fracture,hand_finger,restricted_work,none
167,INC-B435D65A,artisanal,underground,drc,39,5.9,contractor,blaster,male,2020-02-01,monday,12.57,morning,4.5,none,other,other,other,upper_extremity,days_away,none
168,INC-2B28002F,formal_large,surface,other,31,13.0,contractor,excavator_operator,male,2024-07-17,friday,12.66,morning,1.3,mobile_equipment,other,other,laceration,hand_finger,permanent_disability,full
169,INC-60A7B6E7,artisanal,surface,south_africa,22,6.0,operator,laborer,male,2022-08-28,monday,11.36,morning,0.3,mobile_equipment,other,other,fracture,hand_finger,days_away,none
170,INC-9E69D2AF,formal_large,underground,zimbabwe,60,17.9,operator,blaster,male,2020-01-25,tuesday,12.47,morning,11.1,earth_moving,other,other,laceration,head_face,permanent_disability,full
171,INC-0402FA4C,formal_small,surface,ghana,48,13.2,contractor,mechanic_repairman,male,2021-03-27,wednesday,10.19,morning,1.0,mobile_equipment,operating_equipment,fall_slip,laceration,hand_finger,first_aid,full
172,INC-C3FB63BD,formal_large,underground,other,64,17.4,operator,blaster,male,2021-08-22,monday,10.97,morning,4.3,none,barring_scaling,other,laceration,torso,days_away,full
173,INC-22B25744,artisanal,surface,south_africa,37,10.8,operator,welder,female,2024-12-20,tuesday,12.87,morning,11.3,haul_truck,directing_equipment,falling,laceration,upper_extremity,first_aid,none
174,INC-FCDA9719,formal_large,surface,south_africa,33,15.0,operator,truck_operator,male,2022-09-11,tuesday,13.2,morning,0.1,mobile_equipment,other,struck_by_object,multiple,hand_finger,fatality,full
175,INC-837C1032,formal_large,surface,tanzania,57,30.2,operator,welder,male,2024-03-05,friday,15.61,evening,4.0,mobile_equipment,other,other,laceration,upper_extremity,first_aid,partial
176,INC-FC8975C2,formal_small,surface,south_africa,25,7.0,contractor,mechanic_repairman,male,2022-03-30,sunday,12.7,morning,5.5,components_parts,maintenance_repair,hit_by_moving,amputation,hand_finger,fatality,none
177,INC-10C398EF,artisanal,surface,tanzania,35,8.7,operator,truck_operator,male,2023-08-09,friday,12.87,morning,5.1,mobile_equipment,lifting_lowering,falling,laceration,foot_lower_leg,first_aid,none
178,INC-62AC1D98,artisanal,surface,ghana,28,7.2,contractor,laborer,male,2020-03-08,wednesday,14.28,evening,11.4,mobile_equipment,lifting_lowering,falling,laceration,multiple,days_away,none
179,INC-E012D0BC,artisanal,surface,tanzania,34,14.5,operator,mechanic_repairman,female,2021-10-08,thursday,15.33,evening,4.1,mobile_equipment,other,pit_collapse,abrasion,upper_extremity,restricted_work,none
180,INC-A8E6A6B2,artisanal,surface,other,29,7.8,operator,other,male,2022-04-20,friday,15.36,evening,3.6,haul_truck,other,falling,abrasion,upper_extremity,days_away,none
181,INC-963C28A8,artisanal,surface,ethiopia,23,7.0,operator,other,male,2020-05-10,saturday,11.92,morning,6.6,mobile_equipment,other,pit_collapse,laceration,torso,first_aid,none
182,INC-FAE849B5,formal_small,surface,south_africa,44,26.0,contractor,truck_operator,male,2021-04-30,friday,11.79,morning,1.8,haul_truck,maintenance_repair,struck_by_object,amputation,upper_extremity,permanent_disability,full
183,INC-B507C8F8,formal_large,surface,south_africa,36,18.0,contractor,laborer,female,2023-05-06,tuesday,11.48,morning,3.8,haul_truck,directing_equipment,struck_by_object,multiple,upper_extremity,restricted_work,full
184,INC-006726D0,artisanal,surface,south_africa,23,7.0,operator,laborer,male,2023-06-04,friday,11.66,morning,8.3,mobile_equipment,other,struck_by_object,abrasion,foot_lower_leg,days_away,none
185,INC-AC4112AB,artisanal,underground,south_africa,35,5.3,contractor,driller,male,2020-02-10,friday,9.83,morning,2.5,none,drilling,hit_by_moving,abrasion,foot_lower_leg,first_aid,none
186,INC-6215AC14,formal_small,surface,ethiopia,38,6.1,contractor,mechanic_repairman,male,2021-04-27,tuesday,12.13,morning,0.2,mobile_equipment,maintenance_repair,other,laceration,hand_finger,fatality,full
187,INC-27B93943,formal_large,surface,ghana,38,15.7,contractor,truck_operator,female,2022-03-17,wednesday,14.77,evening,0.7,mobile_equipment,other,fall_slip,laceration,foot_lower_leg,days_away,full
188,INC-6AD4FCB6,artisanal,underground,south_africa,35,5.1,operator,driller,female,2021-05-12,thursday,14.95,evening,8.8,earth_moving,other,falling_object,fracture,head_face,fatality,partial
189,INC-ED2DC8FB,formal_large,surface,south_africa,34,16.0,contractor,other,male,2020-04-06,sunday,12.21,morning,2.1,hand_tools,maintenance_repair,struck_by_object,multiple,hand_finger,fatality,full
190,INC-4280AC7B,artisanal,surface,other,32,6.9,operator,mechanic_repairman,male,2020-03-10,saturday,9.0,morning,5.4,mobile_equipment,other,other,abrasion,hand_finger,days_away,none
191,INC-F2E11670,formal_large,surface,south_africa,31,13.0,operator,excavator_operator,male,2022-10-19,wednesday,11.95,morning,6.2,haul_truck,other,trapped_between,laceration,head_face,restricted_work,full
192,INC-5DA1E6F0,formal_large,surface,ghana,38,20.0,operator,laborer,male,2021-10-31,friday,8.22,morning,7.5,haul_truck,other,hit_by_moving,fracture,hand_finger,days_away,full
193,INC-0AF87169,artisanal,surface,zimbabwe,28,12.0,operator,mechanic_repairman,male,2022-10-18,wednesday,12.26,morning,0.0,mobile_equipment,operating_equipment,falling,abrasion,foot_lower_leg,temporary_disability,none
194,INC-0AE75637,formal_large,underground,south_africa,44,22.3,contractor,other,male,2023-07-14,saturday,10.69,morning,5.5,rock_drill,drilling,hit_by_moving,contusion,upper_extremity,temporary_disability,full
195,INC-017D5EF1,formal_large,underground,other,54,24.0,operator,mechanic_repairman,male,2022-08-26,wednesday,1.74,night,2.4,rock_drill,other,other,laceration,torso,days_away,full
196,INC-5004B967,formal_small,surface,south_africa,45,11.4,operator,excavator_operator,male,2022-10-13,monday,17.43,evening,4.9,components_parts,other,hit_by_moving,laceration,multiple,days_away,full
197,INC-FE4B9F7B,artisanal,surface,tanzania,29,7.4,contractor,other,male,2023-07-28,saturday,12.62,morning,11.6,mobile_equipment,operating_equipment,struck_by_object,fracture,torso,permanent_disability,none
198,INC-37805A4E,formal_large,underground,ethiopia,54,26.9,operator,other,male,2020-11-29,thursday,23.86,night,5.1,none,other,falling_object,laceration,multiple,first_aid,none
199,INC-4B58E401,formal_large,surface,drc,28,10.0,operator,mechanic_repairman,male,2021-02-20,saturday,14.89,evening,4.2,mobile_equipment,maintenance_repair,other,multiple,multiple,first_aid,full
200,INC-154228E6,artisanal,surface,tanzania,28,1.5,operator,mechanic_repairman,male,2023-08-19,wednesday,12.65,morning,4.9,haul_truck,cleaning_clearing,pit_collapse,abrasion,torso,restricted_work,none
201,INC-8B15D2FD,artisanal,surface,drc,18,2.0,operator,truck_operator,male,2021-03-18,friday,16.12,evening,7.6,haul_truck,other,falling,fracture,hand_finger,first_aid,none
202,INC-D364CCB1,formal_small,surface,ghana,38,11.8,operator,supervisor,male,2024-05-14,monday,15.03,evening,9.1,haul_truck,maintenance_repair,other,amputation,hand_finger,days_away,full
203,INC-999CE506,formal_large,surface,zimbabwe,49,12.4,contractor,excavator_operator,male,2022-01-29,friday,11.7,morning,4.5,mobile_equipment,cleaning_clearing,other,amputation,foot_lower_leg,days_away,partial
204,INC-A97C5976,formal_large,surface,tanzania,46,17.3,operator,welder,male,2020-05-27,sunday,14.3,evening,5.3,hand_tools,directing_equipment,struck_by_object,laceration,foot_lower_leg,restricted_work,full
205,INC-349200B1,formal_large,surface,ethiopia,34,13.1,operator,supervisor,male,2023-07-07,friday,10.14,morning,3.5,none,other,struck_by_object,laceration,upper_extremity,days_away,full
206,INC-E0D6FCB7,formal_large,surface,zimbabwe,51,33.0,operator,other,male,2022-02-16,friday,11.7,morning,4.5,haul_truck,operating_equipment,struck_by_object,burns,multiple,days_away,full
207,INC-608EF95A,artisanal,underground,south_africa,31,5.5,contractor,laborer,male,2020-08-01,thursday,2.34,night,4.2,none,other,other,laceration,multiple,fatality,none
208,INC-6E0084D1,formal_large,surface,ghana,37,19.0,operator,mechanic_repairman,male,2021-01-23,wednesday,14.31,evening,5.5,light_vehicle,maintenance_repair,struck_by_object,laceration,foot_lower_leg,days_away,none
209,INC-96DD6C45,formal_small,surface,ghana,35,17.0,contractor,supervisor,male,2024-06-05,friday,13.07,morning,7.3,haul_truck,operating_equipment,other,multiple,foot_lower_leg,permanent_disability,full
210,INC-21959D98,artisanal,surface,south_africa,34,4.2,operator,truck_operator,male,2022-04-19,sunday,17.69,evening,1.3,mobile_equipment,directing_equipment,falling,abrasion,torso,restricted_work,none
211,INC-39CE187A,formal_small,surface,ghana,47,17.7,operator,mechanic_repairman,male,2021-04-05,tuesday,11.8,morning,10.8,haul_truck,directing_equipment,struck_by_object,burns,hand_finger,days_away,full
212,INC-335E8D06,formal_large,underground,south_africa,43,13.9,operator,other,male,2022-09-17,wednesday,3.52,night,4.2,none,drilling,other,laceration,upper_extremity,days_away,partial
213,INC-C18C1AD2,artisanal,underground,ethiopia,31,12.6,operator,driller,male,2020-08-21,saturday,13.04,morning,6.7,none,charging_up,other,abrasion,multiple,days_away,none
214,INC-04AAE824,artisanal,surface,tanzania,43,12.5,operator,truck_operator,male,2021-12-15,monday,15.22,evening,3.4,mobile_equipment,operating_equipment,other,abrasion,upper_extremity,days_away,none
215,INC-9A021EDF,artisanal,surface,ethiopia,23,7.0,operator,truck_operator,male,2022-12-29,wednesday,12.77,morning,4.2,mobile_equipment,lifting_lowering,struck_by_object,contusion,multiple,temporary_disability,none
216,INC-B87C69C0,formal_large,surface,tanzania,38,20.0,operator,other,male,2024-10-13,thursday,9.93,morning,6.9,none,cleaning_clearing,other,fracture,foot_lower_leg,temporary_disability,none
217,INC-E541E9B7,formal_large,surface,south_africa,37,19.0,operator,welder,male,2021-05-18,wednesday,12.0,morning,7.9,components_parts,maintenance_repair,hit_by_moving,fracture,torso,fatality,full
218,INC-E78C91CC,artisanal,surface,south_africa,26,6.5,operator,laborer,male,2024-02-18,friday,10.84,morning,3.7,mobile_equipment,maintenance_repair,pit_collapse,laceration,hand_finger,first_aid,none
219,INC-7240507B,formal_small,surface,tanzania,32,14.0,operator,mechanic_repairman,male,2022-01-16,wednesday,14.3,evening,10.1,components_parts,lifting_lowering,other,fracture,upper_extremity,days_away,full
220,INC-0977EA5B,formal_large,surface,drc,39,21.0,operator,mechanic_repairman,male,2024-06-16,sunday,12.92,morning,1.0,components_parts,other,other,laceration,multiple,fatality,full
221,INC-7DAEB845,formal_small,surface,tanzania,53,16.6,contractor,other,male,2020-04-21,wednesday,12.2,morning,1.9,mobile_equipment,cleaning_clearing,hit_by_moving,fracture,multiple,fatality,none
222,INC-1D5C1FF2,artisanal,surface,tanzania,31,5.7,contractor,other,female,2020-09-05,saturday,14.01,evening,11.7,mobile_equipment,lifting_lowering,struck_by_object,fracture,hand_finger,days_away,none
223,INC-B230FFB9,artisanal,surface,tanzania,32,2.7,operator,welder,male,2022-04-29,sunday,10.86,morning,5.1,components_parts,other,other,other,multiple,temporary_disability,none
224,INC-B3694AF6,formal_large,surface,tanzania,45,24.2,operator,mechanic_repairman,male,2023-12-10,thursday,10.39,morning,9.0,mobile_equipment,lifting_lowering,hit_by_moving,contusion,foot_lower_leg,first_aid,full
225,INC-02E088B6,artisanal,surface,tanzania,18,0.7,contractor,mechanic_repairman,male,2021-07-08,tuesday,14.38,evening,11.2,mobile_equipment,maintenance_repair,falling,contusion,torso,days_away,none
226,INC-14FB5EA0,formal_large,surface,tanzania,52,10.4,contractor,other,female,2020-08-06,saturday,10.53,morning,1.3,hand_tools,cleaning_clearing,trapped_between,contusion,multiple,days_away,full
227,INC-EC67689D,formal_small,surface,south_africa,47,12.3,operator,mechanic_repairman,female,2020-11-06,thursday,10.58,morning,9.6,haul_truck,maintenance_repair,struck_by_object,multiple,upper_extremity,temporary_disability,full
228,INC-CFB3FFDC,artisanal,surface,south_africa,35,6.0,operator,truck_operator,female,2021-06-12,friday,12.07,morning,1.1,mobile_equipment,other,falling,contusion,foot_lower_leg,days_away,none
229,INC-B8A83906,formal_large,surface,ghana,37,19.0,operator,laborer,male,2021-12-06,monday,10.88,morning,9.0,mobile_equipment,other,struck_by_object,fracture,hand_finger,restricted_work,partial
230,INC-75BA2894,formal_large,underground,zimbabwe,27,9.0,operator,driller,female,2022-11-15,thursday,20.8,evening,5.8,none,charging_up,falling_object,other,foot_lower_leg,permanent_disability,full
231,INC-0ADC0D58,formal_small,underground,drc,34,16.0,operator,mechanic_repairman,male,2023-11-07,thursday,12.4,morning,10.0,none,drilling,fall_from_height,multiple,torso,days_away,full
232,INC-04BBF90D,artisanal,surface,ghana,32,6.1,operator,other,male,2020-08-22,wednesday,11.31,morning,6.2,components_parts,operating_equipment,struck_by_object,abrasion,multiple,restricted_work,none
233,INC-12BCEE13,formal_small,surface,ghana,36,18.0,operator,mechanic_repairman,male,2023-10-26,friday,11.59,morning,4.9,haul_truck,lifting_lowering,other,fracture,head_face,days_away,partial
234,INC-B307B6F5,artisanal,underground,drc,18,2.0,operator,mechanic_repairman,male,2024-12-07,thursday,19.73,evening,10.2,rock_drill,drilling,struck_by_rock,contusion,multiple,fatality,none
235,INC-BA89740F,artisanal,surface,south_africa,29,13.0,operator,supervisor,female,2021-10-20,friday,12.24,morning,0.0,mobile_equipment,maintenance_repair,falling,abrasion,foot_lower_leg,restricted_work,none
236,INC-F011BEC0,formal_small,surface,drc,35,13.5,operator,truck_operator,male,2021-01-10,sunday,11.07,morning,0.9,light_vehicle,operating_equipment,trapped_between,burns,foot_lower_leg,days_away,partial
237,INC-7F81E59B,artisanal,surface,south_africa,25,5.3,operator,laborer,female,2024-11-13,friday,14.05,evening,8.4,mobile_equipment,maintenance_repair,falling,fracture,hand_finger,temporary_disability,none
238,INC-136B1D65,formal_large,surface,ghana,52,17.3,operator,mechanic_repairman,male,2024-07-21,wednesday,12.28,morning,8.8,haul_truck,maintenance_repair,trapped_between,fracture,hand_finger,days_away,partial
239,INC-A154B297,formal_large,surface,ghana,52,34.0,contractor,other,male,2020-08-17,friday,12.0,morning,4.2,haul_truck,other,fall_slip,laceration,torso,days_away,full
240,INC-7EA3EB2D,artisanal,surface,ghana,27,8.7,operator,laborer,male,2024-03-22,monday,10.98,morning,4.3,hand_tools,cleaning_clearing,struck_by_object,laceration,upper_extremity,days_away,none
241,INC-641C4690,artisanal,surface,south_africa,21,5.0,operator,other,male,2024-04-09,tuesday,13.95,morning,3.2,components_parts,other,pit_collapse,other,head_face,temporary_disability,none
242,INC-CDE4B8C6,formal_large,surface,south_africa,64,21.6,operator,welder,male,2021-07-08,wednesday,12.86,morning,5.5,haul_truck,other,hit_by_moving,burns,torso,restricted_work,full
243,INC-93CF0A44,formal_small,surface,ghana,35,17.0,operator,other,male,2024-11-22,monday,12.35,morning,11.6,components_parts,other,other,laceration,hand_finger,temporary_disability,full
244,INC-3B4010F6,artisanal,surface,ghana,33,10.9,contractor,excavator_operator,female,2020-12-13,monday,13.05,morning,3.6,mobile_equipment,maintenance_repair,pit_collapse,laceration,torso,days_away,none
245,INC-A08F3E5E,artisanal,surface,drc,43,4.8,contractor,welder,female,2022-11-12,monday,12.1,morning,1.2,components_parts,cleaning_clearing,falling,contusion,hand_finger,restricted_work,none
246,INC-A653D3D1,artisanal,surface,south_africa,32,6.4,operator,mechanic_repairman,male,2023-07-07,tuesday,15.1,evening,0.1,none,other,falling,abrasion,multiple,first_aid,none
247,INC-3ADBB1A0,formal_small,surface,ghana,58,17.3,operator,supervisor,male,2020-04-19,saturday,13.96,morning,3.0,mobile_equipment,other,struck_by_object,amputation,hand_finger,restricted_work,full
248,INC-794E743F,formal_small,surface,south_africa,58,18.4,operator,welder,male,2024-08-06,wednesday,14.57,evening,4.8,hand_tools,other,struck_by_object,fracture,head_face,fatality,full
249,INC-40196DBA,formal_small,underground,other,40,19.5,operator,driller,male,2024-08-08,thursday,12.73,morning,2.8,drill_rig,other,fall_from_height,multiple,upper_extremity,permanent_disability,none
250,INC-517E8C12,artisanal,surface,drc,18,2.0,operator,laborer,male,2021-11-19,sunday,12.42,morning,6.1,mobile_equipment,operating_equipment,other,abrasion,upper_extremity,restricted_work,none
251,INC-1E3409AC,artisanal,surface,other,32,4.8,operator,laborer,male,2022-03-08,saturday,12.0,morning,1.1,components_parts,cleaning_clearing,other,contusion,foot_lower_leg,days_away,none
252,INC-6455A779,formal_small,surface,other,47,7.3,operator,supervisor,female,2021-11-05,saturday,12.35,morning,10.7,mobile_equipment,operating_equipment,other,laceration,foot_lower_leg,fatality,partial
253,INC-F0408E75,formal_large,underground,ghana,54,17.9,operator,mechanic_repairman,male,2020-11-09,monday,22.83,night,4.3,none,drilling,other,other,hand_finger,days_away,full
254,INC-D0250C85,formal_large,underground,tanzania,42,17.6,contractor,driller,female,2024-06-02,wednesday,12.64,morning,6.7,none,other,hit_by_moving,contusion,head_face,fatality,full
255,INC-334F7496,artisanal,underground,ghana,29,13.0,operator,driller,male,2024-06-15,saturday,23.41,night,10.8,drill_rig,other,fall_from_height,contusion,hand_finger,days_away,none
256,INC-5E5E4668,artisanal,surface,other,23,7.0,contractor,excavator_operator,male,2022-11-13,tuesday,11.89,morning,3.3,light_vehicle,operating_equipment,struck_by_object,abrasion,head_face,days_away,none
257,INC-F814899F,formal_large,surface,ghana,41,23.0,contractor,laborer,male,2022-02-18,wednesday,11.03,morning,9.4,mobile_equipment,operating_equipment,other,multiple,hand_finger,temporary_disability,full
258,INC-ED385D6E,formal_large,surface,ghana,37,19.0,operator,excavator_operator,male,2023-05-22,thursday,12.5,morning,3.0,light_vehicle,other,struck_by_object,contusion,torso,days_away,partial
259,INC-F20FB3FA,formal_small,surface,other,20,2.0,contractor,laborer,male,2022-06-30,thursday,12.35,morning,4.6,haul_truck,other,fall_slip,burns,head_face,fatality,partial
260,INC-979C0596,formal_large,surface,drc,43,5.2,operator,welder,male,2023-10-07,monday,10.33,morning,0.4,mobile_equipment,directing_equipment,other,laceration,upper_extremity,temporary_disability,partial
261,INC-9B7FE549,artisanal,surface,other,33,9.8,operator,supervisor,male,2022-11-08,tuesday,13.14,morning,10.2,mobile_equipment,other,pit_collapse,abrasion,hand_finger,days_away,none
262,INC-FF208A1F,formal_large,surface,south_africa,36,18.0,operator,supervisor,male,2020-11-14,friday,11.43,morning,4.1,hand_tools,other,struck_by_object,multiple,hand_finger,temporary_disability,full
263,INC-D5A9DBFB,formal_large,underground,south_africa,32,11.2,operator,other,male,2024-07-13,friday,14.16,evening,1.9,drill_rig,charging_up,other,laceration,multiple,days_away,full
264,INC-6DE588C7,artisanal,surface,ghana,36,9.7,operator,excavator_operator,male,2022-02-18,friday,11.89,morning,5.0,mobile_equipment,cleaning_clearing,pit_collapse,other,foot_lower_leg,temporary_disability,none
265,INC-6AEDD228,formal_large,surface,ghana,47,22.1,operator,mechanic_repairman,female,2022-07-08,wednesday,11.43,morning,8.2,mobile_equipment,other,struck_by_object,burns,head_face,first_aid,partial
266,INC-E8D7F2EA,formal_large,surface,zimbabwe,29,11.0,operator,truck_operator,female,2023-04-24,wednesday,14.0,evening,0.7,haul_truck,operating_equipment,other,contusion,torso,days_away,full
267,INC-A1A94EE6,formal_large,underground,ghana,50,13.0,contractor,mechanic_repairman,male,2024-06-09,saturday,11.85,morning,0.7,none,other,hit_by_moving,laceration,multiple,days_away,full
268,INC-569264AA,formal_large,underground,drc,47,21.2,operator,supervisor,male,2022-02-04,friday,22.13,night,1.5,earth_moving,other,other,multiple,multiple,days_away,full
269,INC-61217EC5,formal_large,surface,south_africa,39,8.1,operator,other,female,2020-11-06,friday,11.31,morning,0.6,components_parts,cleaning_clearing,other,multiple,upper_extremity,first_aid,full
270,INC-C3B54B30,formal_large,underground,tanzania,42,22.8,operator,driller,male,2020-07-11,thursday,12.8,morning,8.6,none,other,other,laceration,hand_finger,fatality,full
271,INC-4AF37436,formal_large,underground,other,31,13.0,contractor,other,female,2023-01-31,saturday,21.47,evening,6.7,components_parts,charging_up,falling_object,laceration,multiple,days_away,partial
272,INC-2C88ACAC,formal_large,underground,ethiopia,50,25.3,operator,other,male,2022-02-04,thursday,20.56,evening,3.3,earth_moving,drilling,fall_from_height,multiple,upper_extremity,days_away,full
273,INC-1833CB5E,formal_small,underground,ghana,44,14.7,contractor,driller,male,2022-08-17,saturday,22.41,night,11.9,rock_drill,drilling,other,multiple,multiple,permanent_disability,full
274,INC-A4F1BED0,artisanal,surface,south_africa,26,10.0,operator,other,male,2024-03-28,friday,9.72,morning,8.8,mobile_equipment,maintenance_repair,pit_collapse,laceration,hand_finger,days_away,none
275,INC-E00A3BEC,formal_small,underground,south_africa,45,27.0,operator,blaster,male,2021-08-16,thursday,22.36,night,10.0,drill_rig,charging_up,struck_by_rock,fracture,upper_extremity,fatality,full
276,INC-BAFC9DFF,formal_large,surface,tanzania,47,26.7,operator,truck_operator,male,2023-03-27,friday,11.56,morning,1.8,mobile_equipment,other,other,laceration,multiple,fatality,partial
277,INC-77EE7EBF,formal_small,underground,zimbabwe,36,18.0,operator,laborer,male,2021-01-23,thursday,15.02,evening,4.5,rock_drill,walking,hit_by_moving,multiple,foot_lower_leg,days_away,partial
278,INC-E229DAE2,artisanal,surface,south_africa,19,3.0,operator,other,male,2023-06-23,saturday,7.29,morning,11.7,haul_truck,operating_equipment,falling,fracture,upper_extremity,temporary_disability,none
279,INC-D32671E6,artisanal,underground,other,18,2.0,contractor,driller,male,2020-05-07,thursday,21.92,evening,3.5,none,drilling,other,abrasion,head_face,fatality,none
280,INC-C3056A07,formal_large,underground,tanzania,28,10.0,operator,mechanic_repairman,male,2021-01-11,monday,6.0,morning,7.1,components_parts,walking,other,laceration,upper_extremity,fatality,full
281,INC-30C534D3,formal_large,surface,drc,52,23.9,operator,truck_operator,male,2021-04-22,friday,17.83,evening,10.6,components_parts,maintenance_repair,struck_by_object,fracture,foot_lower_leg,days_away,full
282,INC-C59D89D7,formal_large,underground,ghana,49,10.6,operator,driller,male,2020-12-09,tuesday,11.13,morning,2.2,none,drilling,other,multiple,torso,days_away,none
283,INC-94BDF4C4,formal_large,surface,other,37,11.6,operator,other,male,2023-05-27,wednesday,12.33,morning,6.5,haul_truck,other,fall_slip,multiple,upper_extremity,temporary_disability,partial
284,INC-D174A0AD,formal_small,surface,south_africa,46,23.9,operator,other,male,2021-12-24,wednesday,10.63,morning,8.7,none,other,struck_by_object,laceration,multiple,days_away,full
285,INC-75A68237,formal_small,surface,south_africa,54,6.6,contractor,welder,female,2021-05-23,monday,11.46,morning,5.2,mobile_equipment,other,fall_slip,amputation,hand_finger,permanent_disability,full
286,INC-A029BB31,formal_large,underground,other,53,17.8,contractor,driller,male,2021-05-04,saturday,19.84,evening,9.8,earth_moving,other,other,laceration,multiple,days_away,partial
287,INC-418D29C5,formal_small,surface,other,37,16.0,operator,other,male,2023-08-22,thursday,15.92,evening,4.4,mobile_equipment,operating_equipment,trapped_between,laceration,hand_finger,temporary_disability,full
288,INC-93216141,formal_small,surface,zimbabwe,28,10.0,operator,excavator_operator,female,2022-09-27,saturday,11.43,morning,9.9,haul_truck,other,fall_slip,laceration,hand_finger,days_away,full
289,INC-5C1A67E0,formal_large,surface,south_africa,30,9.4,operator,truck_operator,female,2024-05-17,friday,11.79,morning,7.6,mobile_equipment,operating_equipment,hit_by_moving,laceration,torso,first_aid,full
290,INC-4BCF59F8,artisanal,surface,ghana,26,10.0,operator,supervisor,male,2022-07-10,friday,14.11,evening,2.4,none,operating_equipment,struck_by_object,abrasion,head_face,days_away,none
291,INC-A150A372,formal_large,surface,drc,40,22.0,operator,mechanic_repairman,male,2023-06-21,tuesday,15.07,evening,4.9,mobile_equipment,operating_equipment,trapped_between,laceration,head_face,days_away,none
292,INC-1D6D41D1,artisanal,underground,drc,29,5.0,operator,mechanic_repairman,male,2024-08-05,thursday,11.56,morning,9.9,rock_drill,walking,fall_from_height,contusion,torso,days_away,none
293,INC-74CFDF92,formal_large,surface,ghana,56,17.2,operator,mechanic_repairman,male,2024-01-10,friday,11.44,morning,2.3,mobile_equipment,maintenance_repair,trapped_between,contusion,multiple,first_aid,full
294,INC-34717214,artisanal,underground,south_africa,27,11.0,contractor,supervisor,female,2023-10-13,monday,14.14,evening,0.7,none,other,other,laceration,multiple,permanent_disability,none
295,INC-81113880,artisanal,surface,tanzania,26,6.3,contractor,mechanic_repairman,female,2022-11-12,tuesday,13.57,morning,6.5,mobile_equipment,directing_equipment,other,contusion,upper_extremity,fatality,none
296,INC-1EA89661,artisanal,underground,tanzania,34,10.6,operator,mechanic_repairman,male,2024-05-09,sunday,11.23,morning,6.8,none,other,hit_by_moving,abrasion,upper_extremity,permanent_disability,none
297,INC-EA25C65E,artisanal,surface,ghana,34,5.9,contractor,laborer,male,2024-09-24,wednesday,10.9,morning,11.4,light_vehicle,other,pit_collapse,abrasion,hand_finger,fatality,none
298,INC-7391A619,artisanal,surface,ethiopia,32,16.0,contractor,laborer,female,2020-08-05,friday,14.65,evening,10.2,mobile_equipment,directing_equipment,pit_collapse,laceration,multiple,fatality,none
299,INC-91BF7C02,artisanal,surface,other,36,16.0,operator,other,female,2023-10-25,monday,14.05,evening,0.5,hand_tools,lifting_lowering,pit_collapse,laceration,upper_extremity,days_away,none
300,INC-17EFBD28,artisanal,surface,south_africa,26,10.0,contractor,other,male,2020-01-25,wednesday,17.97,evening,1.2,mobile_equipment,other,falling,other,foot_lower_leg,temporary_disability,none
301,INC-B9E3178E,formal_large,surface,ethiopia,36,18.0,contractor,other,male,2021-08-12,monday,12.45,morning,6.1,mobile_equipment,other,struck_by_object,burns,upper_extremity,fatality,full
302,INC-D7666796,formal_small,underground,ethiopia,37,9.9,operator,driller,male,2024-01-19,saturday,20.01,evening,2.7,earth_moving,other,hit_by_moving,other,head_face,first_aid,full
303,INC-CFD40992,formal_small,surface,zimbabwe,37,19.0,contractor,laborer,male,2023-08-13,tuesday,12.2,morning,3.5,haul_truck,operating_equipment,struck_by_object,laceration,hand_finger,fatality,partial
304,INC-BFB8E46E,artisanal,surface,other,23,7.0,operator,other,male,2023-01-27,wednesday,13.96,morning,0.6,mobile_equipment,lifting_lowering,pit_collapse,abrasion,multiple,first_aid,none
305,INC-D440D53D,formal_small,surface,ethiopia,37,19.0,operator,truck_operator,male,2023-05-11,friday,13.67,morning,0.3,components_parts,other,other,amputation,torso,days_away,none
306,INC-20C37338,formal_small,underground,zimbabwe,42,24.0,operator,blaster,male,2020-10-13,friday,12.29,morning,6.3,earth_moving,other,hit_by_moving,laceration,multiple,days_away,full
307,INC-047BE8A8,artisanal,surface,south_africa,27,4.0,operator,laborer,male,2023-10-04,wednesday,12.6,morning,3.4,mobile_equipment,operating_equipment,other,fracture,foot_lower_leg,first_aid,none
308,INC-0EA1F5C5,formal_large,surface,tanzania,30,12.0,operator,mechanic_repairman,male,2020-07-02,monday,13.67,morning,5.2,mobile_equipment,maintenance_repair,struck_by_object,multiple,hand_finger,first_aid,full
309,INC-1461B6D8,formal_large,surface,south_africa,53,31.4,operator,mechanic_repairman,male,2021-08-06,thursday,10.66,morning,6.3,components_parts,operating_equipment,trapped_between,multiple,multiple,days_away,partial
310,INC-2F65876C,formal_small,surface,south_africa,41,11.3,contractor,truck_operator,male,2020-06-03,tuesday,10.19,morning,1.4,none,other,struck_by_object,laceration,foot_lower_leg,days_away,partial
311,INC-95BF45E7,formal_small,surface,zimbabwe,65,36.3,contractor,mechanic_repairman,male,2022-07-19,friday,11.06,morning,7.3,mobile_equipment,maintenance_repair,hit_by_moving,amputation,multiple,fatality,partial
312,INC-DB4C84C6,formal_large,surface,ethiopia,31,8.4,operator,other,female,2024-04-20,saturday,12.91,morning,1.0,mobile_equipment,maintenance_repair,struck_by_object,multiple,torso,temporary_disability,full
313,INC-606668FF,formal_small,surface,other,58,40.0,operator,welder,male,2024-05-26,friday,11.24,morning,7.1,haul_truck,cleaning_clearing,hit_by_moving,laceration,hand_finger,days_away,full
314,INC-73F45161,formal_small,surface,tanzania,56,21.2,operator,other,male,2020-01-19,friday,14.77,evening,0.0,mobile_equipment,cleaning_clearing,other,multiple,hand_finger,fatality,partial
315,INC-BC33F9B6,formal_large,surface,drc,39,8.9,operator,welder,male,2024-11-16,friday,12.57,morning,11.1,mobile_equipment,other,fall_slip,laceration,foot_lower_leg,first_aid,full
316,INC-7910E271,formal_small,surface,ghana,39,16.3,operator,laborer,male,2021-01-11,wednesday,14.68,evening,9.5,mobile_equipment,lifting_lowering,struck_by_object,laceration,hand_finger,temporary_disability,full
317,INC-345D9215,artisanal,underground,zimbabwe,26,2.3,contractor,other,male,2021-10-19,wednesday,21.36,evening,4.9,none,walking,hit_by_moving,contusion,hand_finger,fatality,none
318,INC-CD6B45EC,formal_large,surface,other,34,16.0,operator,truck_operator,male,2021-05-28,friday,11.87,morning,10.8,mobile_equipment,other,struck_by_object,laceration,hand_finger,restricted_work,full
319,INC-405B72EC,artisanal,surface,ghana,18,2.0,operator,other,female,2022-06-07,thursday,10.59,morning,7.1,hand_tools,cleaning_clearing,struck_by_object,laceration,foot_lower_leg,days_away,none
320,INC-5F0FF211,artisanal,surface,drc,26,10.0,operator,mechanic_repairman,male,2020-01-15,thursday,7.02,morning,0.8,light_vehicle,directing_equipment,struck_by_object,fracture,upper_extremity,fatality,none
321,INC-79C28D9D,formal_small,surface,zimbabwe,34,16.0,operator,laborer,female,2021-08-27,friday,17.47,evening,0.2,none,directing_equipment,struck_by_object,fracture,upper_extremity,days_away,full
322,INC-92AB2193,formal_large,underground,south_africa,42,17.8,operator,blaster,male,2021-07-09,wednesday,14.36,evening,6.7,none,other,other,other,hand_finger,days_away,none
323,INC-DBBE91EC,formal_small,surface,ethiopia,43,25.0,operator,other,male,2023-08-03,friday,13.28,morning,5.7,mobile_equipment,maintenance_repair,other,contusion,multiple,fatality,full
324,INC-B317CA8F,artisanal,surface,south_africa,38,5.9,operator,supervisor,female,2024-04-17,thursday,11.2,morning,9.7,mobile_equipment,maintenance_repair,other,contusion,torso,days_away,none
325,INC-BE439E4A,artisanal,surface,south_africa,36,14.2,contractor,other,male,2020-03-11,sunday,7.99,morning,11.1,mobile_equipment,operating_equipment,struck_by_object,abrasion,torso,days_away,none
326,INC-52F0AF83,artisanal,surface,south_africa,34,6.8,operator,truck_operator,male,2022-01-18,friday,15.61,evening,5.9,components_parts,maintenance_repair,other,contusion,upper_extremity,temporary_disability,none
327,INC-6B303224,formal_small,underground,south_africa,27,9.0,operator,blaster,male,2024-10-07,friday,11.84,morning,6.1,none,other,other,other,head_face,temporary_disability,partial
328,INC-8B6216D7,artisanal,surface,ghana,31,7.1,operator,welder,male,2024-08-19,thursday,11.85,morning,2.8,mobile_equipment,other,struck_by_object,other,multiple,days_away,none
329,INC-B6470DFF,formal_large,surface,other,64,35.2,operator,mechanic_repairman,male,2022-09-30,thursday,11.75,morning,0.3,mobile_equipment,other,hit_by_moving,burns,upper_extremity,first_aid,none
330,INC-0238834D,artisanal,underground,ghana,40,5.9,operator,blaster,female,2023-10-03,monday,2.33,night,3.0,earth_moving,other,other,laceration,multiple,days_away,none
331,INC-CEE674A5,formal_large,underground,drc,40,14.4,contractor,other,male,2021-05-09,wednesday,11.22,morning,7.1,none,other,hit_by_moving,contusion,multiple,fatality,full
332,INC-75B7AA2C,artisanal,surface,ethiopia,23,5.6,contractor,truck_operator,female,2024-01-07,friday,10.7,morning,2.7,components_parts,operating_equipment,pit_collapse,abrasion,multiple,first_aid,none
333,INC-E1DF0121,artisanal,surface,south_africa,24,8.0,operator,mechanic_repairman,male,2020-03-09,sunday,10.61,morning,10.9,haul_truck,maintenance_repair,pit_collapse,other,foot_lower_leg,days_away,none
334,INC-E45A8F77,formal_large,surface,south_africa,43,6.9,operator,supervisor,male,2022-07-26,friday,12.84,morning,9.4,mobile_equipment,maintenance_repair,other,burns,hand_finger,fatality,partial
335,INC-935DCF24,artisanal,underground,other,38,5.7,operator,laborer,male,2022-10-20,tuesday,12.42,morning,0.1,components_parts,drilling,struck_by_rock,abrasion,multiple,temporary_disability,none
336,INC-F55FFB32,formal_large,surface,ethiopia,37,19.0,operator,other,male,2020-11-10,wednesday,11.5,morning,6.4,mobile_equipment,lifting_lowering,fall_slip,laceration,foot_lower_leg,days_away,full
337,INC-21D0ECF0,artisanal,surface,other,30,5.6,contractor,laborer,female,2022-12-06,thursday,11.6,morning,7.4,hand_tools,cleaning_clearing,other,abrasion,torso,restricted_work,none
338,INC-19F2077A,formal_large,underground,ghana,40,20.5,operator,driller,male,2024-09-10,friday,13.08,morning,7.3,none,other,other,multiple,head_face,first_aid,none
339,INC-685EBFFD,artisanal,surface,tanzania,26,7.9,operator,supervisor,male,2023-06-23,wednesday,13.73,morning,7.7,none,other,falling,laceration,hand_finger,permanent_disability,none
340,INC-D881F837,formal_large,surface,drc,39,14.1,operator,welder,male,2020-09-19,friday,12.36,morning,7.5,mobile_equipment,other,other,laceration,multiple,days_away,partial
341,INC-0B70BCDB,artisanal,surface,other,34,6.4,operator,mechanic_repairman,male,2022-08-17,sunday,9.81,morning,4.1,mobile_equipment,other,falling,fracture,hand_finger,restricted_work,none
342,INC-5A5DE0DA,artisanal,underground,south_africa,27,4.3,operator,driller,male,2023-07-12,wednesday,12.68,morning,4.0,rock_drill,charging_up,struck_by_rock,other,upper_extremity,days_away,none
343,INC-36C885F9,formal_small,surface,other,42,22.8,operator,laborer,male,2022-07-30,saturday,13.9,morning,3.9,haul_truck,other,struck_by_object,fracture,multiple,days_away,full
344,INC-A6AC9232,artisanal,surface,ghana,24,8.0,contractor,truck_operator,male,2020-10-07,thursday,13.15,morning,9.4,mobile_equipment,other,pit_collapse,fracture,foot_lower_leg,first_aid,none
345,INC-1BAE5A77,artisanal,surface,drc,24,8.0,operator,welder,male,2021-07-09,wednesday,10.99,morning,11.3,none,other,pit_collapse,contusion,multiple,restricted_work,none
346,INC-57D6F952,artisanal,underground,zimbabwe,33,5.4,contractor,mechanic_repairman,female,2022-04-16,saturday,23.06,night,5.5,earth_moving,drilling,hit_by_moving,abrasion,hand_finger,days_away,none
347,INC-10B9D2DE,formal_large,underground,ethiopia,42,7.6,operator,laborer,male,2020-12-20,friday,10.58,morning,3.8,components_parts,barring_scaling,fall_from_height,other,foot_lower_leg,days_away,full
348,INC-BFAF6106,formal_small,surface,ghana,50,23.1,operator,other,male,2022-02-13,thursday,10.55,morning,5.5,light_vehicle,operating_equipment,other,amputation,head_face,days_away,full
349,INC-785ED4F7,formal_large,surface,drc,45,10.3,operator,truck_operator,male,2021-04-03,wednesday,14.91,evening,6.7,mobile_equipment,directing_equipment,other,multiple,hand_finger,fatality,full
350,INC-9BE61B66,artisanal,underground,ghana,32,4.3,operator,driller,male,2020-09-12,sunday,22.86,night,6.3,earth_moving,barring_scaling,hit_by_moving,fracture,multiple,days_away,none
351,INC-4325BF48,formal_large,underground,zimbabwe,49,8.9,contractor,blaster,male,2021-11-15,wednesday,12.88,morning,1.0,drill_rig,other,falling_object,other,multiple,permanent_disability,none
352,INC-8DAE602D,formal_small,surface,ethiopia,42,20.2,contractor,truck_operator,male,2020-02-01,sunday,17.43,evening,10.4,mobile_equipment,lifting_lowering,struck_by_object,laceration,multiple,temporary_disability,partial
353,INC-9D64DD94,formal_small,surface,tanzania,45,8.5,operator,mechanic_repairman,male,2023-11-13,tuesday,13.3,morning,10.5,hand_tools,directing_equipment,other,laceration,hand_finger,restricted_work,none
354,INC-57FAD99C,formal_small,underground,zimbabwe,40,5.6,operator,laborer,male,2020-03-14,thursday,20.9,evening,11.8,rock_drill,barring_scaling,fall_from_height,laceration,upper_extremity,days_away,full
355,INC-14D2EFF8,formal_small,underground,tanzania,52,24.7,operator,supervisor,male,2020-08-03,thursday,10.6,morning,8.9,earth_moving,drilling,other,laceration,head_face,fatality,partial
356,INC-02D9400D,artisanal,surface,zimbabwe,41,15.8,operator,laborer,male,2021-07-05,saturday,10.81,morning,2.7,mobile_equipment,cleaning_clearing,falling,abrasion,torso,restricted_work,none
357,INC-5A92BE49,artisanal,surface,tanzania,28,3.0,operator,mechanic_repairman,male,2023-03-21,thursday,14.1,evening,1.8,light_vehicle,operating_equipment,struck_by_object,other,foot_lower_leg,days_away,none
358,INC-E5C39DB3,formal_small,surface,tanzania,46,10.9,operator,laborer,male,2022-03-22,friday,13.54,morning,8.0,hand_tools,other,hit_by_moving,laceration,hand_finger,first_aid,full
359,INC-8EE8DE8E,formal_small,underground,tanzania,41,23.0,operator,laborer,male,2020-03-10,sunday,13.9,morning,6.5,none,other,other,fracture,head_face,temporary_disability,full
360,INC-4C7A8D9F,artisanal,surface,drc,28,11.5,contractor,truck_operator,female,2021-09-04,sunday,13.46,morning,10.1,mobile_equipment,maintenance_repair,other,laceration,multiple,days_away,none
361,INC-7DC95365,formal_large,surface,zimbabwe,41,16.9,operator,supervisor,male,2020-03-19,friday,14.65,evening,1.3,components_parts,operating_equipment,struck_by_object,laceration,multiple,days_away,full
362,INC-991BF5B4,formal_large,surface,south_africa,41,20.2,operator,other,male,2022-02-17,friday,11.62,morning,1.7,mobile_equipment,other,vehicle_motion,multiple,upper_extremity,days_away,partial
363,INC-869CEE52,formal_large,underground,tanzania,43,25.0,contractor,supervisor,male,2021-05-14,wednesday,18.76,evening,6.3,drill_rig,walking,fall_from_height,laceration,multiple,fatality,none
364,INC-52383289,artisanal,underground,south_africa,40,1.4,operator,mechanic_repairman,male,2024-06-25,wednesday,12.13,morning,7.4,rock_drill,other,hit_by_moving,contusion,multiple,temporary_disability,none
365,INC-4327426C,formal_small,underground,south_africa,42,24.0,operator,laborer,male,2021-10-14,thursday,13.53,morning,7.2,drill_rig,barring_scaling,fall_from_height,multiple,head_face,days_away,full
366,INC-360CF8C8,artisanal,surface,drc,37,8.5,operator,truck_operator,male,2022-12-12,monday,9.72,morning,4.6,haul_truck,other,falling,laceration,torso,temporary_disability,none
367,INC-9F887C27,artisanal,underground,ghana,31,8.7,operator,other,male,2020-12-12,thursday,3.33,night,8.8,earth_moving,barring_scaling,other,fracture,torso,days_away,none
368,INC-B560BB79,formal_large,underground,zimbabwe,37,19.0,operator,laborer,male,2022-05-27,tuesday,0.0,night,5.9,drill_rig,other,hit_by_moving,multiple,foot_lower_leg,days_away,full
369,INC-FA8FD4BA,artisanal,surface,other,19,2.5,operator,supervisor,male,2024-06-06,monday,10.37,morning,2.8,mobile_equipment,other,falling,fracture,torso,first_aid,none
370,INC-584F03A7,artisanal,surface,south_africa,25,2.7,operator,mechanic_repairman,male,2020-02-15,friday,11.4,morning,8.0,mobile_equipment,other,other,abrasion,upper_extremity,fatality,none
371,INC-93FAE064,formal_large,underground,south_africa,50,25.8,operator,supervisor,male,2021-07-10,thursday,13.17,morning,6.8,drill_rig,other,other,laceration,upper_extremity,temporary_disability,partial
372,INC-C9A2AA65,formal_small,surface,south_africa,50,13.4,operator,mechanic_repairman,male,2021-10-14,wednesday,10.86,morning,4.1,mobile_equipment,maintenance_repair,struck_by_object,laceration,multiple,permanent_disability,full
373,INC-11E5BA10,formal_large,surface,south_africa,59,23.4,operator,welder,male,2022-05-05,friday,13.61,morning,4.2,mobile_equipment,lifting_lowering,fall_slip,laceration,hand_finger,days_away,partial
374,INC-BC58B42C,formal_large,surface,tanzania,37,11.7,contractor,truck_operator,male,2022-01-24,wednesday,13.06,morning,6.9,none,maintenance_repair,fall_slip,multiple,hand_finger,restricted_work,full
375,INC-5BCB5545,formal_large,surface,drc,49,23.5,operator,other,male,2024-12-20,tuesday,8.77,morning,0.4,mobile_equipment,lifting_lowering,hit_by_moving,laceration,head_face,fatality,full
376,INC-A699001F,artisanal,surface,ethiopia,23,7.0,operator,supervisor,male,2020-09-16,friday,16.73,evening,7.1,mobile_equipment,other,struck_by_object,abrasion,hand_finger,temporary_disability,none
377,INC-7EAD05FD,formal_small,underground,ghana,24,6.0,operator,laborer,male,2021-04-08,wednesday,2.6,night,7.3,none,other,other,laceration,multiple,restricted_work,full
378,INC-5A442523,formal_small,surface,zimbabwe,50,18.2,operator,other,male,2022-05-10,saturday,13.0,morning,9.0,mobile_equipment,other,hit_by_moving,laceration,hand_finger,fatality,full
379,INC-BDEF31B9,artisanal,underground,south_africa,31,2.7,operator,other,male,2023-02-03,thursday,23.5,night,10.4,drill_rig,other,hit_by_moving,abrasion,upper_extremity,permanent_disability,none
380,INC-FC623AEB,formal_small,surface,tanzania,29,11.0,operator,mechanic_repairman,male,2020-05-28,sunday,13.19,morning,1.8,components_parts,other,struck_by_object,amputation,multiple,restricted_work,full
381,INC-5CD9D375,artisanal,surface,ethiopia,27,11.0,operator,laborer,male,2023-09-25,tuesday,12.81,morning,3.7,light_vehicle,directing_equipment,pit_collapse,laceration,upper_extremity,temporary_disability,none
382,INC-E880D1B4,artisanal,underground,south_africa,42,5.5,operator,supervisor,male,2022-08-20,tuesday,2.48,night,5.2,earth_moving,other,other,abrasion,hand_finger,temporary_disability,none
383,INC-DDCE1C4E,formal_small,surface,drc,33,15.0,operator,laborer,male,2021-05-09,wednesday,11.36,morning,7.2,mobile_equipment,cleaning_clearing,other,contusion,torso,temporary_disability,none
384,INC-B350B32B,formal_small,surface,drc,46,14.0,operator,mechanic_repairman,male,2021-11-25,wednesday,13.26,morning,2.4,components_parts,operating_equipment,struck_by_object,contusion,torso,temporary_disability,partial
385,INC-8F7BB177,artisanal,underground,ghana,19,3.0,operator,supervisor,male,2020-04-14,thursday,4.03,night,8.0,components_parts,other,struck_by_rock,other,torso,days_away,none
386,INC-CA6670EB,artisanal,surface,ethiopia,22,6.0,operator,supervisor,male,2023-04-28,sunday,13.56,morning,3.7,mobile_equipment,lifting_lowering,other,abrasion,upper_extremity,fatality,none
387,INC-69E750D5,artisanal,surface,ethiopia,32,7.3,operator,other,male,2023-12-16,friday,9.53,morning,0.1,mobile_equipment,maintenance_repair,pit_collapse,laceration,torso,fatality,none
388,INC-13AA0979,formal_large,surface,south_africa,37,7.6,operator,other,male,2024-12-28,sunday,13.79,morning,6.3,mobile_equipment,cleaning_clearing,trapped_between,laceration,multiple,first_aid,partial
389,INC-F75A5199,artisanal,underground,south_africa,34,9.1,operator,driller,male,2021-06-11,tuesday,12.39,morning,2.3,none,drilling,hit_by_moving,abrasion,foot_lower_leg,temporary_disability,none
390,INC-6F5C292A,artisanal,surface,tanzania,18,2.0,operator,other,female,2021-05-11,saturday,10.73,morning,2.8,mobile_equipment,maintenance_repair,struck_by_object,laceration,upper_extremity,permanent_disability,none
391,INC-0AA000F1,formal_large,surface,other,35,17.0,operator,mechanic_repairman,male,2021-08-09,wednesday,7.29,morning,6.4,mobile_equipment,maintenance_repair,trapped_between,amputation,foot_lower_leg,temporary_disability,full
392,INC-3C5C139B,formal_small,underground,ethiopia,38,8.2,operator,laborer,female,2020-08-28,monday,1.72,night,1.4,components_parts,other,other,laceration,multiple,days_away,none
393,INC-84B59045,artisanal,surface,ethiopia,18,2.0,operator,other,male,2022-01-27,thursday,7.88,morning,5.0,light_vehicle,other,other,other,torso,days_away,none
394,INC-A65E9731,formal_large,surface,ethiopia,49,31.0,operator,other,male,2020-08-16,thursday,10.49,morning,4.9,mobile_equipment,operating_equipment,other,multiple,hand_finger,restricted_work,full
395,INC-372FB235,formal_small,surface,ghana,34,16.0,operator,laborer,male,2020-03-12,thursday,10.29,morning,8.5,mobile_equipment,lifting_lowering,fall_slip,laceration,upper_extremity,first_aid,full
396,INC-8B804CE5,artisanal,surface,south_africa,28,5.9,operator,mechanic_repairman,male,2021-09-12,sunday,12.51,morning,4.0,hand_tools,other,pit_collapse,fracture,upper_extremity,days_away,none
397,INC-42F3C573,formal_large,surface,ghana,42,24.0,contractor,truck_operator,male,2024-04-03,tuesday,11.79,morning,4.9,mobile_equipment,lifting_lowering,other,fracture,upper_extremity,days_away,full
398,INC-0191848B,formal_small,surface,other,39,9.2,operator,mechanic_repairman,male,2024-11-08,friday,13.08,morning,0.5,hand_tools,other,fall_slip,laceration,foot_lower_leg,fatality,full
399,INC-3D26EB56,formal_small,surface,drc,50,24.9,operator,mechanic_repairman,male,2024-04-25,tuesday,12.61,morning,8.6,mobile_equipment,other,hit_by_moving,fracture,hand_finger,fatality,partial
400,INC-8CB2303F,formal_large,surface,other,51,33.0,operator,other,male,2024-10-15,friday,13.13,morning,0.4,mobile_equipment,operating_equipment,other,laceration,foot_lower_leg,permanent_disability,none
401,INC-D8FB0AAC,artisanal,surface,south_africa,40,19.6,operator,other,male,2024-05-10,tuesday,16.54,evening,2.2,components_parts,cleaning_clearing,falling,fracture,torso,permanent_disability,none
402,INC-5DAB38F4,artisanal,surface,zimbabwe,44,14.0,contractor,other,male,2023-04-09,thursday,12.31,morning,0.8,mobile_equipment,operating_equipment,falling,fracture,foot_lower_leg,first_aid,none
403,INC-D274DA98,formal_large,surface,ethiopia,25,7.0,contractor,truck_operator,male,2020-11-29,friday,12.61,morning,0.2,mobile_equipment,other,trapped_between,laceration,upper_extremity,days_away,full
404,INC-BB8210FA,artisanal,surface,south_africa,27,6.6,operator,laborer,female,2024-01-21,thursday,12.73,morning,4.6,mobile_equipment,maintenance_repair,falling,fracture,hand_finger,days_away,none
405,INC-AE6CC185,artisanal,underground,south_africa,29,9.1,operator,blaster,male,2024-11-17,thursday,11.96,morning,9.0,none,other,other,abrasion,hand_finger,restricted_work,none
406,INC-E61B50F2,formal_large,surface,drc,52,28.8,operator,welder,male,2022-06-25,sunday,11.34,morning,6.7,light_vehicle,other,struck_by_object,laceration,multiple,days_away,full
407,INC-9FEE8BAC,artisanal,surface,tanzania,24,4.8,operator,welder,male,2023-04-22,friday,12.74,morning,3.3,mobile_equipment,other,pit_collapse,abrasion,multiple,restricted_work,none
408,INC-5AED8657,formal_large,surface,ethiopia,37,19.0,operator,welder,male,2021-12-01,tuesday,13.97,morning,10.0,light_vehicle,other,fall_slip,laceration,multiple,restricted_work,full
409,INC-8D102D0F,artisanal,underground,ghana,35,6.2,operator,driller,male,2022-12-18,monday,9.36,morning,4.2,components_parts,other,other,laceration,head_face,days_away,none
410,INC-B691E9FA,artisanal,surface,zimbabwe,41,11.4,operator,other,male,2020-02-08,wednesday,7.52,morning,7.9,mobile_equipment,other,other,contusion,torso,days_away,none
411,INC-EF2CC47E,artisanal,underground,south_africa,39,6.3,operator,mechanic_repairman,male,2023-08-11,thursday,12.31,morning,7.7,none,other,struck_by_rock,abrasion,multiple,days_away,none
412,INC-5DC374AF,formal_large,surface,south_africa,45,15.7,operator,supervisor,male,2022-08-08,wednesday,12.92,morning,5.3,none,lifting_lowering,struck_by_object,fracture,upper_extremity,fatality,none
413,INC-F0914CD2,artisanal,surface,zimbabwe,30,12.6,operator,other,male,2023-10-12,wednesday,14.4,evening,3.2,hand_tools,directing_equipment,pit_collapse,laceration,foot_lower_leg,temporary_disability,none
414,INC-E76C5F71,formal_large,underground,ghana,34,12.0,contractor,other,male,2021-11-15,thursday,13.97,morning,11.8,components_parts,charging_up,falling_object,laceration,upper_extremity,permanent_disability,full
415,INC-28DA6661,formal_large,surface,other,46,13.0,operator,mechanic_repairman,female,2022-01-29,tuesday,13.37,morning,3.0,mobile_equipment,maintenance_repair,hit_by_moving,amputation,torso,temporary_disability,full
416,INC-6424AB03,formal_large,surface,zimbabwe,65,40.0,contractor,welder,male,2020-09-23,tuesday,14.86,evening,7.6,mobile_equipment,maintenance_repair,struck_by_object,laceration,multiple,fatality,full
417,INC-36909374,artisanal,underground,south_africa,24,2.7,operator,driller,male,2022-12-02,thursday,10.28,morning,2.2,rock_drill,other,other,abrasion,upper_extremity,fatality,none
418,INC-4515FE2D,formal_large,surface,south_africa,44,21.7,operator,laborer,male,2024-08-07,saturday,12.26,morning,5.9,light_vehicle,other,struck_by_object,contusion,multiple,temporary_disability,none
419,INC-71D37112,artisanal,surface,tanzania,30,11.3,operator,laborer,male,2022-12-04,sunday,13.19,morning,7.4,mobile_equipment,lifting_lowering,pit_collapse,fracture,multiple,first_aid,none
420,INC-A8627A83,artisanal,surface,south_africa,40,3.7,operator,other,female,2024-06-24,tuesday,12.79,morning,6.8,haul_truck,other,pit_collapse,abrasion,hand_finger,temporary_disability,none
421,INC-DC93711C,formal_large,surface,south_africa,38,20.0,contractor,mechanic_repairman,male,2020-01-15,friday,13.42,morning,2.1,mobile_equipment,operating_equipment,struck_by_object,contusion,hand_finger,days_away,full
422,INC-CE05EDA4,formal_large,underground,ghana,40,14.4,contractor,blaster,male,2023-09-08,monday,12.15,morning,4.4,none,barring_scaling,fall_from_height,laceration,multiple,fatality,partial
423,INC-E19A0529,formal_large,surface,ghana,29,11.0,operator,mechanic_repairman,female,2020-01-18,tuesday,10.55,morning,6.9,mobile_equipment,operating_equipment,fall_slip,multiple,hand_finger,fatality,partial
424,INC-E4AFF2AF,artisanal,underground,ethiopia,27,7.1,operator,other,male,2022-02-24,tuesday,0.67,night,2.2,earth_moving,other,other,laceration,torso,days_away,none
425,INC-56D6EB96,artisanal,surface,zimbabwe,18,2.0,operator,other,male,2022-05-09,thursday,10.83,morning,3.1,mobile_equipment,lifting_lowering,pit_collapse,laceration,multiple,temporary_disability,none
426,INC-53EF7AA6,formal_large,underground,south_africa,56,11.5,contractor,other,male,2022-05-05,thursday,23.36,night,6.6,drill_rig,charging_up,other,laceration,hand_finger,temporary_disability,full
427,INC-D28FF307,artisanal,underground,drc,28,11.3,operator,supervisor,male,2022-10-16,monday,14.42,evening,7.2,earth_moving,walking,hit_by_moving,laceration,upper_extremity,days_away,none
428,INC-C789F212,formal_large,underground,ghana,45,17.1,operator,driller,male,2023-11-02,monday,21.69,evening,2.6,rock_drill,other,other,laceration,torso,fatality,full
429,INC-B97700DA,artisanal,surface,ethiopia,28,2.9,operator,welder,male,2023-07-15,tuesday,12.42,morning,7.1,light_vehicle,maintenance_repair,falling,fracture,foot_lower_leg,first_aid,none
430,INC-F3C6F1A8,artisanal,surface,south_africa,18,2.0,operator,excavator_operator,male,2020-04-04,wednesday,13.47,morning,6.9,mobile_equipment,other,pit_collapse,abrasion,torso,temporary_disability,none
431,INC-3DF0E776,artisanal,surface,ethiopia,32,7.9,operator,other,male,2023-10-06,thursday,13.58,morning,0.6,mobile_equipment,maintenance_repair,other,contusion,hand_finger,days_away,none
432,INC-F6D0ECED,artisanal,surface,ghana,34,6.7,contractor,supervisor,female,2021-12-27,friday,15.7,evening,1.4,mobile_equipment,directing_equipment,struck_by_object,fracture,multiple,restricted_work,none
433,INC-835DB4B2,artisanal,surface,zimbabwe,43,5.0,operator,laborer,male,2022-12-05,thursday,12.76,morning,2.7,mobile_equipment,maintenance_repair,struck_by_object,fracture,hand_finger,days_away,none
434,INC-699D89A8,formal_large,underground,ghana,33,15.0,operator,blaster,male,2024-08-04,friday,2.84,night,2.2,components_parts,other,fall_from_height,multiple,head_face,fatality,partial
435,INC-F46F45DA,formal_large,surface,other,33,15.0,operator,mechanic_repairman,male,2021-06-03,saturday,10.12,morning,10.7,mobile_equipment,cleaning_clearing,trapped_between,fracture,upper_extremity,restricted_work,full
436,INC-D80F7555,formal_large,underground,south_africa,43,12.6,operator,supervisor,male,2023-01-15,tuesday,10.6,morning,3.7,earth_moving,other,other,fracture,torso,fatality,full
437,INC-DE4E8558,formal_small,surface,other,51,26.4,operator,laborer,male,2023-02-04,monday,17.95,evening,1.1,mobile_equipment,directing_equipment,vehicle_motion,fracture,head_face,fatality,partial
438,INC-626B3A86,artisanal,underground,other,21,5.0,contractor,blaster,female,2022-07-08,thursday,11.35,morning,6.6,none,other,other,abrasion,upper_extremity,days_away,none
439,INC-F0086750,artisanal,surface,ghana,35,17.0,operator,welder,male,2021-04-19,friday,14.19,evening,7.4,mobile_equipment,lifting_lowering,pit_collapse,abrasion,upper_extremity,restricted_work,none
440,INC-8666E062,artisanal,surface,ghana,37,5.0,contractor,laborer,male,2023-09-27,monday,9.12,morning,10.6,components_parts,other,other,fracture,foot_lower_leg,days_away,none
441,INC-828E2BE6,formal_large,underground,ghana,32,14.0,operator,mechanic_repairman,female,2024-02-01,monday,0.16,night,7.1,earth_moving,other,fall_from_height,other,multiple,days_away,full
442,INC-2BD9C210,artisanal,underground,other,34,17.1,contractor,laborer,male,2024-09-21,wednesday,12.81,morning,9.5,rock_drill,barring_scaling,hit_by_moving,laceration,upper_extremity,fatality,none
443,INC-B5F53CE2,formal_large,underground,ethiopia,53,9.7,contractor,laborer,male,2022-02-11,saturday,12.41,morning,2.9,earth_moving,drilling,other,laceration,foot_lower_leg,fatality,full
444,INC-C0548737,formal_large,underground,zimbabwe,42,24.0,operator,other,female,2020-08-28,friday,11.64,morning,6.9,none,other,other,laceration,multiple,days_away,none
445,INC-5B5A33C7,artisanal,surface,south_africa,23,7.0,contractor,excavator_operator,male,2024-06-22,monday,11.65,morning,2.8,components_parts,other,pit_collapse,laceration,head_face,days_away,none
446,INC-0971AD0A,artisanal,underground,drc,23,6.6,operator,laborer,male,2023-01-18,tuesday,1.29,night,4.5,components_parts,other,fall_from_height,fracture,foot_lower_leg,days_away,none
447,INC-B672941B,artisanal,surface,south_africa,31,2.3,operator,mechanic_repairman,female,2020-08-21,wednesday,13.1,morning,3.0,mobile_equipment,lifting_lowering,other,contusion,hand_finger,days_away,none
448,INC-6997F787,formal_large,surface,south_africa,34,16.0,operator,truck_operator,female,2023-11-20,monday,17.57,evening,7.9,components_parts,other,fall_slip,amputation,hand_finger,restricted_work,partial
449,INC-71982B9F,artisanal,surface,ghana,31,14.4,operator,welder,female,2023-07-12,friday,12.38,morning,7.5,mobile_equipment,other,falling,fracture,multiple,temporary_disability,none
450,INC-775F2C70,formal_large,surface,zimbabwe,38,20.0,operator,welder,male,2024-02-29,thursday,11.27,morning,2.6,mobile_equipment,other,struck_by_object,amputation,upper_extremity,days_away,partial
451,INC-DD254095,artisanal,surface,other,26,10.0,contractor,mechanic_repairman,female,2022-02-22,friday,10.53,morning,3.6,haul_truck,maintenance_repair,struck_by_object,laceration,head_face,temporary_disability,none
452,INC-4446FEEA,artisanal,underground,drc,39,17.2,contractor,blaster,male,2022-05-14,tuesday,14.19,evening,6.1,earth_moving,walking,struck_by_rock,other,multiple,fatality,none
453,INC-D8BEB156,formal_large,surface,south_africa,59,19.9,operator,other,male,2020-08-20,monday,12.96,morning,7.6,mobile_equipment,other,other,burns,head_face,days_away,full
454,INC-F896CADE,formal_large,underground,ghana,29,6.8,contractor,driller,male,2022-02-22,thursday,2.58,night,6.2,drill_rig,other,falling_object,multiple,foot_lower_leg,fatality,full
455,INC-96BCAD50,formal_large,surface,drc,36,8.9,contractor,truck_operator,male,2022-10-17,tuesday,15.95,evening,6.2,mobile_equipment,maintenance_repair,fall_slip,amputation,multiple,days_away,partial
456,INC-AF6AAF23,artisanal,surface,zimbabwe,27,7.5,contractor,welder,male,2024-05-02,thursday,12.21,morning,7.4,mobile_equipment,maintenance_repair,struck_by_object,fracture,torso,days_away,none
457,INC-92C0D31D,formal_small,surface,south_africa,52,16.9,operator,laborer,female,2021-01-21,monday,12.29,morning,3.1,mobile_equipment,other,struck_by_object,contusion,foot_lower_leg,permanent_disability,full
458,INC-1237C16B,artisanal,surface,ghana,18,2.0,operator,laborer,male,2020-03-21,tuesday,8.51,morning,5.5,mobile_equipment,directing_equipment,falling,abrasion,hand_finger,fatality,none
459,INC-471976D2,artisanal,surface,ethiopia,29,5.7,operator,truck_operator,male,2021-06-17,monday,10.38,morning,3.3,mobile_equipment,other,falling,abrasion,upper_extremity,first_aid,none
460,INC-6857EE0B,formal_small,surface,other,45,11.7,contractor,mechanic_repairman,male,2021-01-02,sunday,12.22,morning,6.9,mobile_equipment,cleaning_clearing,fall_slip,burns,torso,days_away,partial
461,INC-D306EA91,formal_large,surface,tanzania,35,17.0,operator,mechanic_repairman,male,2022-04-13,thursday,14.4,evening,1.8,mobile_equipment,maintenance_repair,struck_by_object,laceration,multiple,days_away,none
462,INC-E7C48424,artisanal,surface,south_africa,34,5.5,contractor,mechanic_repairman,male,2023-07-14,monday,11.8,morning,7.2,light_vehicle,other,pit_collapse,laceration,foot_lower_leg,fatality,none
463,INC-B5C6D178,formal_large,underground,tanzania,52,8.7,contractor,other,male,2021-10-27,thursday,20.86,evening,7.6,none,other,other,laceration,head_face,fatality,partial
464,INC-743C47DC,formal_small,surface,ghana,52,8.2,operator,truck_operator,male,2021-09-16,thursday,14.99,evening,0.3,light_vehicle,lifting_lowering,other,fracture,hand_finger,temporary_disability,none
465,INC-C3C434CF,artisanal,underground,other,33,9.4,contractor,laborer,male,2021-12-10,thursday,13.75,morning,8.4,none,other,struck_by_rock,abrasion,upper_extremity,days_away,none
466,INC-27998915,artisanal,underground,ghana,33,15.2,operator,supervisor,male,2024-11-20,wednesday,0.0,night,2.2,drill_rig,other,struck_by_rock,abrasion,hand_finger,fatality,none
467,INC-F9CCDB99,artisanal,surface,south_africa,41,13.1,operator,laborer,male,2021-12-25,saturday,13.25,morning,1.9,mobile_equipment,operating_equipment,falling,fracture,multiple,fatality,none
468,INC-82C5167E,formal_large,surface,zimbabwe,46,25.3,operator,excavator_operator,male,2023-08-01,tuesday,7.33,morning,6.5,mobile_equipment,cleaning_clearing,struck_by_object,laceration,multiple,first_aid,full
469,INC-19C1735D,formal_small,surface,ghana,37,19.0,contractor,mechanic_repairman,male,2020-01-31,tuesday,13.94,morning,11.2,haul_truck,lifting_lowering,struck_by_object,burns,head_face,temporary_disability,none
470,INC-507C2CF1,formal_small,surface,south_africa,38,20.0,contractor,laborer,male,2020-07-21,sunday,16.72,evening,3.7,mobile_equipment,operating_equipment,struck_by_object,fracture,multiple,days_away,partial
471,INC-A288B0C8,formal_small,surface,ethiopia,45,27.0,operator,mechanic_repairman,male,2021-11-01,saturday,11.54,morning,2.7,haul_truck,other,trapped_between,burns,upper_extremity,first_aid,partial
472,INC-0176B503,formal_large,underground,drc,30,12.0,operator,driller,male,2022-08-31,saturday,14.62,evening,5.2,rock_drill,other,hit_by_moving,laceration,head_face,days_away,full
473,INC-D6636CFD,formal_large,surface,drc,55,15.7,operator,other,male,2021-12-19,friday,10.16,morning,3.2,mobile_equipment,directing_equipment,other,fracture,hand_finger,temporary_disability,full
474,INC-FEAED6CB,formal_large,surface,ghana,59,22.9,contractor,excavator_operator,male,2021-05-03,tuesday,13.28,morning,7.1,light_vehicle,maintenance_repair,vehicle_motion,laceration,hand_finger,temporary_disability,partial
475,INC-FBFFA586,formal_large,surface,south_africa,40,21.7,contractor,excavator_operator,male,2022-12-18,tuesday,12.0,morning,8.2,haul_truck,lifting_lowering,vehicle_motion,amputation,hand_finger,permanent_disability,full
476,INC-45A6E9AF,formal_small,surface,zimbabwe,46,12.3,contractor,truck_operator,male,2021-04-19,saturday,11.52,morning,2.8,hand_tools,operating_equipment,vehicle_motion,fracture,torso,days_away,full
477,INC-4EE60D4D,artisanal,surface,ghana,22,6.0,operator,welder,male,2022-05-28,friday,10.31,morning,2.5,components_parts,other,other,laceration,upper_extremity,first_aid,none
478,INC-A746D457,artisanal,surface,south_africa,27,11.0,operator,welder,male,2020-07-21,wednesday,13.52,morning,4.4,mobile_equipment,cleaning_clearing,falling,contusion,hand_finger,days_away,none
479,INC-C33EB134,formal_small,underground,other,54,32.4,operator,laborer,male,2020-11-11,friday,21.04,evening,6.6,drill_rig,walking,other,contusion,torso,permanent_disability,full
480,INC-FC17BB20,formal_small,surface,other,61,9.8,operator,other,male,2024-07-12,monday,11.55,morning,6.8,light_vehicle,maintenance_repair,other,laceration,torso,temporary_disability,full
481,INC-DFB80CBA,formal_large,surface,south_africa,57,16.3,operator,mechanic_repairman,male,2022-12-09,monday,11.87,morning,7.5,haul_truck,other,other,multiple,multiple,restricted_work,full
482,INC-870E655C,formal_small,surface,drc,26,8.0,contractor,welder,female,2021-07-12,friday,9.77,morning,11.0,light_vehicle,operating_equipment,other,laceration,upper_extremity,days_away,none
483,INC-B8C74F2F,formal_large,surface,ethiopia,40,22.0,operator,supervisor,male,2020-03-05,friday,11.86,morning,3.7,mobile_equipment,other,other,laceration,hand_finger,temporary_disability,full
484,INC-493FC759,formal_large,underground,ghana,47,20.2,contractor,driller,male,2023-11-25,thursday,15.14,evening,9.5,rock_drill,walking,fall_from_height,multiple,head_face,fatality,none
485,INC-FA0B324A,formal_small,underground,ethiopia,38,11.3,operator,other,female,2021-08-31,saturday,2.12,night,5.6,earth_moving,other,falling_object,laceration,foot_lower_leg,fatality,full
486,INC-02C9AA3F,formal_small,underground,south_africa,59,15.4,operator,driller,male,2022-04-12,wednesday,14.28,evening,9.9,none,walking,fall_from_height,other,foot_lower_leg,days_away,full
487,INC-F05F2A6B,formal_large,surface,south_africa,58,22.7,operator,excavator_operator,male,2023-02-06,wednesday,14.66,evening,7.0,mobile_equipment,maintenance_repair,vehicle_motion,laceration,hand_finger,days_away,full
488,INC-B0C7F445,formal_small,surface,other,35,17.0,operator,excavator_operator,male,2020-05-16,friday,16.61,evening,10.1,mobile_equipment,maintenance_repair,fall_slip,amputation,upper_extremity,days_away,partial
489,INC-548F3A81,formal_small,underground,ethiopia,41,11.9,contractor,mechanic_repairman,male,2023-02-13,wednesday,11.9,morning,9.0,earth_moving,barring_scaling,fall_from_height,contusion,foot_lower_leg,fatality,full
490,INC-A5691115,artisanal,surface,ghana,41,3.0,operator,other,female,2024-12-26,friday,12.36,morning,0.3,light_vehicle,other,struck_by_object,abrasion,head_face,restricted_work,none
491,INC-8B3D5012,artisanal,surface,zimbabwe,18,2.0,operator,truck_operator,male,2020-11-25,friday,14.0,evening,6.3,mobile_equipment,other,pit_collapse,contusion,multiple,restricted_work,none
492,INC-69B91EFC,artisanal,surface,other,30,3.2,operator,mechanic_repairman,female,2024-09-05,tuesday,11.6,morning,6.5,none,maintenance_repair,pit_collapse,contusion,hand_finger,days_away,none
493,INC-F0658ACC,formal_large,surface,ghana,35,17.0,contractor,other,male,2021-09-11,sunday,15.9,evening,6.7,haul_truck,cleaning_clearing,fall_slip,contusion,hand_finger,fatality,full
494,INC-9053C2F4,artisanal,underground,other,39,7.7,contractor,supervisor,male,2020-01-15,wednesday,22.9,night,3.5,earth_moving,charging_up,other,contusion,multiple,temporary_disability,none
495,INC-9E5544F7,formal_small,surface,other,41,19.8,contractor,mechanic_repairman,male,2022-04-15,monday,10.84,morning,3.2,mobile_equipment,other,other,contusion,multiple,restricted_work,full
496,INC-6D0DE77C,formal_small,underground,ghana,40,22.0,operator,blaster,male,2021-01-04,tuesday,4.87,night,4.0,components_parts,other,fall_from_height,laceration,hand_finger,permanent_disability,partial
497,INC-5A430FE9,artisanal,surface,tanzania,39,9.3,operator,supervisor,male,2022-01-21,friday,8.28,morning,4.6,mobile_equipment,operating_equipment,pit_collapse,contusion,upper_extremity,first_aid,none
498,INC-13CEC245,formal_small,surface,tanzania,52,14.7,operator,mechanic_repairman,male,2020-11-07,tuesday,13.62,morning,7.0,mobile_equipment,other,other,multiple,multiple,days_away,full
499,INC-1EC5A1F2,formal_small,surface,drc,34,16.0,contractor,mechanic_repairman,male,2023-06-05,friday,6.7,morning,4.4,none,lifting_lowering,trapped_between,multiple,torso,days_away,full
500,INC-D510C5F7,artisanal,surface,ghana,35,9.6,operator,truck_operator,male,2021-10-28,friday,11.71,morning,0.5,haul_truck,other,other,other,multiple,days_away,none
501,INC-8E6AD2CF,artisanal,surface,south_africa,35,15.0,operator,other,male,2023-09-13,tuesday,13.54,morning,10.7,mobile_equipment,other,struck_by_object,abrasion,multiple,days_away,none
502,INC-C5F9FE20,artisanal,surface,south_africa,23,4.2,operator,mechanic_repairman,male,2021-01-19,thursday,17.0,evening,7.9,haul_truck,other,struck_by_object,laceration,head_face,first_aid,none
503,INC-D2FE8751,formal_small,surface,ethiopia,18,0.0,operator,truck_operator,male,2020-03-15,thursday,12.94,morning,9.1,components_parts,operating_equipment,other,laceration,upper_extremity,permanent_disability,full
504,INC-77991614,formal_small,underground,drc,27,9.0,operator,other,male,2021-08-16,tuesday,0.08,night,8.6,components_parts,other,other,laceration,multiple,days_away,full
505,INC-18A11B09,artisanal,surface,drc,40,10.0,operator,truck_operator,male,2023-09-22,thursday,15.23,evening,9.4,mobile_equipment,other,struck_by_object,other,multiple,temporary_disability,none
506,INC-220A3EDC,formal_large,surface,ethiopia,33,15.0,operator,mechanic_repairman,female,2024-11-30,monday,12.75,morning,4.6,mobile_equipment,cleaning_clearing,other,multiple,head_face,restricted_work,full
507,INC-4FE61B06,artisanal,surface,south_africa,22,6.0,contractor,mechanic_repairman,male,2024-05-23,tuesday,12.0,morning,7.9,mobile_equipment,maintenance_repair,pit_collapse,contusion,head_face,days_away,none
508,INC-15316CEB,formal_small,underground,south_africa,36,18.0,operator,supervisor,male,2020-01-16,saturday,13.44,morning,5.0,none,drilling,other,multiple,head_face,first_aid,full
509,INC-1F6BA279,formal_large,surface,drc,44,24.7,operator,other,female,2024-07-26,sunday,16.23,evening,3.4,mobile_equipment,other,struck_by_object,multiple,upper_extremity,first_aid,none
510,INC-E83A5108,formal_large,surface,zimbabwe,32,14.0,contractor,laborer,male,2021-12-29,tuesday,12.33,morning,11.3,components_parts,operating_equipment,other,contusion,upper_extremity,restricted_work,partial
511,INC-82C8859D,artisanal,surface,drc,22,6.0,operator,truck_operator,male,2020-04-12,thursday,12.26,morning,5.6,light_vehicle,maintenance_repair,falling,contusion,hand_finger,temporary_disability,none
512,INC-5AA31E5C,formal_large,surface,south_africa,31,13.0,operator,truck_operator,male,2021-03-10,wednesday,12.01,morning,6.3,haul_truck,other,hit_by_moving,amputation,head_face,restricted_work,full
513,INC-CB9A43E6,formal_large,surface,ghana,34,16.0,operator,mechanic_repairman,male,2024-06-01,friday,14.32,evening,5.9,mobile_equipment,other,hit_by_moving,contusion,foot_lower_leg,restricted_work,full
514,INC-4E10DB02,formal_large,surface,other,32,6.1,operator,truck_operator,male,2022-12-31,friday,10.1,morning,6.8,components_parts,other,struck_by_object,amputation,foot_lower_leg,days_away,full
515,INC-04BCB9E0,formal_large,underground,south_africa,37,18.3,operator,driller,female,2020-10-25,friday,14.71,evening,6.7,none,other,other,laceration,head_face,temporary_disability,partial
516,INC-417479FB,formal_large,surface,south_africa,37,19.0,operator,truck_operator,male,2023-12-28,friday,10.04,morning,1.0,haul_truck,operating_equipment,hit_by_moving,amputation,hand_finger,days_away,full
517,INC-315C8FFE,artisanal,surface,tanzania,33,6.5,operator,other,female,2021-09-09,friday,14.21,evening,5.5,hand_tools,operating_equipment,other,fracture,upper_extremity,days_away,none
518,INC-11BDE7A6,formal_large,surface,ethiopia,49,31.0,operator,mechanic_repairman,male,2020-08-06,thursday,9.92,morning,9.7,hand_tools,operating_equipment,trapped_between,laceration,hand_finger,fatality,partial
519,INC-75147259,artisanal,surface,other,27,8.7,operator,truck_operator,female,2021-11-27,sunday,10.3,morning,7.1,mobile_equipment,other,struck_by_object,other,upper_extremity,first_aid,none
520,INC-207EA673,artisanal,surface,other,32,8.0,operator,laborer,male,2023-11-01,friday,10.42,morning,0.2,hand_tools,maintenance_repair,struck_by_object,laceration,torso,days_away,none
521,INC-04841B9C,formal_small,surface,tanzania,33,10.7,operator,truck_operator,male,2021-06-29,friday,13.36,morning,6.0,components_parts,other,struck_by_object,laceration,multiple,temporary_disability,partial
522,INC-6299E767,formal_large,surface,south_africa,39,21.0,operator,supervisor,female,2020-10-20,friday,12.69,morning,6.5,haul_truck,other,struck_by_object,fracture,multiple,restricted_work,partial
523,INC-1132CECB,artisanal,surface,zimbabwe,33,12.1,operator,laborer,male,2021-06-22,thursday,12.0,morning,11.9,mobile_equipment,other,struck_by_object,laceration,multiple,first_aid,none
524,INC-32982464,formal_large,surface,other,37,19.0,operator,mechanic_repairman,male,2023-12-22,friday,14.28,evening,8.1,haul_truck,cleaning_clearing,hit_by_moving,laceration,multiple,first_aid,full
525,INC-A157FB65,formal_small,underground,ghana,50,9.7,operator,driller,male,2020-11-05,thursday,12.89,morning,1.0,components_parts,charging_up,struck_by_rock,laceration,multiple,fatality,full
526,INC-9991AA93,artisanal,surface,other,43,12.1,operator,other,female,2022-04-22,friday,13.87,morning,0.6,hand_tools,lifting_lowering,pit_collapse,other,torso,days_away,none
527,INC-9EF52F22,artisanal,surface,tanzania,33,6.4,operator,truck_operator,male,2023-04-18,saturday,15.24,evening,1.1,components_parts,lifting_lowering,falling,laceration,torso,days_away,none
528,INC-1CD834D4,artisanal,underground,south_africa,26,7.8,operator,driller,female,2020-04-24,thursday,12.99,morning,3.7,none,charging_up,fall_from_height,other,upper_extremity,days_away,none
529,INC-CDA83534,formal_large,underground,zimbabwe,41,10.2,operator,blaster,male,2022-11-25,wednesday,1.47,night,6.8,none,drilling,struck_by_rock,other,torso,restricted_work,partial
530,INC-44FF8133,artisanal,surface,tanzania,35,8.3,operator,mechanic_repairman,male,2023-11-28,sunday,11.8,morning,6.5,mobile_equipment,directing_equipment,pit_collapse,laceration,hand_finger,days_away,none
531,INC-446A8BE2,artisanal,underground,south_africa,24,3.7,operator,driller,male,2023-01-25,monday,22.31,night,8.1,none,charging_up,fall_from_height,contusion,foot_lower_leg,days_away,none
532,INC-B737E4E2,formal_small,surface,ghana,52,10.9,operator,laborer,male,2020-12-03,thursday,14.8,evening,2.6,mobile_equipment,other,struck_by_object,contusion,hand_finger,restricted_work,full
533,INC-35AA4BB7,artisanal,surface,tanzania,37,10.4,operator,supervisor,male,2022-08-09,friday,10.79,morning,2.3,haul_truck,other,struck_by_object,laceration,hand_finger,days_away,none
534,INC-33A3C818,formal_large,underground,south_africa,32,8.0,operator,supervisor,male,2024-07-05,thursday,13.55,morning,4.3,earth_moving,barring_scaling,falling_object,fracture,multiple,fatality,full
535,INC-4812356E,formal_large,underground,ghana,42,9.2,operator,laborer,male,2021-02-07,thursday,13.23,morning,7.0,drill_rig,charging_up,falling_object,laceration,upper_extremity,permanent_disability,none
536,INC-86C9A0D2,formal_small,surface,tanzania,37,19.0,contractor,mechanic_repairman,male,2020-10-20,wednesday,11.6,morning,3.5,mobile_equipment,operating_equipment,other,fracture,torso,fatality,partial
537,INC-A13BECDA,formal_large,surface,drc,31,6.1,operator,truck_operator,male,2022-12-06,saturday,11.26,morning,3.6,mobile_equipment,maintenance_repair,struck_by_object,laceration,head_face,fatality,full
538,INC-28C78BF2,formal_large,surface,zimbabwe,42,12.0,operator,other,male,2022-02-02,friday,13.51,morning,5.9,mobile_equipment,directing_equipment,other,fracture,torso,first_aid,full
539,INC-FFAD4DBD,artisanal,surface,other,31,10.1,operator,laborer,male,2023-04-08,sunday,17.02,evening,3.9,mobile_equipment,maintenance_repair,pit_collapse,fracture,hand_finger,fatality,none
540,INC-1BDDAF75,artisanal,underground,other,33,3.7,operator,other,male,2023-01-07,thursday,11.44,morning,4.5,none,charging_up,struck_by_rock,other,foot_lower_leg,days_away,none
541,INC-C51BDC1E,formal_small,surface,zimbabwe,59,15.9,contractor,excavator_operator,female,2020-04-04,friday,14.26,evening,11.6,hand_tools,other,vehicle_motion,multiple,foot_lower_leg,fatality,partial
542,INC-253F332F,artisanal,surface,south_africa,18,2.0,operator,welder,male,2023-08-17,friday,14.51,evening,3.5,mobile_equipment,other,falling,contusion,hand_finger,fatality,none
543,INC-255D8941,artisanal,surface,drc,18,2.0,contractor,laborer,female,2024-12-08,monday,11.69,morning,4.8,haul_truck,other,pit_collapse,contusion,hand_finger,permanent_disability,none
544,INC-0ABDB742,formal_large,surface,south_africa,34,12.1,operator,laborer,male,2020-09-09,friday,13.62,morning,8.8,components_parts,operating_equipment,trapped_between,fracture,head_face,temporary_disability,none
545,INC-7C7F2EC5,formal_small,surface,drc,41,8.6,contractor,mechanic_repairman,male,2022-11-24,wednesday,13.54,morning,4.9,mobile_equipment,other,other,fracture,multiple,fatality,partial
546,INC-4EF767D9,formal_small,underground,ethiopia,30,12.0,operator,driller,male,2021-11-13,thursday,12.89,morning,3.3,rock_drill,other,other,other,multiple,days_away,full
547,INC-E11AEB02,formal_large,surface,ghana,29,11.0,operator,truck_operator,male,2023-03-11,thursday,11.57,morning,0.1,mobile_equipment,operating_equipment,struck_by_object,fracture,foot_lower_leg,restricted_work,partial
548,INC-64136C2C,artisanal,surface,ethiopia,20,4.0,operator,excavator_operator,female,2022-12-13,wednesday,17.18,evening,7.5,haul_truck,cleaning_clearing,other,laceration,hand_finger,temporary_disability,none
549,INC-81FD3DBD,formal_small,surface,zimbabwe,35,12.5,contractor,laborer,male,2022-11-06,wednesday,13.53,morning,2.2,mobile_equipment,other,other,laceration,hand_finger,fatality,full
550,INC-78453F40,formal_small,surface,other,38,17.9,operator,laborer,male,2020-09-11,saturday,10.24,morning,8.9,mobile_equipment,operating_equipment,trapped_between,fracture,upper_extremity,restricted_work,full
551,INC-3DBFCACB,formal_large,surface,south_africa,39,21.0,operator,laborer,male,2023-06-15,friday,12.1,morning,11.1,mobile_equipment,other,fall_slip,burns,upper_extremity,temporary_disability,partial
552,INC-68D884CF,formal_large,surface,other,40,13.6,operator,excavator_operator,male,2023-05-12,wednesday,12.39,morning,8.7,mobile_equipment,operating_equipment,other,amputation,hand_finger,days_away,none
553,INC-03FE80D4,artisanal,surface,south_africa,43,3.7,contractor,truck_operator,male,2023-04-14,friday,12.0,morning,10.5,mobile_equipment,other,pit_collapse,abrasion,hand_finger,permanent_disability,none
554,INC-BE7CDE11,formal_large,surface,drc,27,9.0,operator,other,male,2020-12-16,monday,10.82,morning,8.2,mobile_equipment,other,struck_by_object,laceration,multiple,temporary_disability,full
555,INC-78B74D8B,formal_large,underground,other,37,9.5,operator,other,female,2023-12-30,saturday,3.38,night,11.5,drill_rig,other,struck_by_rock,fracture,multiple,days_away,full
556,INC-CE540881,formal_large,surface,ghana,47,29.0,operator,other,male,2021-01-27,wednesday,12.61,morning,6.4,mobile_equipment,cleaning_clearing,other,amputation,multiple,permanent_disability,full
557,INC-A0995169,formal_small,surface,south_africa,30,12.0,contractor,other,male,2020-10-21,wednesday,10.79,morning,1.6,components_parts,maintenance_repair,other,fracture,upper_extremity,days_away,full
558,INC-C0281ABC,formal_small,surface,drc,39,21.0,contractor,other,male,2021-08-21,tuesday,11.19,morning,0.3,mobile_equipment,operating_equipment,trapped_between,contusion,upper_extremity,days_away,partial
559,INC-030C8AF1,formal_small,surface,drc,45,27.0,operator,other,female,2020-10-25,saturday,12.31,morning,4.2,mobile_equipment,other,struck_by_object,burns,head_face,fatality,partial
560,INC-FE4ABE62,formal_large,underground,ghana,35,13.5,operator,other,female,2021-09-01,tuesday,13.6,morning,0.4,earth_moving,barring_scaling,other,contusion,foot_lower_leg,days_away,full
561,INC-072D0225,formal_large,surface,zimbabwe,46,28.0,operator,mechanic_repairman,female,2021-02-04,friday,12.4,morning,10.3,haul_truck,maintenance_repair,struck_by_object,contusion,hand_finger,days_away,full
562,INC-8DF70FBA,artisanal,surface,drc,22,6.0,operator,welder,male,2020-05-25,friday,10.88,morning,9.8,components_parts,other,falling,other,hand_finger,first_aid,none
563,INC-506F5965,artisanal,surface,south_africa,35,6.3,operator,excavator_operator,male,2024-10-25,friday,13.45,morning,7.2,mobile_equipment,directing_equipment,falling,other,upper_extremity,permanent_disability,none
564,INC-AB958143,artisanal,underground,ethiopia,26,10.0,operator,mechanic_repairman,female,2023-05-22,wednesday,14.51,evening,9.5,none,drilling,other,abrasion,multiple,days_away,none
565,INC-67A35C69,artisanal,surface,ghana,29,7.6,operator,welder,male,2021-10-13,wednesday,8.9,morning,6.8,hand_tools,other,pit_collapse,other,hand_finger,days_away,none
566,INC-0068555D,artisanal,surface,south_africa,30,5.3,operator,other,male,2021-11-27,friday,15.64,evening,6.1,light_vehicle,other,other,fracture,hand_finger,fatality,none
567,INC-740B12EE,formal_large,surface,drc,28,10.0,operator,truck_operator,female,2021-07-31,friday,11.59,morning,9.3,hand_tools,other,vehicle_motion,laceration,upper_extremity,days_away,full
568,INC-57AD5138,formal_small,surface,ghana,51,20.6,operator,mechanic_repairman,male,2023-09-29,friday,12.0,morning,9.1,mobile_equipment,maintenance_repair,other,laceration,hand_finger,first_aid,full
569,INC-B5337289,formal_small,underground,other,46,14.1,contractor,laborer,male,2021-02-22,monday,12.47,morning,7.3,none,other,struck_by_rock,laceration,hand_finger,days_away,full
570,INC-271F9FFE,formal_large,surface,ethiopia,43,12.9,contractor,truck_operator,male,2020-06-14,thursday,12.36,morning,7.1,haul_truck,other,fall_slip,laceration,hand_finger,temporary_disability,partial
571,INC-97CCFF8D,artisanal,surface,zimbabwe,42,7.5,operator,mechanic_repairman,male,2022-05-29,tuesday,13.02,morning,1.7,light_vehicle,other,pit_collapse,laceration,multiple,days_away,none
572,INC-3C259012,formal_small,surface,ghana,53,19.3,operator,truck_operator,female,2021-02-09,monday,11.9,morning,6.0,mobile_equipment,directing_equipment,struck_by_object,laceration,foot_lower_leg,temporary_disability,partial
573,INC-2B9560DA,artisanal,underground,ghana,34,12.1,contractor,blaster,male,2024-07-11,saturday,12.77,morning,6.9,none,other,hit_by_moving,abrasion,multiple,restricted_work,none
574,INC-424AE026,artisanal,surface,drc,33,11.9,contractor,mechanic_repairman,male,2021-10-16,monday,11.76,morning,11.9,mobile_equipment,other,falling,contusion,hand_finger,permanent_disability,none
575,INC-90838D81,formal_small,surface,tanzania,39,21.0,operator,mechanic_repairman,male,2023-05-16,friday,11.7,morning,4.1,components_parts,lifting_lowering,struck_by_object,multiple,hand_finger,fatality,partial
576,INC-94526336,artisanal,underground,drc,39,2.7,operator,driller,male,2021-12-22,thursday,10.54,morning,6.0,rock_drill,other,fall_from_height,other,torso,first_aid,none
577,INC-F99B4582,formal_small,surface,ghana,37,5.1,contractor,welder,male,2020-12-08,wednesday,6.73,morning,3.8,hand_tools,directing_equipment,vehicle_motion,multiple,upper_extremity,fatality,partial
578,INC-5D4BD7B5,artisanal,underground,ghana,26,10.0,operator,other,male,2021-08-02,thursday,11.73,morning,5.5,none,other,other,abrasion,multiple,days_away,none
579,INC-5C5C071F,formal_large,underground,south_africa,56,15.2,operator,other,male,2024-03-09,sunday,12.26,morning,4.9,none,drilling,other,laceration,foot_lower_leg,days_away,full
580,INC-871F4F83,formal_small,surface,drc,60,21.2,operator,laborer,male,2020-05-24,friday,10.1,morning,9.2,mobile_equipment,lifting_lowering,struck_by_object,burns,hand_finger,permanent_disability,partial
581,INC-31B3DC40,formal_small,surface,ghana,36,18.0,contractor,laborer,male,2024-09-22,thursday,11.63,morning,5.8,mobile_equipment,other,struck_by_object,amputation,torso,restricted_work,full
582,INC-8987AEC8,formal_large,surface,zimbabwe,41,17.8,operator,mechanic_repairman,male,2020-02-08,thursday,15.43,evening,1.8,mobile_equipment,other,other,laceration,hand_finger,days_away,full
583,INC-E89115C3,formal_small,underground,zimbabwe,52,23.4,operator,supervisor,female,2023-07-26,thursday,3.72,night,9.0,none,charging_up,fall_from_height,fracture,multiple,permanent_disability,full
584,INC-A04AB466,artisanal,underground,ghana,38,8.4,operator,driller,female,2023-06-15,wednesday,12.28,morning,3.1,earth_moving,other,fall_from_height,abrasion,hand_finger,permanent_disability,partial
585,INC-8BC26F33,artisanal,underground,tanzania,37,8.9,operator,driller,male,2022-12-19,tuesday,2.59,night,5.6,earth_moving,walking,other,laceration,foot_lower_leg,fatality,none
586,INC-A5AE7F08,formal_large,surface,ethiopia,42,12.9,operator,other,male,2020-05-02,friday,13.74,morning,4.7,haul_truck,directing_equipment,trapped_between,laceration,multiple,days_away,none
587,INC-E7724E7F,formal_large,surface,other,48,23.1,operator,mechanic_repairman,male,2023-05-11,tuesday,10.59,morning,9.8,hand_tools,operating_equipment,other,laceration,hand_finger,restricted_work,partial
588,INC-8383DFE5,formal_large,surface,south_africa,50,21.5,operator,laborer,male,2020-05-06,sunday,13.43,morning,0.8,components_parts,lifting_lowering,hit_by_moving,burns,upper_extremity,temporary_disability,full
589,INC-EBF9EC04,formal_large,surface,ethiopia,37,19.0,contractor,other,male,2023-09-05,wednesday,9.74,morning,8.0,haul_truck,other,struck_by_object,laceration,hand_finger,temporary_disability,none
590,INC-1BCA401C,artisanal,surface,south_africa,37,10.4,operator,other,female,2023-11-17,friday,11.04,morning,0.9,components_parts,maintenance_repair,other,other,hand_finger,fatality,none
591,INC-F7C29AF0,formal_small,underground,drc,46,28.0,operator,blaster,male,2024-04-18,thursday,12.07,morning,4.2,none,drilling,fall_from_height,laceration,head_face,days_away,none
592,INC-4495AFDC,formal_large,surface,ethiopia,42,24.0,operator,welder,male,2021-12-10,wednesday,13.55,morning,7.4,mobile_equipment,other,struck_by_object,fracture,hand_finger,days_away,full
593,INC-6E80FEAE,formal_small,surface,ghana,31,13.0,operator,truck_operator,female,2023-04-17,thursday,13.53,morning,3.4,mobile_equipment,other,struck_by_object,multiple,multiple,temporary_disability,full
594,INC-D77B8875,formal_large,surface,drc,33,9.8,operator,other,male,2020-12-03,thursday,10.98,morning,9.0,mobile_equipment,cleaning_clearing,other,laceration,hand_finger,temporary_disability,full
595,INC-70A68D03,formal_large,surface,zimbabwe,36,12.0,operator,laborer,male,2022-08-28,wednesday,14.0,evening,7.0,hand_tools,other,other,amputation,upper_extremity,temporary_disability,partial
596,INC-6080758B,artisanal,underground,south_africa,29,3.6,operator,other,male,2023-08-08,thursday,14.52,evening,9.1,earth_moving,other,other,other,torso,fatality,none
597,INC-E1E7F3D5,artisanal,surface,zimbabwe,27,2.6,operator,supervisor,male,2020-11-29,wednesday,17.89,evening,9.1,components_parts,other,falling,laceration,hand_finger,temporary_disability,none
598,INC-92410A9A,artisanal,surface,south_africa,24,2.8,operator,truck_operator,female,2024-02-26,thursday,13.8,morning,4.3,mobile_equipment,other,falling,contusion,multiple,temporary_disability,none
599,INC-40DC8111,artisanal,surface,other,25,9.0,operator,other,male,2021-11-14,saturday,13.52,morning,1.2,mobile_equipment,lifting_lowering,struck_by_object,abrasion,hand_finger,days_away,none
600,INC-076AF089,formal_small,surface,tanzania,51,33.0,operator,other,male,2024-08-16,thursday,12.48,morning,2.6,mobile_equipment,other,struck_by_object,amputation,multiple,days_away,full
601,INC-7E689C02,artisanal,surface,drc,24,8.0,operator,laborer,male,2020-06-03,monday,12.28,morning,0.0,mobile_equipment,operating_equipment,falling,fracture,foot_lower_leg,restricted_work,none
602,INC-AE50D731,artisanal,underground,other,33,1.0,operator,driller,female,2021-02-12,saturday,20.86,evening,0.1,drill_rig,barring_scaling,hit_by_moving,fracture,upper_extremity,days_away,none
603,INC-1A1AFC99,artisanal,underground,drc,29,7.8,contractor,mechanic_repairman,male,2023-08-23,tuesday,11.39,morning,1.9,earth_moving,other,falling_object,abrasion,multiple,fatality,none
604,INC-A0449C00,artisanal,surface,ghana,33,5.6,operator,other,female,2020-12-21,tuesday,11.09,morning,2.4,hand_tools,cleaning_clearing,falling,abrasion,hand_finger,days_away,none
605,INC-92836975,artisanal,surface,south_africa,34,4.0,contractor,welder,male,2024-12-16,sunday,11.31,morning,5.4,hand_tools,maintenance_repair,falling,abrasion,multiple,days_away,none
606,INC-2E1B5F0C,artisanal,surface,ghana,23,7.0,contractor,mechanic_repairman,female,2024-09-13,monday,13.71,morning,0.3,mobile_equipment,directing_equipment,pit_collapse,other,hand_finger,restricted_work,none
607,INC-A929A535,formal_large,surface,other,52,19.8,contractor,laborer,male,2020-06-24,friday,14.0,evening,3.2,mobile_equipment,maintenance_repair,other,contusion,hand_finger,days_away,full
608,INC-97958440,artisanal,surface,other,23,7.0,contractor,laborer,female,2024-03-24,tuesday,10.86,morning,6.5,hand_tools,other,struck_by_object,laceration,hand_finger,days_away,none
609,INC-91E21F09,formal_small,underground,drc,50,22.0,operator,other,male,2022-03-14,thursday,11.28,morning,0.3,none,other,hit_by_moving,contusion,multiple,days_away,full
610,INC-FFD1FAB0,formal_small,surface,south_africa,47,29.0,operator,welder,male,2024-03-17,thursday,12.97,morning,2.6,components_parts,operating_equipment,hit_by_moving,fracture,torso,temporary_disability,none
611,INC-F1665C65,artisanal,underground,south_africa,29,9.2,operator,supervisor,male,2023-07-02,monday,10.38,morning,4.6,components_parts,drilling,hit_by_moving,laceration,torso,days_away,none
612,INC-0F9E318E,artisanal,surface,other,25,5.4,operator,truck_operator,male,2021-07-25,wednesday,11.75,morning,8.6,none,other,falling,laceration,hand_finger,days_away,none
613,INC-4B660741,artisanal,surface,south_africa,24,6.1,operator,laborer,male,2020-02-24,sunday,13.34,morning,2.7,mobile_equipment,other,pit_collapse,other,head_face,fatality,none
614,INC-CD05023A,formal_large,surface,ethiopia,46,19.2,operator,mechanic_repairman,male,2021-08-01,friday,13.33,morning,7.0,mobile_equipment,cleaning_clearing,other,multiple,foot_lower_leg,days_away,none
615,INC-7C325667,artisanal,surface,ghana,42,3.5,operator,supervisor,male,2022-03-13,wednesday,10.78,morning,1.8,components_parts,maintenance_repair,other,abrasion,head_face,permanent_disability,none
616,INC-2AAE1FE4,artisanal,surface,ghana,20,4.0,operator,other,female,2022-09-03,friday,12.96,morning,5.4,mobile_equipment,cleaning_clearing,falling,other,head_face,days_away,partial
617,INC-4636A19F,formal_large,underground,tanzania,45,27.0,operator,mechanic_repairman,male,2023-12-22,friday,11.46,morning,1.8,earth_moving,other,other,laceration,multiple,days_away,partial
618,INC-29D9CEE5,formal_large,surface,other,46,9.1,operator,mechanic_repairman,male,2024-01-31,monday,11.65,morning,4.6,mobile_equipment,other,vehicle_motion,laceration,hand_finger,days_away,full
619,INC-FEB9502F,formal_large,surface,drc,47,24.3,contractor,supervisor,male,2021-06-19,sunday,11.48,morning,6.8,components_parts,other,fall_slip,contusion,foot_lower_leg,first_aid,full
620,INC-1966E286,artisanal,surface,zimbabwe,44,4.4,operator,mechanic_repairman,male,2020-12-20,wednesday,12.01,morning,0.0,hand_tools,other,pit_collapse,fracture,hand_finger,fatality,none
621,INC-073AAA66,formal_small,surface,ghana,29,11.0,operator,welder,male,2023-04-19,saturday,14.67,evening,11.5,hand_tools,other,other,laceration,upper_extremity,restricted_work,full
622,INC-841B8151,artisanal,surface,other,32,16.0,operator,other,male,2023-09-18,saturday,10.61,morning,5.0,haul_truck,lifting_lowering,falling,fracture,torso,temporary_disability,none
623,INC-E6B573A4,formal_small,surface,ethiopia,35,17.0,operator,mechanic_repairman,female,2023-01-14,tuesday,7.57,morning,2.1,light_vehicle,lifting_lowering,other,multiple,upper_extremity,days_away,full
624,INC-9D4F0A4F,artisanal,surface,zimbabwe,37,1.8,operator,mechanic_repairman,male,2023-01-31,sunday,17.89,evening,5.4,components_parts,directing_equipment,struck_by_object,laceration,hand_finger,temporary_disability,none
625,INC-A539B39F,formal_small,surface,tanzania,33,15.0,contractor,other,male,2023-07-02,sunday,12.62,morning,1.2,light_vehicle,cleaning_clearing,other,laceration,foot_lower_leg,fatality,full
626,INC-74079ABB,artisanal,underground,south_africa,36,13.5,operator,blaster,male,2022-01-16,wednesday,2.22,night,0.9,none,other,other,abrasion,upper_extremity,permanent_disability,none
627,INC-DE89A86A,formal_large,underground,south_africa,53,8.6,contractor,driller,male,2021-03-14,monday,9.89,morning,5.7,earth_moving,other,other,fracture,hand_finger,permanent_disability,partial
628,INC-3698D4F4,formal_small,surface,other,58,21.4,operator,mechanic_repairman,male,2023-12-12,saturday,12.27,morning,5.7,mobile_equipment,other,hit_by_moving,contusion,multiple,temporary_disability,full
629,INC-DD1E5B9B,artisanal,surface,ethiopia,35,4.2,operator,truck_operator,male,2020-11-03,thursday,10.38,morning,8.7,hand_tools,other,pit_collapse,other,upper_extremity,fatality,none
630,INC-E573213F,artisanal,surface,south_africa,42,12.0,operator,welder,female,2020-04-14,friday,9.78,morning,7.2,haul_truck,other,pit_collapse,fracture,foot_lower_leg,temporary_disability,none
631,INC-C3145A3A,artisanal,surface,ghana,23,7.0,operator,mechanic_repairman,male,2020-01-31,monday,12.28,morning,8.1,mobile_equipment,operating_equipment,other,abrasion,head_face,restricted_work,none
632,INC-94C51049,formal_large,surface,other,22,4.0,operator,mechanic_repairman,female,2021-12-22,sunday,11.93,morning,6.6,haul_truck,operating_equipment,other,multiple,hand_finger,first_aid,partial
633,INC-51A4C7ED,formal_small,surface,ethiopia,57,12.0,operator,other,female,2022-05-27,tuesday,12.4,morning,0.4,hand_tools,other,hit_by_moving,laceration,head_face,first_aid,full
634,INC-85836749,formal_large,surface,ethiopia,43,21.5,operator,excavator_operator,female,2022-09-17,friday,11.31,morning,7.4,mobile_equipment,maintenance_repair,struck_by_object,laceration,multiple,fatality,partial
635,INC-8EF6047C,formal_large,surface,south_africa,52,9.8,operator,truck_operator,male,2020-12-07,saturday,11.89,morning,7.1,mobile_equipment,cleaning_clearing,hit_by_moving,laceration,multiple,days_away,full
636,INC-4CFC30C9,artisanal,surface,other,29,13.0,operator,laborer,male,2022-02-19,sunday,12.53,morning,2.5,mobile_equipment,maintenance_repair,struck_by_object,contusion,torso,days_away,none
637,INC-000E32FF,artisanal,underground,other,24,2.9,operator,blaster,female,2023-04-04,thursday,11.37,morning,7.7,rock_drill,drilling,hit_by_moving,laceration,head_face,days_away,none
638,INC-ED854EF8,artisanal,surface,zimbabwe,18,2.0,operator,truck_operator,male,2021-06-13,saturday,15.1,evening,3.4,components_parts,operating_equipment,falling,laceration,multiple,days_away,none
639,INC-6044DB2C,artisanal,surface,ghana,26,6.4,operator,welder,male,2022-09-29,saturday,10.09,morning,5.4,mobile_equipment,cleaning_clearing,struck_by_object,abrasion,upper_extremity,days_away,none
640,INC-99AADDAA,artisanal,surface,tanzania,43,8.4,operator,other,female,2021-05-16,friday,14.37,evening,6.3,light_vehicle,maintenance_repair,pit_collapse,fracture,head_face,fatality,none
641,INC-956A5925,artisanal,underground,drc,29,8.3,operator,driller,female,2024-03-02,saturday,24.0,night,7.4,none,drilling,falling_object,fracture,head_face,temporary_disability,none
642,INC-D8218D2A,formal_large,underground,drc,47,23.4,operator,laborer,male,2022-03-20,wednesday,11.56,morning,7.3,earth_moving,other,fall_from_height,multiple,torso,days_away,partial
643,INC-1AF38630,formal_large,surface,other,56,11.5,operator,supervisor,male,2024-01-04,friday,10.29,morning,0.5,mobile_equipment,directing_equipment,hit_by_moving,amputation,foot_lower_leg,restricted_work,partial
644,INC-6C223C0C,artisanal,surface,ethiopia,44,3.5,operator,excavator_operator,male,2021-09-09,monday,12.08,morning,7.2,hand_tools,cleaning_clearing,struck_by_object,other,hand_finger,days_away,none
645,INC-7AA9E767,artisanal,surface,ghana,45,2.7,operator,excavator_operator,male,2021-10-21,sunday,13.18,morning,2.9,haul_truck,cleaning_clearing,pit_collapse,abrasion,hand_finger,permanent_disability,none
646,INC-A846C3E1,formal_large,surface,zimbabwe,44,22.8,operator,other,male,2023-10-16,thursday,12.74,morning,1.9,mobile_equipment,other,fall_slip,laceration,upper_extremity,first_aid,full
647,INC-2E9D40B9,formal_small,surface,drc,30,12.0,operator,laborer,male,2021-06-24,friday,12.14,morning,5.7,haul_truck,cleaning_clearing,fall_slip,fracture,multiple,restricted_work,full
648,INC-81722BC1,artisanal,surface,ghana,50,6.6,operator,truck_operator,male,2023-08-06,wednesday,12.32,morning,5.9,mobile_equipment,maintenance_repair,pit_collapse,other,hand_finger,permanent_disability,none
649,INC-3B466F20,formal_large,surface,south_africa,41,16.1,operator,welder,male,2020-05-30,thursday,15.44,evening,4.3,components_parts,other,vehicle_motion,laceration,multiple,first_aid,partial
650,INC-B6819F18,formal_small,underground,tanzania,47,15.4,operator,supervisor,female,2024-03-16,wednesday,13.9,morning,0.0,earth_moving,drilling,falling_object,multiple,hand_finger,fatality,none
651,INC-83BF20D5,artisanal,surface,ghana,44,7.6,operator,mechanic_repairman,male,2023-10-13,thursday,10.27,morning,11.1,mobile_equipment,other,pit_collapse,laceration,upper_extremity,permanent_disability,none
652,INC-4E3B34BD,artisanal,surface,drc,47,6.4,operator,other,male,2022-10-24,sunday,10.88,morning,9.8,mobile_equipment,lifting_lowering,pit_collapse,abrasion,hand_finger,days_away,none
653,INC-25374155,formal_large,surface,south_africa,40,17.8,operator,laborer,male,2022-06-25,tuesday,12.02,morning,9.4,haul_truck,maintenance_repair,other,burns,multiple,days_away,full
654,INC-3D652832,artisanal,surface,ghana,33,1.8,contractor,truck_operator,female,2021-11-12,thursday,11.64,morning,2.0,mobile_equipment,other,other,contusion,torso,days_away,none
655,INC-606CFFC3,formal_large,surface,ghana,49,18.7,contractor,truck_operator,male,2021-09-06,tuesday,13.84,morning,3.4,mobile_equipment,operating_equipment,struck_by_object,contusion,hand_finger,days_away,full
656,INC-B15979E6,artisanal,underground,tanzania,32,7.9,operator,other,male,2021-07-20,tuesday,12.25,morning,4.7,drill_rig,other,hit_by_moving,laceration,torso,fatality,none
657,INC-75F15DFA,formal_large,underground,drc,42,15.4,contractor,mechanic_repairman,male,2023-07-08,sunday,4.98,night,3.8,none,other,other,multiple,upper_extremity,fatality,full
658,INC-CE769D61,formal_small,surface,zimbabwe,37,10.8,operator,other,male,2021-01-03,thursday,12.42,morning,1.9,haul_truck,operating_equipment,other,amputation,multiple,days_away,none
659,INC-BAFA2C1F,formal_small,underground,zimbabwe,32,14.0,operator,other,male,2021-05-15,thursday,2.82,night,5.8,components_parts,other,other,laceration,multiple,fatality,full
660,INC-140A0E3D,formal_large,surface,south_africa,39,19.1,contractor,truck_operator,male,2021-12-13,friday,11.14,morning,10.1,mobile_equipment,maintenance_repair,other,fracture,hand_finger,restricted_work,partial
661,INC-887FC4A2,artisanal,surface,tanzania,32,10.7,contractor,supervisor,male,2022-05-22,monday,12.0,morning,5.2,mobile_equipment,other,falling,abrasion,hand_finger,days_away,none
662,INC-61A2F4B3,formal_large,surface,other,44,21.8,operator,other,male,2021-05-04,friday,12.77,morning,1.8,mobile_equipment,directing_equipment,vehicle_motion,fracture,hand_finger,days_away,full
663,INC-AB8BFFD9,formal_large,surface,drc,24,6.0,contractor,other,male,2022-03-07,saturday,11.43,morning,1.4,mobile_equipment,other,fall_slip,laceration,hand_finger,fatality,full
664,INC-BF8CA7D9,formal_large,surface,south_africa,35,17.0,operator,truck_operator,female,2024-01-13,saturday,10.72,morning,1.5,mobile_equipment,other,vehicle_motion,burns,hand_finger,permanent_disability,partial
665,INC-231F60AC,artisanal,surface,ethiopia,30,9.2,contractor,supervisor,female,2021-05-08,friday,12.92,morning,1.9,mobile_equipment,operating_equipment,pit_collapse,abrasion,multiple,temporary_disability,partial
666,INC-A514EB88,artisanal,surface,ghana,31,7.1,operator,truck_operator,male,2020-11-12,monday,16.46,evening,0.3,hand_tools,other,other,other,torso,days_away,none
667,INC-B727E254,artisanal,underground,south_africa,36,8.7,operator,laborer,female,2023-12-14,saturday,0.91,night,2.6,none,walking,other,fracture,multiple,days_away,none
668,INC-3C55EEF5,formal_large,surface,south_africa,24,6.0,operator,other,male,2021-05-08,friday,12.05,morning,1.4,haul_truck,operating_equipment,struck_by_object,amputation,hand_finger,days_away,partial
669,INC-1C2C2D55,formal_small,underground,south_africa,37,19.0,operator,laborer,male,2023-07-15,monday,10.32,morning,2.6,none,other,struck_by_rock,laceration,hand_finger,days_away,full
670,INC-BDF402D4,formal_large,surface,south_africa,54,16.3,operator,mechanic_repairman,male,2024-10-05,friday,17.36,evening,10.2,mobile_equipment,other,other,fracture,hand_finger,temporary_disability,full
671,INC-7554B78A,formal_small,underground,drc,31,13.0,operator,supervisor,male,2022-08-06,thursday,11.84,morning,5.0,components_parts,drilling,other,laceration,multiple,fatality,none
672,INC-EE0E6F23,artisanal,surface,ghana,27,4.5,operator,excavator_operator,male,2022-09-24,friday,17.89,evening,9.5,mobile_equipment,maintenance_repair,falling,other,hand_finger,fatality,none
673,INC-FAF82940,artisanal,surface,drc,21,5.0,operator,welder,male,2023-06-16,friday,12.33,morning,4.6,haul_truck,cleaning_clearing,pit_collapse,contusion,foot_lower_leg,days_away,none
674,INC-4974E150,formal_small,surface,other,49,17.4,operator,other,male,2020-08-16,friday,13.36,morning,7.0,haul_truck,other,hit_by_moving,burns,upper_extremity,fatality,partial
675,INC-7A0057D5,formal_small,underground,ethiopia,65,30.3,operator,blaster,male,2020-06-12,thursday,2.68,night,7.2,components_parts,walking,struck_by_rock,laceration,foot_lower_leg,days_away,full
676,INC-6B06CA3D,artisanal,surface,zimbabwe,33,5.5,operator,mechanic_repairman,male,2020-11-27,friday,11.05,morning,6.0,haul_truck,other,falling,fracture,torso,days_away,none
677,INC-E189706F,formal_small,surface,drc,56,14.5,operator,mechanic_repairman,male,2022-02-23,saturday,7.4,morning,2.5,components_parts,operating_equipment,other,contusion,hand_finger,first_aid,full
678,INC-8CC86519,formal_large,underground,south_africa,44,10.1,operator,laborer,male,2024-03-13,wednesday,2.3,night,7.3,rock_drill,charging_up,struck_by_rock,other,head_face,days_away,none
679,INC-3B86CF31,formal_small,surface,ghana,51,21.7,operator,other,male,2022-12-31,friday,12.16,morning,3.5,mobile_equipment,other,other,contusion,foot_lower_leg,days_away,partial
680,INC-2C8DDF0C,formal_large,underground,zimbabwe,29,11.0,contractor,laborer,male,2024-04-18,thursday,14.97,evening,7.7,components_parts,other,fall_from_height,laceration,multiple,fatality,full
681,INC-0749757C,formal_large,surface,drc,28,10.0,contractor,truck_operator,female,2021-12-20,tuesday,8.25,morning,1.1,mobile_equipment,maintenance_repair,other,multiple,head_face,restricted_work,none
682,INC-0959DC30,formal_large,surface,drc,43,14.3,operator,truck_operator,male,2024-01-12,saturday,8.47,morning,3.7,haul_truck,maintenance_repair,struck_by_object,fracture,multiple,days_away,full
683,INC-659788BF,formal_small,surface,drc,46,9.1,operator,mechanic_repairman,male,2023-07-27,friday,11.07,morning,4.6,mobile_equipment,cleaning_clearing,other,multiple,multiple,restricted_work,none
684,INC-768115A5,artisanal,surface,tanzania,25,9.0,operator,other,male,2020-07-02,friday,12.94,morning,2.6,mobile_equipment,other,pit_collapse,abrasion,multiple,first_aid,none
685,INC-C2F50E58,formal_large,surface,zimbabwe,53,31.6,contractor,laborer,male,2022-08-11,wednesday,12.1,morning,11.4,mobile_equipment,directing_equipment,trapped_between,laceration,head_face,days_away,full
686,INC-E8074A7E,formal_small,surface,drc,37,11.8,contractor,laborer,female,2023-03-03,tuesday,12.0,morning,7.3,components_parts,maintenance_repair,other,amputation,foot_lower_leg,temporary_disability,full
687,INC-99456AF3,artisanal,surface,other,26,10.0,contractor,other,female,2021-11-30,friday,10.5,morning,4.1,haul_truck,directing_equipment,falling,laceration,foot_lower_leg,first_aid,none
688,INC-4149E64E,artisanal,underground,zimbabwe,29,6.9,contractor,laborer,male,2023-11-08,wednesday,12.98,morning,2.5,none,charging_up,other,abrasion,hand_finger,restricted_work,none
689,INC-32AC40DA,formal_small,underground,other,44,15.3,operator,driller,male,2022-01-28,wednesday,12.28,morning,4.5,none,drilling,fall_from_height,laceration,multiple,days_away,full
690,INC-E6A3D9A0,formal_large,surface,other,44,15.1,operator,other,male,2023-07-19,monday,14.59,evening,2.2,haul_truck,other,vehicle_motion,laceration,hand_finger,fatality,full
691,INC-6C1DC322,artisanal,surface,zimbabwe,28,12.0,operator,welder,male,2023-07-31,thursday,17.68,evening,0.8,hand_tools,directing_equipment,falling,abrasion,torso,days_away,none
692,INC-290A7907,formal_large,surface,south_africa,41,18.4,operator,mechanic_repairman,female,2021-02-06,thursday,11.82,morning,5.6,mobile_equipment,operating_equipment,other,laceration,torso,days_away,full
693,INC-46481DDE,formal_large,underground,south_africa,42,24.0,operator,driller,male,2020-04-30,wednesday,12.07,morning,0.0,none,charging_up,other,multiple,torso,fatality,full
694,INC-94435A72,artisanal,underground,drc,38,5.4,operator,driller,male,2024-05-21,thursday,15.06,evening,6.7,none,drilling,other,laceration,head_face,permanent_disability,none
695,INC-AFE40108,formal_small,surface,south_africa,34,16.0,operator,laborer,male,2024-03-10,monday,11.33,morning,6.0,hand_tools,other,hit_by_moving,multiple,multiple,temporary_disability,full
696,INC-8A7B4123,artisanal,surface,zimbabwe,29,13.0,contractor,laborer,male,2024-10-06,friday,11.71,morning,11.4,mobile_equipment,other,other,laceration,foot_lower_leg,temporary_disability,none
697,INC-2BD4E009,formal_small,underground,ethiopia,45,22.2,operator,driller,female,2020-04-14,thursday,1.84,night,4.8,drill_rig,drilling,other,multiple,head_face,days_away,full
698,INC-098DC5D0,artisanal,underground,other,38,17.6,contractor,laborer,male,2023-06-30,thursday,0.0,night,2.2,none,other,falling_object,other,torso,days_away,none
699,INC-AF26E1F2,formal_large,surface,drc,44,9.1,contractor,mechanic_repairman,male,2020-08-30,monday,9.48,morning,9.5,mobile_equipment,cleaning_clearing,other,multiple,foot_lower_leg,fatality,none
700,INC-D51A5F18,formal_large,underground,drc,38,17.9,operator,mechanic_repairman,male,2022-06-03,friday,11.48,morning,6.5,earth_moving,other,hit_by_moving,laceration,head_face,days_away,partial
701,INC-8ED03FB6,formal_large,surface,ghana,49,22.4,operator,other,male,2024-01-19,wednesday,10.59,morning,3.7,haul_truck,other,other,laceration,hand_finger,first_aid,none
702,INC-7E8CBC9C,formal_large,surface,south_africa,52,34.0,operator,truck_operator,male,2021-04-08,sunday,13.92,morning,7.5,mobile_equipment,operating_equipment,hit_by_moving,multiple,multiple,days_away,partial
703,INC-C6BB049D,artisanal,underground,tanzania,32,4.2,contractor,blaster,male,2021-11-14,thursday,11.95,morning,7.2,components_parts,other,falling_object,abrasion,upper_extremity,permanent_disability,none
704,INC-F1131FD1,formal_large,surface,south_africa,49,31.0,operator,welder,male,2022-06-15,friday,12.23,morning,3.4,components_parts,operating_equipment,hit_by_moving,burns,multiple,days_away,full
705,INC-C54616E4,formal_small,surface,ethiopia,33,15.0,operator,welder,male,2022-04-18,sunday,12.0,morning,5.2,mobile_equipment,cleaning_clearing,other,multiple,multiple,days_away,full
706,INC-A65C0DEF,artisanal,underground,other,30,13.1,operator,driller,male,2020-02-06,thursday,11.77,morning,8.9,earth_moving,charging_up,other,abrasion,foot_lower_leg,days_away,none
707,INC-ECF18900,artisanal,underground,ethiopia,31,15.0,contractor,laborer,female,2021-11-11,wednesday,8.9,morning,7.6,components_parts,drilling,struck_by_rock,fracture,hand_finger,days_away,none
708,INC-6D457DE2,formal_small,surface,ethiopia,43,19.7,operator,other,male,2024-03-23,thursday,11.75,morning,0.3,mobile_equipment,other,trapped_between,multiple,hand_finger,fatality,none
709,INC-C3D578E5,formal_small,surface,tanzania,34,16.0,operator,mechanic_repairman,male,2020-06-18,saturday,12.6,morning,1.2,mobile_equipment,other,hit_by_moving,laceration,hand_finger,days_away,full
710,INC-FBB0FF41,artisanal,underground,drc,21,5.0,operator,driller,male,2021-09-27,friday,10.58,morning,5.5,none,other,hit_by_moving,abrasion,multiple,days_away,none
711,INC-529BD46F,artisanal,surface,ghana,33,15.7,operator,truck_operator,female,2023-01-16,monday,7.17,morning,1.9,mobile_equipment,other,struck_by_object,fracture,hand_finger,permanent_disability,none
712,INC-E8929FC9,artisanal,underground,zimbabwe,36,17.9,contractor,driller,male,2021-12-01,monday,13.64,morning,2.0,none,other,falling_object,contusion,upper_extremity,permanent_disability,none
713,INC-330D8D6B,artisanal,surface,south_africa,37,14.3,operator,welder,male,2023-06-12,wednesday,12.55,morning,7.6,mobile_equipment,other,struck_by_object,abrasion,multiple,first_aid,none
714,INC-6C4F0E0B,artisanal,surface,ethiopia,21,4.6,contractor,other,male,2021-05-03,wednesday,11.37,morning,4.4,haul_truck,other,other,abrasion,upper_extremity,first_aid,none
715,INC-70B8016B,formal_large,surface,ghana,43,19.8,operator,welder,male,2020-12-12,monday,14.15,evening,0.7,mobile_equipment,other,other,amputation,head_face,first_aid,full
716,INC-21537A70,formal_small,underground,zimbabwe,34,16.0,operator,other,male,2024-08-12,tuesday,2.49,night,7.7,none,other,fall_from_height,multiple,head_face,fatality,partial
717,INC-97EAFD47,formal_large,underground,drc,55,37.0,operator,laborer,male,2023-10-05,thursday,3.37,night,2.7,components_parts,other,other,other,hand_finger,restricted_work,partial
718,INC-313CA01F,artisanal,surface,south_africa,20,4.0,operator,truck_operator,male,2021-06-30,sunday,12.22,morning,5.4,hand_tools,maintenance_repair,pit_collapse,other,torso,days_away,none
719,INC-AA6141D0,artisanal,surface,ethiopia,27,11.0,operator,other,male,2020-07-01,thursday,10.02,morning,5.8,mobile_equipment,other,falling,other,foot_lower_leg,fatality,none
720,INC-1193165A,formal_small,underground,south_africa,50,13.0,operator,driller,female,2022-03-12,saturday,3.63,night,1.9,components_parts,other,other,other,hand_finger,days_away,full
721,INC-1128A9B2,formal_small,surface,ghana,53,29.4,contractor,laborer,male,2023-11-15,friday,14.58,evening,9.9,mobile_equipment,maintenance_repair,struck_by_object,amputation,upper_extremity,restricted_work,full
722,INC-3561CF62,formal_large,surface,south_africa,52,26.7,contractor,mechanic_repairman,male,2023-01-24,thursday,11.05,morning,7.4,components_parts,lifting_lowering,other,multiple,foot_lower_leg,permanent_disability,none
723,INC-23B1A67C,artisanal,underground,south_africa,40,1.6,operator,driller,female,2023-07-04,monday,19.21,evening,8.6,drill_rig,drilling,hit_by_moving,abrasion,torso,days_away,none
724,INC-C4AFEF26,formal_large,underground,other,40,17.6,operator,supervisor,male,2022-08-18,thursday,20.6,evening,3.4,none,other,hit_by_moving,laceration,torso,days_away,full
725,INC-546F4696,formal_large,underground,other,38,12.6,contractor,mechanic_repairman,male,2024-07-23,monday,20.63,evening,9.1,earth_moving,barring_scaling,other,fracture,foot_lower_leg,days_away,none
726,INC-A169BE74,formal_large,surface,tanzania,59,19.1,operator,mechanic_repairman,male,2020-08-06,wednesday,13.26,morning,6.8,mobile_equipment,lifting_lowering,struck_by_object,multiple,upper_extremity,restricted_work,partial
727,INC-2BEF5CE4,formal_large,surface,ethiopia,41,23.0,operator,laborer,male,2024-01-25,sunday,11.78,morning,1.0,components_parts,other,other,burns,upper_extremity,days_away,full
728,INC-8D0163F0,formal_small,underground,drc,30,3.2,operator,driller,male,2024-10-31,wednesday,21.66,evening,6.2,none,other,hit_by_moving,other,hand_finger,first_aid,full
729,INC-EF1DA585,formal_small,surface,other,52,9.8,operator,welder,male,2024-03-22,friday,11.44,morning,9.5,mobile_equipment,other,hit_by_moving,amputation,hand_finger,first_aid,full
730,INC-0CBEB0C6,formal_large,surface,zimbabwe,44,4.4,operator,mechanic_repairman,male,2021-05-26,monday,13.0,morning,9.5,components_parts,maintenance_repair,other,laceration,upper_extremity,temporary_disability,none
731,INC-044A0F85,formal_large,underground,south_africa,57,21.9,operator,mechanic_repairman,male,2024-10-14,thursday,12.16,morning,3.6,components_parts,drilling,falling_object,multiple,upper_extremity,days_away,partial
732,INC-08ADEF72,formal_large,surface,tanzania,45,21.4,operator,welder,male,2024-10-26,thursday,12.26,morning,3.3,mobile_equipment,other,other,multiple,torso,days_away,full
733,INC-AB208B3D,formal_small,underground,other,42,10.4,operator,supervisor,male,2024-03-21,monday,10.9,morning,6.7,earth_moving,drilling,falling_object,laceration,upper_extremity,days_away,full
734,INC-6D07CC35,formal_large,surface,ghana,57,12.1,operator,other,male,2021-08-03,monday,11.24,morning,8.7,haul_truck,other,hit_by_moving,fracture,multiple,days_away,full
735,INC-D123CE53,artisanal,underground,zimbabwe,32,7.3,operator,mechanic_repairman,male,2023-12-25,friday,12.76,morning,10.0,earth_moving,other,other,laceration,head_face,first_aid,none
736,INC-8B4E5834,formal_large,surface,ghana,28,10.0,operator,supervisor,female,2024-04-14,friday,12.92,morning,1.7,mobile_equipment,directing_equipment,hit_by_moving,laceration,torso,temporary_disability,none
737,INC-0EB99AF7,formal_large,surface,ghana,37,7.5,contractor,excavator_operator,male,2020-12-24,thursday,13.8,morning,3.2,light_vehicle,other,other,fracture,upper_extremity,days_away,full
738,INC-40049F63,formal_small,underground,tanzania,34,16.0,operator,laborer,male,2021-04-17,monday,23.2,night,6.1,none,drilling,fall_from_height,multiple,multiple,days_away,full
739,INC-51336011,formal_small,surface,ghana,22,4.0,operator,mechanic_repairman,male,2023-10-10,sunday,14.36,evening,2.5,mobile_equipment,operating_equipment,struck_by_object,amputation,hand_finger,first_aid,full
740,INC-976AAB80,formal_large,underground,other,51,18.4,operator,other,male,2024-01-18,thursday,11.87,morning,1.8,none,other,struck_by_rock,laceration,multiple,days_away,full
741,INC-7422EE42,formal_large,surface,drc,37,19.0,operator,truck_operator,male,2023-03-01,sunday,17.49,evening,4.1,haul_truck,maintenance_repair,vehicle_motion,laceration,hand_finger,temporary_disability,none
742,INC-542830FD,artisanal,underground,south_africa,25,8.7,operator,driller,female,2022-09-15,tuesday,14.18,evening,2.0,components_parts,charging_up,other,abrasion,torso,fatality,none
743,INC-22F123DC,formal_large,underground,drc,51,9.2,operator,driller,male,2024-10-21,monday,2.52,night,5.9,earth_moving,other,other,contusion,foot_lower_leg,days_away,partial
744,INC-16FD795B,formal_small,surface,drc,46,19.3,operator,other,male,2021-09-13,monday,14.38,evening,10.5,mobile_equipment,operating_equipment,struck_by_object,laceration,foot_lower_leg,temporary_disability,partial
745,INC-F95ACFA1,formal_small,surface,zimbabwe,48,24.5,operator,laborer,male,2023-08-07,monday,11.25,morning,2.2,mobile_equipment,operating_equipment,trapped_between,multiple,head_face,first_aid,full
746,INC-374BBA10,formal_large,surface,zimbabwe,38,12.7,operator,truck_operator,male,2024-10-08,sunday,12.15,morning,6.4,hand_tools,cleaning_clearing,struck_by_object,laceration,torso,days_away,full
747,INC-A589E1C6,formal_small,underground,drc,35,11.9,operator,driller,male,2021-04-18,thursday,12.21,morning,4.5,none,other,struck_by_rock,laceration,hand_finger,days_away,full
748,INC-FDEE49D3,artisanal,underground,ghana,20,4.0,operator,driller,male,2020-05-10,wednesday,13.04,morning,4.9,none,other,fall_from_height,contusion,torso,temporary_disability,none
749,INC-AA96C004,artisanal,underground,south_africa,26,3.7,contractor,supervisor,male,2020-10-26,monday,2.55,night,10.4,earth_moving,other,falling_object,abrasion,multiple,permanent_disability,none
750,INC-95BD96A3,formal_large,surface,ghana,43,25.0,operator,laborer,male,2023-05-02,thursday,10.96,morning,0.9,hand_tools,maintenance_repair,other,laceration,hand_finger,fatality,none
751,INC-2FF5682C,formal_large,surface,ghana,51,11.3,operator,mechanic_repairman,male,2021-05-28,thursday,10.59,morning,11.2,components_parts,other,other,amputation,hand_finger,days_away,partial
752,INC-3DFD24A8,formal_large,underground,tanzania,42,14.9,contractor,driller,male,2023-07-27,monday,11.11,morning,4.9,none,walking,other,laceration,hand_finger,first_aid,none
753,INC-2D11558A,formal_small,underground,south_africa,36,18.0,operator,other,male,2022-05-26,wednesday,10.9,morning,0.6,earth_moving,other,other,other,head_face,fatality,full
754,INC-DE637C41,artisanal,surface,ethiopia,25,6.9,operator,truck_operator,male,2024-04-20,friday,11.96,morning,6.2,mobile_equipment,directing_equipment,struck_by_object,contusion,upper_extremity,first_aid,none
755,INC-7A0247FB,formal_large,surface,zimbabwe,31,7.2,contractor,truck_operator,male,2023-04-06,thursday,13.36,morning,4.9,haul_truck,other,hit_by_moving,fracture,upper_extremity,first_aid,full
756,INC-6963E244,formal_large,surface,drc,44,17.3,operator,other,male,2022-12-16,friday,13.13,morning,3.1,mobile_equipment,maintenance_repair,fall_slip,laceration,multiple,days_away,full
757,INC-556F2B94,artisanal,surface,zimbabwe,37,9.2,operator,laborer,male,2021-01-27,sunday,10.54,morning,8.3,mobile_equipment,lifting_lowering,falling,abrasion,foot_lower_leg,days_away,none
758,INC-78784E06,formal_large,surface,other,37,19.0,operator,welder,male,2021-08-17,friday,14.28,evening,0.3,components_parts,other,trapped_between,multiple,foot_lower_leg,days_away,full
759,INC-371A35B9,formal_small,surface,other,42,17.9,contractor,truck_operator,male,2021-03-01,wednesday,12.9,morning,2.8,haul_truck,other,struck_by_object,laceration,torso,permanent_disability,full
760,INC-3C2764BF,artisanal,surface,south_africa,37,5.9,operator,other,male,2020-04-22,tuesday,12.92,morning,4.9,none,other,pit_collapse,abrasion,head_face,first_aid,none
761,INC-C947C8D5,formal_large,underground,tanzania,40,6.6,contractor,other,male,2021-07-05,friday,22.74,night,5.7,components_parts,other,other,other,upper_extremity,days_away,partial
762,INC-E05B6C42,formal_large,underground,south_africa,38,9.8,operator,laborer,male,2024-09-30,friday,1.66,night,7.2,none,other,struck_by_rock,other,head_face,restricted_work,none
763,INC-3CA353DD,formal_large,underground,drc,45,5.9,operator,supervisor,male,2024-01-14,monday,11.0,morning,5.1,none,other,other,laceration,foot_lower_leg,days_away,full
764,INC-6115022D,artisanal,surface,ethiopia,23,1.6,operator,mechanic_repairman,male,2021-03-06,sunday,9.66,morning,5.0,mobile_equipment,directing_equipment,pit_collapse,abrasion,foot_lower_leg,fatality,none
765,INC-CEF6DC43,formal_large,surface,ghana,48,16.7,contractor,mechanic_repairman,male,2021-10-29,friday,14.99,evening,6.0,mobile_equipment,other,other,laceration,hand_finger,days_away,full
766,INC-DEF84155,formal_large,surface,south_africa,61,22.4,operator,other,male,2023-08-15,friday,11.2,morning,5.4,mobile_equipment,maintenance_repair,hit_by_moving,multiple,head_face,fatality,full
767,INC-46A288F2,formal_large,surface,ghana,50,12.7,contractor,other,male,2020-05-23,monday,13.13,morning,3.5,components_parts,maintenance_repair,fall_slip,laceration,hand_finger,days_away,full
768,INC-43CA2490,formal_large,surface,drc,58,15.4,operator,truck_operator,male,2023-08-09,sunday,13.21,morning,7.9,mobile_equipment,other,other,amputation,upper_extremity,permanent_disability,full
769,INC-2D25D5E6,artisanal,underground,drc,36,16.8,contractor,laborer,male,2022-09-22,tuesday,10.93,morning,8.6,drill_rig,other,falling_object,fracture,torso,days_away,none
770,INC-0DDECB0B,formal_large,underground,south_africa,35,15.4,operator,mechanic_repairman,male,2023-07-24,wednesday,12.17,morning,7.2,none,other,hit_by_moving,laceration,multiple,days_away,full
771,INC-BAA27DCC,formal_small,underground,ghana,27,9.0,operator,laborer,male,2020-01-11,thursday,13.68,morning,5.6,rock_drill,walking,hit_by_moving,other,upper_extremity,days_away,full
772,INC-76710A8F,formal_small,surface,ghana,42,20.6,operator,mechanic_repairman,male,2024-09-02,thursday,13.58,morning,4.5,mobile_equipment,operating_equipment,other,laceration,upper_extremity,days_away,full
773,INC-042255A4,artisanal,surface,ethiopia,35,19.0,operator,laborer,male,2023-05-15,sunday,6.09,morning,1.7,components_parts,maintenance_repair,pit_collapse,other,hand_finger,restricted_work,none
774,INC-02FC2EEF,formal_large,surface,south_africa,51,19.3,operator,mechanic_repairman,male,2020-11-09,tuesday,13.48,morning,3.1,mobile_equipment,other,vehicle_motion,laceration,upper_extremity,fatality,none
775,INC-B19A0D0D,artisanal,surface,ghana,22,6.0,operator,laborer,male,2024-03-17,wednesday,6.79,morning,3.5,mobile_equipment,maintenance_repair,pit_collapse,abrasion,hand_finger,days_away,none
776,INC-F16BF92B,artisanal,underground,other,30,10.1,contractor,driller,male,2020-02-23,wednesday,3.95,night,4.9,rock_drill,other,other,abrasion,foot_lower_leg,fatality,none
777,INC-904AD28B,formal_large,surface,zimbabwe,49,30.3,operator,laborer,male,2020-10-30,tuesday,11.41,morning,1.1,mobile_equipment,other,trapped_between,burns,multiple,temporary_disability,none
778,INC-DDDC7614,artisanal,underground,tanzania,33,7.7,operator,other,female,2023-12-14,wednesday,0.72,night,1.0,none,charging_up,other,fracture,multiple,first_aid,none
779,INC-6F773E71,artisanal,surface,zimbabwe,31,2.7,operator,laborer,male,2024-03-22,wednesday,12.6,morning,9.7,mobile_equipment,cleaning_clearing,falling,abrasion,hand_finger,permanent_disability,none
780,INC-453F39E9,formal_large,underground,zimbabwe,54,8.3,operator,supervisor,male,2020-06-27,thursday,1.72,night,7.1,none,drilling,other,laceration,torso,fatality,full
781,INC-E1279401,artisanal,underground,ethiopia,18,2.0,operator,supervisor,male,2023-05-24,thursday,10.89,morning,2.1,components_parts,drilling,hit_by_moving,laceration,foot_lower_leg,days_away,none
782,INC-B3D68D54,formal_small,surface,ghana,18,0.0,contractor,welder,male,2024-01-16,sunday,12.28,morning,3.6,components_parts,cleaning_clearing,other,amputation,torso,days_away,full
783,INC-C50A232F,artisanal,underground,south_africa,31,0.5,operator,supervisor,male,2020-06-28,thursday,21.69,evening,5.8,none,other,falling_object,laceration,multiple,days_away,none
784,INC-08156C64,artisanal,surface,other,35,16.0,operator,supervisor,female,2020-05-16,thursday,11.01,morning,2.8,components_parts,cleaning_clearing,other,laceration,multiple,temporary_disability,none
785,INC-E4411843,formal_small,underground,other,54,13.8,operator,driller,male,2021-02-20,thursday,19.51,evening,0.7,drill_rig,other,hit_by_moving,laceration,upper_extremity,days_away,none
786,INC-764C76DC,artisanal,underground,tanzania,41,22.9,operator,other,female,2021-02-07,monday,13.34,morning,9.9,earth_moving,other,other,contusion,upper_extremity,days_away,none
787,INC-9AAB8A1E,formal_large,underground,south_africa,46,28.0,operator,laborer,female,2021-02-19,wednesday,22.93,night,4.8,none,other,struck_by_rock,contusion,hand_finger,restricted_work,full
788,INC-2906665A,artisanal,underground,south_africa,26,10.0,contractor,other,male,2023-12-19,thursday,12.08,morning,8.8,drill_rig,charging_up,hit_by_moving,abrasion,upper_extremity,days_away,none
789,INC-D1916A13,artisanal,surface,south_africa,26,5.9,operator,other,female,2021-01-10,saturday,14.52,evening,6.5,mobile_equipment,operating_equipment,struck_by_object,laceration,hand_finger,days_away,none
790,INC-2FC1976B,formal_large,underground,other,28,10.0,operator,other,female,2022-08-27,thursday,19.8,evening,1.6,rock_drill,other,struck_by_rock,laceration,foot_lower_leg,days_away,full
791,INC-2CF20B70,formal_small,surface,drc,49,13.8,operator,laborer,male,2021-09-02,friday,11.97,morning,6.6,mobile_equipment,maintenance_repair,fall_slip,laceration,head_face,temporary_disability,full
792,INC-D30691A3,formal_large,surface,zimbabwe,44,15.9,contractor,welder,male,2021-08-06,wednesday,10.64,morning,2.3,mobile_equipment,other,fall_slip,multiple,torso,temporary_disability,none
793,INC-FD09D588,formal_large,surface,other,46,10.9,operator,other,male,2024-07-15,friday,12.75,morning,1.5,mobile_equipment,lifting_lowering,vehicle_motion,burns,hand_finger,permanent_disability,none
794,INC-C6946EBF,formal_large,underground,south_africa,52,28.1,operator,mechanic_repairman,male,2021-08-05,tuesday,20.9,evening,0.8,none,other,fall_from_height,laceration,foot_lower_leg,permanent_disability,none
795,INC-8C32832F,formal_large,surface,ethiopia,47,25.0,operator,welder,male,2021-02-13,saturday,9.94,morning,9.2,hand_tools,cleaning_clearing,other,amputation,upper_extremity,days_away,partial
796,INC-8C772AD6,formal_large,surface,south_africa,29,11.0,operator,mechanic_repairman,male,2021-02-19,friday,13.58,morning,5.3,mobile_equipment,lifting_lowering,struck_by_object,laceration,torso,restricted_work,partial
797,INC-EA0D9230,formal_large,underground,ghana,41,16.3,operator,other,male,2024-08-19,wednesday,11.69,morning,4.6,earth_moving,other,struck_by_rock,multiple,head_face,days_away,full
798,INC-F507227A,artisanal,surface,other,29,6.9,operator,mechanic_repairman,female,2024-03-05,wednesday,10.78,morning,6.3,mobile_equipment,lifting_lowering,other,laceration,hand_finger,first_aid,none
799,INC-D6B36920,artisanal,surface,other,32,11.7,operator,truck_operator,male,2022-09-30,saturday,12.0,morning,3.2,components_parts,operating_equipment,other,laceration,head_face,days_away,none
800,INC-34D6A777,artisanal,surface,south_africa,31,15.0,operator,mechanic_repairman,male,2022-10-02,friday,12.06,morning,6.3,mobile_equipment,maintenance_repair,pit_collapse,contusion,hand_finger,days_away,none
801,INC-6B1B200B,formal_large,surface,south_africa,27,9.0,contractor,supervisor,male,2022-08-02,sunday,10.31,morning,2.8,none,other,other,amputation,hand_finger,restricted_work,full
802,INC-A9C97528,artisanal,underground,ethiopia,35,7.8,operator,other,male,2022-12-07,wednesday,21.39,evening,3.1,components_parts,walking,falling_object,abrasion,multiple,days_away,none
803,INC-070F1CE4,formal_small,surface,south_africa,49,31.0,operator,mechanic_repairman,male,2023-05-15,friday,12.07,morning,0.6,mobile_equipment,other,fall_slip,laceration,multiple,fatality,full
804,INC-1489031B,formal_large,surface,ethiopia,56,17.2,operator,truck_operator,male,2020-04-17,thursday,6.54,morning,0.6,mobile_equipment,maintenance_repair,struck_by_object,contusion,hand_finger,temporary_disability,full
805,INC-7CAFAA07,formal_large,underground,ethiopia,31,13.0,operator,driller,male,2024-01-11,saturday,11.08,morning,5.8,earth_moving,other,fall_from_height,laceration,upper_extremity,days_away,full
806,INC-DFFF58EB,artisanal,underground,ghana,22,6.0,operator,supervisor,female,2023-10-11,wednesday,11.44,morning,7.9,earth_moving,other,struck_by_rock,abrasion,upper_extremity,temporary_disability,none
807,INC-4C18BCC7,formal_large,underground,ghana,36,18.0,operator,supervisor,male,2024-10-14,saturday,15.39,evening,5.3,none,other,other,other,upper_extremity,days_away,none
808,INC-936A2E31,formal_small,surface,south_africa,34,4.1,operator,other,male,2022-02-20,thursday,16.78,evening,8.6,components_parts,maintenance_repair,other,laceration,head_face,first_aid,none
809,INC-DA401083,artisanal,underground,other,33,3.7,operator,mechanic_repairman,male,2020-01-05,saturday,1.29,night,6.0,rock_drill,charging_up,struck_by_rock,abrasion,foot_lower_leg,days_away,none
810,INC-5DEB3A6D,formal_large,surface,ghana,38,15.8,operator,mechanic_repairman,male,2021-11-11,saturday,12.57,morning,6.5,mobile_equipment,directing_equipment,fall_slip,multiple,multiple,first_aid,full
811,INC-E11EE670,formal_large,surface,ethiopia,46,28.0,operator,excavator_operator,male,2021-12-27,sunday,11.36,morning,6.8,mobile_equipment,other,fall_slip,fracture,torso,first_aid,full
812,INC-3EEC1ACA,artisanal,surface,ghana,25,5.4,operator,other,male,2023-01-21,thursday,16.86,evening,0.4,mobile_equipment,directing_equipment,struck_by_object,fracture,hand_finger,temporary_disability,none
813,INC-AF91CFE8,formal_small,underground,tanzania,38,20.0,operator,laborer,male,2020-11-22,thursday,13.37,morning,10.2,components_parts,other,struck_by_rock,fracture,multiple,permanent_disability,partial
814,INC-FEE0E2B8,formal_large,surface,south_africa,49,13.0,operator,mechanic_repairman,male,2020-05-24,tuesday,13.23,morning,7.4,mobile_equipment,operating_equipment,fall_slip,fracture,hand_finger,restricted_work,full
815,INC-18327609,artisanal,underground,south_africa,29,11.2,operator,supervisor,male,2020-10-04,friday,2.33,night,4.9,none,other,other,abrasion,multiple,first_aid,none
816,INC-C7569AB8,artisanal,surface,tanzania,42,9.6,operator,truck_operator,male,2023-06-03,monday,10.31,morning,2.6,components_parts,other,struck_by_object,abrasion,upper_extremity,days_away,none
817,INC-BB6E00B9,formal_small,surface,tanzania,53,23.6,contractor,mechanic_repairman,male,2020-09-25,wednesday,14.92,evening,9.9,hand_tools,operating_equipment,other,fracture,multiple,days_away,full
818,INC-F96B7B1D,artisanal,surface,ghana,21,5.0,operator,laborer,female,2023-03-04,wednesday,11.72,morning,7.4,haul_truck,lifting_lowering,pit_collapse,contusion,foot_lower_leg,first_aid,none
819,INC-1B9514F9,formal_large,surface,ghana,53,12.9,operator,welder,male,2023-07-20,thursday,10.72,morning,3.6,light_vehicle,maintenance_repair,fall_slip,burns,hand_finger,permanent_disability,partial
820,INC-2B4E33F4,formal_large,surface,other,32,14.0,contractor,other,male,2022-11-04,tuesday,14.39,evening,3.4,haul_truck,operating_equipment,other,fracture,hand_finger,fatality,full
821,INC-993D6A26,formal_small,underground,south_africa,56,19.9,operator,other,male,2020-04-03,monday,10.54,morning,4.4,rock_drill,other,struck_by_rock,multiple,multiple,days_away,partial
822,INC-F371C944,formal_large,underground,south_africa,56,24.9,operator,laborer,male,2020-07-27,tuesday,11.84,morning,1.0,components_parts,other,fall_from_height,laceration,foot_lower_leg,days_away,full
823,INC-581B1A35,artisanal,surface,ghana,28,3.8,contractor,laborer,male,2024-03-07,thursday,15.24,evening,1.3,mobile_equipment,lifting_lowering,falling,other,upper_extremity,temporary_disability,none
824,INC-92AA8AEB,artisanal,surface,ghana,21,5.0,operator,laborer,male,2023-02-08,sunday,8.37,morning,1.9,components_parts,directing_equipment,struck_by_object,abrasion,hand_finger,temporary_disability,none
825,INC-5338B955,formal_large,surface,ethiopia,57,4.7,operator,other,male,2023-10-06,tuesday,11.04,morning,0.1,mobile_equipment,maintenance_repair,fall_slip,amputation,hand_finger,restricted_work,full
826,INC-18377C7C,formal_small,surface,tanzania,41,14.3,operator,mechanic_repairman,male,2024-09-13,friday,12.94,morning,2.7,haul_truck,operating_equipment,other,laceration,hand_finger,days_away,full
827,INC-831D5226,formal_large,surface,zimbabwe,35,17.0,operator,supervisor,male,2022-01-17,monday,17.28,evening,4.3,light_vehicle,lifting_lowering,other,laceration,foot_lower_leg,days_away,none
828,INC-F7F96AD8,artisanal,surface,ethiopia,31,13.2,operator,laborer,male,2024-06-26,friday,15.57,evening,7.5,haul_truck,other,falling,abrasion,head_face,temporary_disability,none
829,INC-59EDF4D5,formal_large,underground,ghana,33,8.2,operator,supervisor,male,2022-02-15,thursday,12.61,morning,5.3,none,drilling,other,contusion,multiple,temporary_disability,partial
830,INC-A78B3373,artisanal,surface,drc,38,19.1,operator,laborer,male,2024-07-09,sunday,11.87,morning,10.8,mobile_equipment,operating_equipment,falling,fracture,hand_finger,restricted_work,none
831,INC-576645D2,formal_small,surface,south_africa,32,14.0,operator,laborer,male,2023-05-23,wednesday,11.06,morning,0.9,components_parts,other,other,laceration,upper_extremity,first_aid,full
832,INC-F2ED1D75,formal_small,surface,ghana,43,25.0,contractor,mechanic_repairman,male,2021-02-10,saturday,12.24,morning,7.2,haul_truck,other,fall_slip,amputation,multiple,permanent_disability,full
833,INC-C35FB478,artisanal,surface,tanzania,31,12.8,contractor,supervisor,male,2020-01-20,monday,11.0,morning,7.1,mobile_equipment,other,falling,other,head_face,first_aid,none
834,INC-2CF775D4,artisanal,surface,ghana,29,13.0,operator,laborer,male,2024-07-29,wednesday,10.24,morning,6.7,mobile_equipment,other,pit_collapse,fracture,hand_finger,permanent_disability,none
835,INC-A657AE54,formal_small,surface,south_africa,51,27.5,operator,supervisor,male,2021-12-07,monday,13.74,morning,3.3,components_parts,other,vehicle_motion,multiple,head_face,days_away,full
836,INC-68D23B76,artisanal,underground,ghana,40,1.6,operator,laborer,male,2024-04-23,thursday,10.36,morning,4.8,none,other,other,laceration,torso,days_away,none
837,INC-165D2B77,artisanal,surface,tanzania,33,17.0,contractor,other,female,2020-11-24,wednesday,13.22,morning,5.7,none,other,pit_collapse,contusion,upper_extremity,days_away,none
838,INC-4570D573,formal_small,surface,south_africa,55,24.0,contractor,excavator_operator,female,2022-04-18,wednesday,11.99,morning,2.1,mobile_equipment,maintenance_repair,other,multiple,multiple,temporary_disability,partial
839,INC-765E321E,formal_small,surface,tanzania,38,14.8,operator,other,male,2020-11-26,friday,13.37,morning,0.6,mobile_equipment,operating_equipment,other,amputation,foot_lower_leg,first_aid,partial
840,INC-ACFD95B1,formal_large,surface,drc,42,9.5,operator,mechanic_repairman,male,2020-08-05,wednesday,14.76,evening,7.2,mobile_equipment,lifting_lowering,fall_slip,fracture,multiple,days_away,full
841,INC-5A055429,artisanal,surface,ethiopia,36,10.5,operator,mechanic_repairman,male,2022-10-02,saturday,12.4,morning,4.4,mobile_equipment,operating_equipment,pit_collapse,contusion,multiple,days_away,none
842,INC-B386AB10,formal_small,surface,south_africa,42,17.8,operator,truck_operator,male,2022-03-18,wednesday,12.11,morning,3.0,mobile_equipment,operating_equipment,other,fracture,foot_lower_leg,days_away,partial
843,INC-DB63026E,formal_small,surface,drc,36,18.0,operator,mechanic_repairman,female,2021-03-25,tuesday,12.48,morning,3.2,none,other,trapped_between,laceration,torso,fatality,full
844,INC-0693FB91,formal_large,surface,south_africa,49,10.9,operator,excavator_operator,male,2021-09-05,thursday,12.44,morning,6.0,mobile_equipment,other,other,laceration,torso,first_aid,partial
845,INC-F4B53144,artisanal,underground,other,35,9.1,operator,other,male,2021-11-16,sunday,4.47,night,4.6,none,walking,other,contusion,multiple,days_away,none
846,INC-6EACBE0C,formal_small,underground,tanzania,46,27.4,operator,supervisor,male,2021-02-08,thursday,12.56,morning,4.4,none,other,hit_by_moving,fracture,hand_finger,temporary_disability,partial
847,INC-CAF6CAA9,artisanal,surface,south_africa,18,2.0,operator,truck_operator,male,2023-08-02,friday,7.3,morning,5.8,haul_truck,operating_equipment,falling,abrasion,upper_extremity,days_away,none
848,INC-757C3080,formal_large,surface,drc,44,20.4,contractor,laborer,male,2021-06-23,saturday,13.53,morning,3.4,haul_truck,operating_equipment,other,fracture,hand_finger,days_away,partial
849,INC-3FE932BC,artisanal,underground,zimbabwe,30,14.0,operator,supervisor,male,2023-02-07,monday,20.29,evening,0.4,drill_rig,other,falling_object,fracture,multiple,days_away,none
850,INC-D4CF9ED2,formal_large,underground,zimbabwe,46,12.0,contractor,laborer,male,2023-09-09,tuesday,20.26,evening,5.2,none,walking,struck_by_rock,fracture,torso,days_away,full
851,INC-A15FC2FD,formal_large,underground,ghana,48,7.0,operator,blaster,male,2021-08-25,thursday,12.85,morning,1.9,drill_rig,other,other,laceration,multiple,permanent_disability,full
852,INC-5489941D,artisanal,surface,ethiopia,23,5.7,operator,other,male,2020-04-28,saturday,13.34,morning,7.3,haul_truck,other,falling,abrasion,hand_finger,days_away,none
853,INC-1D35AA4D,artisanal,surface,tanzania,24,8.0,operator,supervisor,male,2020-03-31,thursday,11.94,morning,6.0,hand_tools,cleaning_clearing,other,laceration,hand_finger,restricted_work,none
854,INC-33756D6C,formal_large,surface,other,48,8.1,operator,welder,male,2022-12-08,sunday,13.92,morning,7.0,haul_truck,operating_equipment,other,laceration,multiple,days_away,full
855,INC-8F10399C,formal_small,underground,ghana,35,17.0,contractor,driller,male,2020-02-18,thursday,12.0,morning,0.2,none,other,other,laceration,hand_finger,fatality,partial
856,INC-AD235E0A,artisanal,surface,ethiopia,41,7.2,operator,other,male,2020-08-13,wednesday,11.97,morning,3.8,mobile_equipment,other,other,contusion,hand_finger,days_away,none
857,INC-DBBFB7A7,artisanal,surface,tanzania,28,4.0,contractor,supervisor,male,2022-06-09,sunday,15.51,evening,6.6,light_vehicle,other,falling,contusion,foot_lower_leg,fatality,none
858,INC-73D6C51D,formal_small,surface,tanzania,51,31.8,contractor,supervisor,male,2021-06-05,wednesday,11.63,morning,1.9,hand_tools,operating_equipment,other,amputation,multiple,days_away,full
859,INC-B9D958A8,formal_small,surface,zimbabwe,45,12.1,operator,mechanic_repairman,male,2022-02-08,wednesday,11.06,morning,3.1,light_vehicle,other,other,multiple,hand_finger,days_away,full
860,INC-F60990E1,artisanal,surface,ghana,44,2.3,operator,laborer,male,2023-07-03,wednesday,13.06,morning,1.0,light_vehicle,operating_equipment,other,fracture,hand_finger,restricted_work,none
861,INC-35E9B202,artisanal,surface,drc,20,3.9,operator,mechanic_repairman,male,2023-12-25,friday,12.39,morning,7.8,none,other,pit_collapse,contusion,hand_finger,restricted_work,none
862,INC-315302D1,artisanal,surface,ghana,23,4.7,operator,truck_operator,female,2021-12-04,thursday,11.24,morning,10.5,light_vehicle,cleaning_clearing,pit_collapse,abrasion,hand_finger,days_away,none
863,INC-ABCD9161,formal_small,underground,south_africa,38,20.0,operator,other,male,2020-05-29,thursday,12.43,morning,5.0,none,other,struck_by_rock,laceration,head_face,first_aid,full
864,INC-8060A5BB,formal_large,surface,zimbabwe,45,6.5,operator,mechanic_repairman,male,2020-12-26,monday,11.62,morning,7.1,mobile_equipment,operating_equipment,other,amputation,upper_extremity,days_away,full
865,INC-F8F6F9DD,artisanal,surface,ghana,36,7.5,contractor,laborer,male,2024-03-31,wednesday,17.66,evening,4.8,mobile_equipment,cleaning_clearing,falling,contusion,hand_finger,first_aid,none
866,INC-DE872721,artisanal,underground,south_africa,28,12.0,operator,driller,male,2020-01-25,saturday,22.83,night,7.4,none,other,other,contusion,upper_extremity,days_away,none
867,INC-4214AAB8,artisanal,underground,south_africa,32,3.9,contractor,driller,female,2021-01-23,wednesday,0.72,night,0.8,earth_moving,barring_scaling,other,contusion,foot_lower_leg,days_away,none
868,INC-AE5F8EC0,formal_large,surface,tanzania,46,19.0,operator,mechanic_repairman,male,2024-11-02,thursday,12.96,morning,9.1,light_vehicle,operating_equipment,other,burns,hand_finger,fatality,none
869,INC-7AA0B98D,formal_large,surface,other,53,18.0,operator,welder,male,2021-10-02,friday,11.87,morning,11.0,haul_truck,lifting_lowering,other,multiple,upper_extremity,permanent_disability,full
870,INC-E712B293,artisanal,surface,zimbabwe,30,4.7,contractor,laborer,male,2020-03-02,sunday,11.95,morning,7.5,mobile_equipment,maintenance_repair,falling,abrasion,hand_finger,first_aid,none
871,INC-30319CA9,formal_large,surface,south_africa,33,15.0,operator,truck_operator,male,2024-04-19,sunday,13.12,morning,1.9,components_parts,directing_equipment,other,burns,multiple,days_away,full
872,INC-005E542F,artisanal,surface,drc,29,13.0,operator,truck_operator,male,2023-09-10,thursday,13.21,morning,7.3,haul_truck,other,falling,abrasion,foot_lower_leg,fatality,none
873,INC-FC95BFF1,formal_small,surface,ghana,55,20.2,contractor,other,male,2024-03-09,friday,10.49,morning,2.4,mobile_equipment,operating_equipment,struck_by_object,burns,hand_finger,days_away,full
874,INC-1B7AA563,artisanal,surface,other,28,5.9,contractor,other,male,2023-05-19,friday,11.7,morning,5.3,mobile_equipment,operating_equipment,pit_collapse,abrasion,hand_finger,days_away,none
875,INC-54DC3417,artisanal,surface,ethiopia,32,5.1,operator,other,male,2022-07-29,saturday,13.58,morning,4.6,components_parts,operating_equipment,struck_by_object,fracture,hand_finger,restricted_work,none
876,INC-30679AA0,formal_small,surface,south_africa,43,14.7,contractor,supervisor,male,2023-07-17,friday,10.48,morning,7.4,components_parts,lifting_lowering,struck_by_object,fracture,multiple,days_away,full
877,INC-D1B9118D,formal_large,surface,zimbabwe,38,14.7,operator,truck_operator,male,2020-05-29,friday,9.39,morning,8.6,mobile_equipment,maintenance_repair,hit_by_moving,burns,hand_finger,days_away,full
878,INC-5C5F13BC,artisanal,underground,ghana,35,5.3,operator,other,male,2020-07-06,thursday,13.17,morning,10.5,none,other,other,abrasion,torso,days_away,none
879,INC-DDD55458,formal_small,surface,drc,37,19.0,operator,mechanic_repairman,male,2022-12-14,thursday,11.68,morning,1.1,haul_truck,directing_equipment,other,amputation,upper_extremity,temporary_disability,full
880,INC-F8C99EE3,formal_small,surface,south_africa,33,15.0,operator,welder,male,2022-05-06,saturday,12.28,morning,6.4,mobile_equipment,other,struck_by_object,burns,foot_lower_leg,days_away,full
881,INC-234D42E1,artisanal,surface,other,42,8.6,operator,other,male,2023-10-22,friday,13.3,morning,10.5,mobile_equipment,other,pit_collapse,abrasion,upper_extremity,first_aid,none
882,INC-349DC848,artisanal,underground,drc,29,7.5,operator,laborer,female,2024-09-01,tuesday,12.62,morning,8.9,components_parts,other,other,fracture,upper_extremity,fatality,none
883,INC-E13A4283,formal_small,underground,other,26,4.6,operator,blaster,male,2021-04-23,thursday,23.68,night,5.8,components_parts,drilling,other,multiple,foot_lower_leg,days_away,full
884,INC-D914B70E,formal_large,surface,other,49,15.4,contractor,mechanic_repairman,male,2021-08-29,tuesday,14.79,evening,1.4,mobile_equipment,other,other,burns,hand_finger,restricted_work,full
885,INC-7D3C9719,formal_small,surface,south_africa,61,16.2,contractor,mechanic_repairman,male,2020-11-30,friday,12.08,morning,5.7,mobile_equipment,operating_equipment,struck_by_object,contusion,foot_lower_leg,temporary_disability,partial
886,INC-AE5E0598,formal_small,surface,zimbabwe,27,9.0,contractor,supervisor,male,2024-01-09,wednesday,12.36,morning,4.4,none,other,other,laceration,torso,restricted_work,full
887,INC-14A2C905,formal_large,surface,drc,33,15.0,operator,excavator_operator,female,2022-06-26,tuesday,10.41,morning,1.7,mobile_equipment,other,other,fracture,hand_finger,restricted_work,full
888,INC-5815FAE3,formal_large,underground,ghana,50,13.5,contractor,supervisor,male,2021-09-20,friday,21.39,evening,8.8,none,drilling,falling_object,other,torso,fatality,full
889,INC-3EFBB534,artisanal,surface,south_africa,28,4.8,operator,truck_operator,male,2023-09-30,friday,12.04,morning,6.6,hand_tools,other,falling,laceration,upper_extremity,days_away,none
890,INC-61530DC1,formal_large,underground,ghana,42,21.1,operator,driller,male,2022-04-30,thursday,10.63,morning,8.4,none,other,other,laceration,torso,days_away,none
891,INC-CD43515E,artisanal,surface,south_africa,27,6.1,operator,other,male,2022-07-10,friday,10.38,morning,0.0,mobile_equipment,maintenance_repair,other,laceration,upper_extremity,fatality,none
892,INC-3BAA1348,formal_large,surface,other,50,32.0,operator,excavator_operator,male,2024-03-01,sunday,12.7,morning,6.1,mobile_equipment,maintenance_repair,other,multiple,hand_finger,days_away,full
893,INC-A0719CB2,formal_large,underground,zimbabwe,42,24.0,operator,driller,male,2021-03-13,thursday,12.85,morning,7.8,components_parts,other,fall_from_height,other,hand_finger,days_away,full
894,INC-C333A8B0,artisanal,surface,tanzania,41,13.5,operator,other,male,2023-04-12,sunday,12.0,morning,1.0,haul_truck,operating_equipment,other,contusion,multiple,days_away,none
895,INC-EFA62A68,artisanal,underground,other,35,9.4,contractor,other,male,2024-05-05,tuesday,14.49,evening,10.5,rock_drill,other,falling_object,abrasion,head_face,days_away,none
896,INC-29FD8CEE,formal_large,surface,ghana,37,12.9,operator,truck_operator,female,2024-05-22,thursday,10.43,morning,6.7,light_vehicle,operating_equipment,struck_by_object,laceration,upper_extremity,temporary_disability,full
897,INC-45623F6A,formal_large,underground,drc,40,19.8,operator,driller,male,2024-05-11,saturday,18.83,evening,7.9,none,charging_up,other,laceration,hand_finger,fatality,full
898,INC-3A07CDD8,formal_large,surface,south_africa,20,2.0,operator,welder,female,2021-01-21,tuesday,10.52,morning,9.5,mobile_equipment,other,trapped_between,burns,upper_extremity,fatality,full
899,INC-32CCDEC5,formal_small,surface,south_africa,32,14.0,operator,mechanic_repairman,male,2023-04-17,monday,14.25,evening,4.6,hand_tools,other,other,contusion,hand_finger,temporary_disability,partial
900,INC-946E8E83,formal_small,underground,south_africa,52,9.1,contractor,driller,male,2022-11-14,thursday,21.92,evening,6.7,none,other,hit_by_moving,contusion,multiple,permanent_disability,partial
901,INC-72050CD3,formal_large,surface,ghana,54,18.4,operator,truck_operator,male,2020-05-15,sunday,14.27,evening,3.1,haul_truck,cleaning_clearing,other,laceration,upper_extremity,fatality,full
902,INC-F7F42423,formal_large,surface,ghana,56,17.2,operator,mechanic_repairman,male,2022-09-08,wednesday,17.96,evening,7.3,components_parts,lifting_lowering,trapped_between,burns,torso,permanent_disability,partial
903,INC-B0D08072,formal_small,underground,zimbabwe,47,29.0,operator,laborer,male,2021-02-27,friday,13.82,morning,6.4,earth_moving,other,struck_by_rock,contusion,head_face,days_away,full
904,INC-22BE1745,artisanal,surface,south_africa,18,2.0,operator,mechanic_repairman,male,2022-08-03,wednesday,12.25,morning,6.5,light_vehicle,lifting_lowering,falling,other,head_face,permanent_disability,none
905,INC-DEE529A5,artisanal,underground,south_africa,18,2.0,operator,other,male,2023-02-03,monday,2.92,night,3.3,none,walking,other,contusion,multiple,days_away,none
906,INC-B4871547,formal_small,surface,tanzania,21,3.0,operator,truck_operator,female,2023-06-27,friday,13.18,morning,12.0,mobile_equipment,maintenance_repair,struck_by_object,laceration,hand_finger,fatality,partial
907,INC-F10A620E,formal_large,surface,south_africa,36,17.1,operator,welder,male,2023-11-27,monday,12.56,morning,10.5,mobile_equipment,cleaning_clearing,hit_by_moving,laceration,multiple,permanent_disability,partial
908,INC-514CAF04,formal_large,surface,drc,55,25.6,operator,truck_operator,male,2022-12-04,friday,7.38,morning,4.6,components_parts,maintenance_repair,vehicle_motion,laceration,foot_lower_leg,fatality,full
909,INC-D51816C0,formal_large,surface,other,58,33.6,contractor,mechanic_repairman,female,2022-05-15,saturday,15.75,evening,5.3,haul_truck,maintenance_repair,other,laceration,multiple,days_away,partial
910,INC-90607060,artisanal,underground,tanzania,24,8.0,operator,laborer,female,2024-11-11,wednesday,2.95,night,2.9,earth_moving,drilling,hit_by_moving,contusion,torso,fatality,none
911,INC-39476DEF,artisanal,surface,ethiopia,32,13.8,operator,welder,male,2021-07-09,friday,13.03,morning,6.5,mobile_equipment,other,falling,laceration,torso,restricted_work,none
912,INC-2BDB843C,artisanal,surface,tanzania,30,4.6,operator,mechanic_repairman,male,2021-06-25,thursday,11.15,morning,5.9,components_parts,lifting_lowering,struck_by_object,fracture,hand_finger,days_away,none
913,INC-647A2C5B,artisanal,surface,tanzania,34,10.2,operator,mechanic_repairman,female,2024-06-03,monday,13.32,morning,7.5,haul_truck,cleaning_clearing,struck_by_object,contusion,foot_lower_leg,days_away,none
914,INC-195A3837,artisanal,surface,other,29,8.2,operator,other,male,2024-10-28,wednesday,11.98,morning,7.1,haul_truck,other,pit_collapse,abrasion,hand_finger,first_aid,none
915,INC-E5A11DE5,artisanal,surface,other,40,1.7,operator,welder,male,2021-11-27,wednesday,12.41,morning,6.1,mobile_equipment,directing_equipment,falling,laceration,upper_extremity,fatality,none
916,INC-53C1BF57,formal_large,underground,ghana,55,3.8,operator,driller,male,2024-04-22,thursday,10.8,morning,6.4,rock_drill,other,hit_by_moving,contusion,multiple,days_away,full
917,INC-26BAEF9B,formal_large,underground,ethiopia,40,13.3,operator,supervisor,male,2024-07-31,thursday,12.17,morning,0.6,earth_moving,charging_up,other,fracture,hand_finger,fatality,partial
918,INC-51F24E92,formal_large,underground,drc,30,12.0,operator,other,male,2024-04-03,thursday,12.23,morning,0.6,drill_rig,other,fall_from_height,contusion,hand_finger,days_away,full
919,INC-F1701DE1,formal_small,surface,south_africa,42,24.0,operator,supervisor,female,2022-08-30,wednesday,14.03,evening,6.6,mobile_equipment,operating_equipment,other,amputation,upper_extremity,first_aid,full
920,INC-DEA9E440,formal_large,surface,zimbabwe,43,11.9,operator,mechanic_repairman,male,2023-10-18,monday,13.55,morning,6.6,mobile_equipment,other,trapped_between,multiple,hand_finger,temporary_disability,none
921,INC-A2D62011,artisanal,surface,tanzania,36,2.4,operator,welder,male,2023-01-26,friday,10.51,morning,1.2,components_parts,operating_equipment,falling,abrasion,hand_finger,first_aid,none
922,INC-47E072BF,artisanal,underground,tanzania,31,8.8,contractor,laborer,male,2020-03-04,wednesday,20.46,evening,6.8,none,charging_up,hit_by_moving,contusion,multiple,fatality,none
923,INC-6889E256,formal_small,surface,ghana,57,28.7,operator,mechanic_repairman,male,2020-08-16,wednesday,8.17,morning,8.0,components_parts,maintenance_repair,other,laceration,foot_lower_leg,temporary_disability,full
924,INC-B85821BF,formal_large,surface,ghana,45,11.9,operator,welder,male,2024-09-12,thursday,11.07,morning,0.9,components_parts,other,other,amputation,hand_finger,first_aid,full
925,INC-564BA209,formal_large,surface,south_africa,43,10.1,operator,other,male,2021-05-03,wednesday,8.62,morning,6.0,components_parts,other,trapped_between,fracture,multiple,days_away,full
926,INC-DCFA9A94,formal_large,underground,ethiopia,43,17.4,operator,other,male,2020-11-15,thursday,11.23,morning,9.5,rock_drill,other,other,contusion,foot_lower_leg,restricted_work,none
927,INC-C40D2419,artisanal,underground,other,38,1.9,contractor,blaster,male,2024-11-14,wednesday,1.05,night,8.1,earth_moving,other,other,other,multiple,fatality,none
928,INC-BB953806,formal_small,underground,other,46,28.0,operator,laborer,male,2021-09-11,monday,12.92,morning,4.5,none,charging_up,fall_from_height,fracture,multiple,days_away,partial
929,INC-45986AC1,artisanal,surface,ghana,19,1.5,operator,other,male,2023-08-05,thursday,11.63,morning,7.8,mobile_equipment,lifting_lowering,falling,other,multiple,days_away,none
930,INC-C256D587,formal_large,underground,ghana,48,16.3,operator,other,male,2023-12-10,thursday,22.04,night,0.1,none,barring_scaling,hit_by_moving,multiple,foot_lower_leg,first_aid,full
931,INC-1D92ABD9,formal_small,surface,drc,36,18.0,operator,excavator_operator,male,2022-05-21,friday,13.11,morning,10.5,mobile_equipment,maintenance_repair,struck_by_object,multiple,foot_lower_leg,first_aid,partial
932,INC-D97888F9,formal_small,surface,tanzania,32,14.0,contractor,truck_operator,female,2023-03-02,monday,11.42,morning,11.7,components_parts,cleaning_clearing,trapped_between,burns,foot_lower_leg,restricted_work,full
933,INC-377CEED8,artisanal,surface,zimbabwe,30,8.1,contractor,laborer,male,2022-08-10,thursday,10.47,morning,0.9,hand_tools,directing_equipment,pit_collapse,other,upper_extremity,fatality,none
934,INC-542FFD61,artisanal,surface,ghana,31,0.9,operator,laborer,male,2022-04-10,friday,12.67,morning,1.9,mobile_equipment,operating_equipment,struck_by_object,laceration,foot_lower_leg,permanent_disability,none
935,INC-8BA5F003,formal_large,surface,south_africa,56,14.4,operator,welder,female,2020-06-09,friday,13.28,morning,2.4,light_vehicle,maintenance_repair,vehicle_motion,contusion,upper_extremity,days_away,full
936,INC-A4434C93,artisanal,surface,drc,35,3.4,operator,welder,female,2020-07-09,sunday,9.01,morning,4.1,haul_truck,lifting_lowering,struck_by_object,fracture,torso,days_away,none
937,INC-1CEA2E7D,formal_large,surface,ethiopia,27,9.0,operator,welder,male,2023-12-01,friday,14.08,evening,0.4,haul_truck,other,struck_by_object,multiple,hand_finger,fatality,partial
938,INC-F5AB694D,artisanal,surface,ghana,18,2.0,operator,truck_operator,female,2024-04-04,friday,12.79,morning,4.1,mobile_equipment,operating_equipment,struck_by_object,laceration,hand_finger,restricted_work,none
939,INC-83A466B4,formal_large,underground,other,58,16.5,contractor,supervisor,female,2020-05-10,friday,2.21,night,7.8,components_parts,barring_scaling,other,multiple,foot_lower_leg,days_away,full
940,INC-FEBBB994,formal_large,surface,tanzania,24,6.0,operator,excavator_operator,male,2021-07-17,saturday,12.81,morning,11.0,mobile_equipment,other,other,multiple,hand_finger,temporary_disability,full
941,INC-45BA2B9A,artisanal,surface,other,28,7.1,operator,mechanic_repairman,male,2021-12-07,sunday,13.38,morning,9.1,mobile_equipment,cleaning_clearing,struck_by_object,laceration,head_face,permanent_disability,none
942,INC-0758BCD3,formal_large,surface,zimbabwe,37,17.6,operator,excavator_operator,male,2020-03-14,saturday,9.84,morning,6.0,mobile_equipment,operating_equipment,struck_by_object,laceration,upper_extremity,first_aid,full
943,INC-72C02CFC,formal_small,underground,zimbabwe,52,19.7,operator,supervisor,male,2022-01-19,wednesday,10.3,morning,7.3,none,other,fall_from_height,contusion,multiple,days_away,partial
944,INC-7FE9842D,formal_small,surface,other,43,15.0,contractor,welder,male,2024-10-02,friday,10.69,morning,5.5,components_parts,other,other,laceration,foot_lower_leg,days_away,partial
945,INC-FC37093D,formal_large,surface,other,30,9.6,operator,welder,male,2023-01-06,saturday,11.75,morning,5.7,light_vehicle,maintenance_repair,struck_by_object,laceration,hand_finger,days_away,full
946,INC-C49F05F6,artisanal,surface,other,33,7.1,contractor,truck_operator,female,2024-07-21,wednesday,13.16,morning,6.8,mobile_equipment,other,pit_collapse,abrasion,hand_finger,days_away,none
947,INC-4CB4F147,artisanal,surface,drc,34,11.5,operator,laborer,male,2022-01-28,sunday,11.5,morning,8.7,components_parts,lifting_lowering,pit_collapse,fracture,multiple,first_aid,none
948,INC-603D276E,artisanal,surface,zimbabwe,39,14.7,operator,welder,male,2023-10-11,tuesday,14.14,evening,1.5,mobile_equipment,maintenance_repair,falling,contusion,multiple,restricted_work,none
949,INC-92CF14DF,formal_large,surface,south_africa,47,29.0,operator,mechanic_repairman,male,2024-10-20,tuesday,14.92,evening,6.0,components_parts,other,struck_by_object,multiple,foot_lower_leg,temporary_disability,full
950,INC-0333C8F1,formal_small,surface,ghana,43,13.3,operator,truck_operator,male,2022-09-10,tuesday,12.91,morning,1.5,mobile_equipment,cleaning_clearing,other,amputation,multiple,days_away,none
951,INC-6D0BDA30,formal_large,surface,other,40,6.9,operator,mechanic_repairman,female,2023-12-27,friday,14.18,evening,7.6,light_vehicle,other,other,laceration,head_face,restricted_work,partial
952,INC-B194EDB5,formal_large,surface,ghana,37,19.0,operator,truck_operator,female,2020-12-22,thursday,7.05,morning,11.5,components_parts,lifting_lowering,struck_by_object,amputation,hand_finger,fatality,partial
953,INC-BA908B9C,formal_large,surface,drc,42,10.6,operator,excavator_operator,male,2024-10-17,friday,14.13,evening,6.8,components_parts,other,struck_by_object,laceration,hand_finger,fatality,full
954,INC-43B7365E,artisanal,surface,other,36,15.7,operator,truck_operator,female,2024-12-06,thursday,11.05,morning,8.5,mobile_equipment,maintenance_repair,falling,laceration,multiple,days_away,none
955,INC-F1B848F5,artisanal,surface,other,30,14.0,operator,truck_operator,male,2022-08-05,thursday,10.64,morning,10.8,components_parts,lifting_lowering,struck_by_object,other,torso,days_away,none
956,INC-4885E9D8,artisanal,surface,other,35,1.0,operator,truck_operator,male,2020-07-03,saturday,15.38,evening,6.1,mobile_equipment,lifting_lowering,pit_collapse,laceration,head_face,days_away,none
957,INC-B0AB8F81,formal_small,surface,ethiopia,37,19.0,operator,truck_operator,female,2021-07-05,thursday,13.59,morning,0.5,mobile_equipment,other,fall_slip,contusion,foot_lower_leg,days_away,full
958,INC-8C280322,formal_small,surface,zimbabwe,65,13.0,operator,mechanic_repairman,female,2021-07-09,friday,15.19,evening,3.8,mobile_equipment,other,other,laceration,upper_extremity,days_away,full
959,INC-2E64229B,formal_small,surface,other,40,22.0,contractor,other,male,2024-11-26,saturday,10.5,morning,9.0,haul_truck,lifting_lowering,vehicle_motion,fracture,hand_finger,first_aid,full
960,INC-D94E23AD,formal_small,surface,south_africa,39,21.0,operator,excavator_operator,male,2020-04-17,tuesday,12.86,morning,7.3,mobile_equipment,operating_equipment,fall_slip,burns,torso,restricted_work,partial
961,INC-B29D06BD,formal_small,surface,south_africa,37,16.9,operator,laborer,male,2020-05-28,thursday,13.53,morning,6.2,mobile_equipment,cleaning_clearing,hit_by_moving,amputation,multiple,permanent_disability,full
962,INC-A3DE42C0,formal_large,surface,other,59,24.0,operator,mechanic_repairman,male,2024-03-02,tuesday,13.65,morning,4.0,mobile_equipment,other,struck_by_object,laceration,hand_finger,fatality,partial
963,INC-1FF61891,formal_large,surface,tanzania,27,9.0,operator,other,male,2024-08-19,friday,9.29,morning,0.5,none,maintenance_repair,struck_by_object,contusion,foot_lower_leg,days_away,none
964,INC-66CE8F3E,artisanal,surface,zimbabwe,29,4.4,contractor,excavator_operator,male,2021-04-14,friday,13.8,morning,5.2,mobile_equipment,other,falling,fracture,hand_finger,days_away,none
965,INC-5F683920,formal_small,surface,south_africa,46,12.7,operator,welder,male,2020-06-23,monday,10.07,morning,1.1,mobile_equipment,other,other,amputation,torso,days_away,full
966,INC-56E76B67,artisanal,underground,zimbabwe,31,3.3,contractor,driller,male,2024-09-26,sunday,1.15,night,4.5,none,walking,fall_from_height,abrasion,multiple,fatality,none
967,INC-2B0D8566,formal_large,surface,other,40,22.0,operator,laborer,male,2024-01-13,monday,12.3,morning,9.2,hand_tools,cleaning_clearing,other,fracture,upper_extremity,days_away,partial
968,INC-9D102A08,formal_small,surface,ethiopia,29,11.0,operator,truck_operator,female,2023-08-20,friday,9.94,morning,0.0,mobile_equipment,directing_equipment,struck_by_object,laceration,head_face,first_aid,full
969,INC-EC1F9920,formal_large,underground,ghana,35,17.0,operator,laborer,male,2023-11-25,sunday,2.65,night,5.4,none,other,fall_from_height,laceration,upper_extremity,permanent_disability,full
970,INC-F0732951,formal_large,surface,ethiopia,46,25.1,operator,other,female,2024-09-25,friday,10.31,morning,3.2,mobile_equipment,other,fall_slip,multiple,multiple,first_aid,full
971,INC-6B74AA21,formal_large,surface,other,34,16.0,contractor,mechanic_repairman,male,2023-04-19,thursday,14.76,evening,6.5,components_parts,cleaning_clearing,other,laceration,foot_lower_leg,restricted_work,partial
972,INC-C7DE7BA7,formal_large,surface,other,45,11.8,operator,other,male,2020-07-02,wednesday,11.69,morning,7.9,mobile_equipment,operating_equipment,hit_by_moving,laceration,torso,temporary_disability,partial
973,INC-9171A142,artisanal,underground,ghana,36,20.0,operator,driller,female,2023-11-29,thursday,12.58,morning,1.7,drill_rig,other,other,fracture,hand_finger,days_away,none
974,INC-7CD6DFA4,formal_large,underground,ethiopia,59,24.1,operator,driller,male,2020-06-04,friday,13.74,morning,7.0,none,walking,other,other,head_face,permanent_disability,partial
975,INC-20FD6492,artisanal,surface,ghana,30,8.2,operator,other,male,2020-06-09,wednesday,13.39,morning,6.5,mobile_equipment,other,pit_collapse,abrasion,hand_finger,restricted_work,none
976,INC-477238AC,formal_small,underground,zimbabwe,44,26.0,contractor,mechanic_repairman,male,2022-06-01,thursday,2.32,night,8.2,none,other,struck_by_rock,contusion,head_face,permanent_disability,none
977,INC-0A1349AC,formal_small,surface,south_africa,29,11.0,operator,welder,male,2021-11-13,monday,13.94,morning,4.8,hand_tools,maintenance_repair,vehicle_motion,multiple,hand_finger,days_away,full
978,INC-11FD0EED,formal_small,surface,zimbabwe,34,16.0,contractor,other,female,2022-11-01,thursday,11.23,morning,8.7,mobile_equipment,cleaning_clearing,other,fracture,multiple,days_away,full
979,INC-0D3BD8F5,formal_large,surface,ethiopia,40,22.0,operator,mechanic_repairman,male,2021-09-06,friday,11.91,morning,6.8,haul_truck,operating_equipment,hit_by_moving,fracture,torso,restricted_work,full
980,INC-803F724B,artisanal,surface,ghana,33,7.4,contractor,laborer,male,2024-03-22,saturday,15.08,evening,3.9,components_parts,other,falling,contusion,hand_finger,days_away,none
981,INC-641249F4,artisanal,surface,ghana,37,5.6,operator,truck_operator,male,2024-11-27,friday,14.84,evening,2.0,mobile_equipment,other,pit_collapse,abrasion,hand_finger,days_away,none
982,INC-C8931DC5,artisanal,underground,south_africa,35,5.4,contractor,laborer,male,2024-10-28,wednesday,4.76,night,8.2,drill_rig,charging_up,other,abrasion,head_face,days_away,none
983,INC-009F57AA,formal_small,surface,south_africa,39,7.1,operator,truck_operator,male,2022-05-12,tuesday,10.79,morning,0.3,light_vehicle,other,hit_by_moving,amputation,upper_extremity,fatality,partial
984,INC-F558DBA0,formal_large,surface,tanzania,44,26.0,operator,welder,male,2022-08-21,wednesday,11.59,morning,6.1,mobile_equipment,maintenance_repair,struck_by_object,laceration,torso,days_away,full
985,INC-8EBA972F,artisanal,surface,south_africa,39,5.4,operator,laborer,female,2020-03-31,friday,7.96,morning,10.1,mobile_equipment,maintenance_repair,falling,contusion,head_face,days_away,none
986,INC-23799B3E,formal_large,surface,south_africa,45,27.0,contractor,laborer,male,2024-05-25,friday,15.59,evening,9.8,mobile_equipment,other,fall_slip,fracture,torso,first_aid,partial
987,INC-A8A241F6,formal_large,surface,other,59,15.4,contractor,truck_operator,male,2021-04-18,friday,6.16,morning,7.0,haul_truck,other,trapped_between,burns,head_face,days_away,none
988,INC-D56D41A4,formal_large,underground,ghana,42,24.0,operator,supervisor,male,2021-03-27,monday,12.85,morning,3.3,none,charging_up,fall_from_height,laceration,foot_lower_leg,temporary_disability,partial
989,INC-53AFA259,artisanal,surface,other,47,5.7,operator,truck_operator,male,2024-03-21,thursday,11.58,morning,3.1,mobile_equipment,operating_equipment,other,laceration,upper_extremity,days_away,none
990,INC-769B5FBB,artisanal,surface,ethiopia,35,5.3,operator,truck_operator,male,2024-11-25,monday,8.05,morning,5.5,mobile_equipment,directing_equipment,struck_by_object,abrasion,hand_finger,days_away,none
991,INC-CE20971A,artisanal,surface,tanzania,27,11.0,operator,laborer,male,2024-06-16,saturday,10.05,morning,5.9,mobile_equipment,other,falling,abrasion,multiple,fatality,none
992,INC-9E0337A2,artisanal,underground,ethiopia,34,18.0,operator,other,male,2020-02-12,wednesday,11.89,morning,6.1,drill_rig,drilling,fall_from_height,laceration,multiple,days_away,none
993,INC-80721379,formal_large,underground,south_africa,32,9.9,operator,driller,male,2024-08-20,tuesday,10.86,morning,5.4,none,other,falling_object,other,hand_finger,days_away,full
994,INC-E6395CE3,artisanal,surface,drc,34,18.0,operator,mechanic_repairman,female,2022-02-09,wednesday,13.07,morning,6.3,mobile_equipment,other,falling,contusion,torso,restricted_work,none
995,INC-A3FE7EB3,formal_small,surface,drc,53,25.4,operator,welder,male,2020-09-20,monday,13.72,morning,0.8,components_parts,cleaning_clearing,other,multiple,upper_extremity,permanent_disability,none
996,INC-FDC9FCAB,artisanal,surface,ghana,35,1.7,operator,other,male,2020-10-01,friday,13.28,morning,0.7,mobile_equipment,directing_equipment,pit_collapse,fracture,upper_extremity,days_away,none
997,INC-FCA66C6B,formal_large,underground,drc,54,16.3,operator,blaster,male,2023-06-10,saturday,10.72,morning,5.1,earth_moving,barring_scaling,other,laceration,torso,first_aid,full
998,INC-32F99B0F,artisanal,underground,zimbabwe,41,4.8,operator,mechanic_repairman,female,2024-01-14,sunday,21.94,evening,10.1,components_parts,charging_up,fall_from_height,abrasion,foot_lower_leg,days_away,none
999,INC-F24F0C1C,formal_large,underground,other,45,10.3,operator,mechanic_repairman,male,2022-01-04,thursday,18.68,evening,8.3,none,other,struck_by_rock,contusion,multiple,permanent_disability,full
1000,INC-146585F0,formal_large,surface,drc,40,10.2,operator,other,male,2023-01-02,friday,11.35,morning,11.2,mobile_equipment,maintenance_repair,fall_slip,multiple,head_face,temporary_disability,full
1001,INC-5DBCCE8A,formal_small,surface,south_africa,48,23.4,operator,excavator_operator,male,2023-09-04,thursday,13.54,morning,4.3,components_parts,other,struck_by_object,contusion,upper_extremity,fatality,partial
1002,INC-B302A53E,formal_large,surface,other,40,22.0,contractor,truck_operator,male,2022-02-09,friday,12.35,morning,8.5,haul_truck,other,struck_by_object,fracture,multiple,temporary_disability,full
1003,INC-481322FE,formal_large,surface,other,23,5.0,contractor,excavator_operator,male,2024-02-14,thursday,15.36,evening,11.3,haul_truck,other,other,fracture,hand_finger,first_aid,full
1004,INC-5ACCD16D,artisanal,surface,tanzania,19,1.3,operator,welder,female,2021-06-16,saturday,6.38,morning,4.7,mobile_equipment,operating_equipment,other,laceration,multiple,fatality,none
1005,INC-C761F9EA,formal_small,surface,south_africa,48,16.4,contractor,mechanic_repairman,male,2021-04-22,friday,14.88,evening,6.0,mobile_equipment,operating_equipment,other,fracture,foot_lower_leg,fatality,partial
1006,INC-A4D3E01A,artisanal,surface,drc,41,25.0,operator,other,female,2022-05-22,friday,11.66,morning,3.7,haul_truck,directing_equipment,falling,laceration,upper_extremity,restricted_work,none
1007,INC-9453D177,formal_large,underground,ethiopia,51,22.2,operator,laborer,female,2022-07-02,thursday,20.91,evening,9.3,earth_moving,walking,fall_from_height,fracture,foot_lower_leg,days_away,full
1008,INC-02F4E2A5,artisanal,underground,ghana,43,10.0,operator,mechanic_repairman,male,2021-07-28,saturday,1.35,night,4.3,none,other,other,abrasion,hand_finger,days_away,none
1009,INC-6667725D,formal_small,underground,other,56,14.2,contractor,other,male,2021-08-20,friday,11.34,morning,9.8,rock_drill,walking,hit_by_moving,laceration,multiple,temporary_disability,partial
1010,INC-A0B29E5C,artisanal,underground,ethiopia,34,13.2,operator,other,male,2021-07-07,tuesday,15.66,evening,4.0,components_parts,charging_up,falling_object,laceration,upper_extremity,days_away,none
1011,INC-8626F582,formal_small,underground,other,36,18.0,operator,other,male,2022-04-12,sunday,12.18,morning,5.5,drill_rig,other,fall_from_height,laceration,multiple,days_away,full
1012,INC-2FC7B98F,formal_small,surface,tanzania,45,23.5,operator,truck_operator,male,2023-06-19,monday,13.57,morning,2.9,mobile_equipment,cleaning_clearing,fall_slip,laceration,upper_extremity,temporary_disability,partial
1013,INC-BA22D0D9,artisanal,surface,ghana,34,7.0,operator,truck_operator,female,2021-06-14,thursday,8.82,morning,10.6,mobile_equipment,operating_equipment,pit_collapse,abrasion,multiple,first_aid,none
1014,INC-C0D66762,formal_large,surface,other,45,17.9,operator,welder,male,2023-06-03,friday,12.27,morning,10.4,none,other,vehicle_motion,fracture,torso,days_away,full
1015,INC-81EA4D5B,formal_large,surface,ethiopia,43,25.0,operator,other,male,2021-09-12,wednesday,12.5,morning,6.7,components_parts,maintenance_repair,struck_by_object,fracture,hand_finger,temporary_disability,partial
1016,INC-1E1B3E0E,artisanal,surface,zimbabwe,29,7.4,operator,supervisor,male,2020-12-15,wednesday,11.88,morning,6.0,components_parts,maintenance_repair,falling,contusion,hand_finger,first_aid,none
1017,INC-2C974271,artisanal,underground,ghana,30,14.0,operator,other,male,2021-05-12,thursday,22.42,night,0.7,earth_moving,drilling,struck_by_rock,abrasion,head_face,days_away,none
1018,INC-B533666D,formal_large,underground,south_africa,44,24.5,operator,blaster,male,2024-02-04,monday,21.36,evening,10.3,components_parts,walking,fall_from_height,contusion,foot_lower_leg,first_aid,full
1019,INC-D95177C9,formal_small,underground,tanzania,43,22.3,contractor,laborer,male,2021-06-28,tuesday,2.24,night,6.2,none,other,other,laceration,torso,days_away,full
1020,INC-D8A341BC,artisanal,underground,ghana,35,8.1,contractor,supervisor,male,2023-03-31,friday,10.01,morning,0.8,earth_moving,other,other,abrasion,foot_lower_leg,permanent_disability,none
1021,INC-2B960701,artisanal,underground,other,35,8.3,operator,laborer,male,2022-11-21,tuesday,1.94,night,9.6,drill_rig,other,falling_object,abrasion,foot_lower_leg,first_aid,none
1022,INC-6DFE3D39,artisanal,surface,other,35,12.5,operator,mechanic_repairman,male,2023-06-18,sunday,13.12,morning,2.7,mobile_equipment,other,pit_collapse,contusion,torso,fatality,none
1023,INC-FCBD97E6,formal_small,underground,drc,45,23.8,operator,driller,female,2023-01-01,friday,12.59,morning,0.3,none,other,hit_by_moving,multiple,torso,restricted_work,full
1024,INC-D13608DE,artisanal,underground,south_africa,35,11.5,operator,supervisor,female,2024-12-22,friday,11.19,morning,6.9,none,other,fall_from_height,other,head_face,fatality,none
1025,INC-636AEFBB,formal_large,underground,tanzania,50,27.5,operator,other,female,2024-08-08,monday,4.54,night,4.5,earth_moving,drilling,struck_by_rock,multiple,multiple,first_aid,full
1026,INC-DA2F9E3F,artisanal,surface,south_africa,37,7.9,operator,laborer,female,2021-08-13,saturday,13.35,morning,9.9,mobile_equipment,operating_equipment,other,abrasion,hand_finger,days_away,none
1027,INC-3DFD8A9C,formal_small,surface,drc,54,13.5,operator,other,male,2021-12-14,sunday,17.96,evening,8.3,components_parts,other,fall_slip,fracture,hand_finger,first_aid,full
1028,INC-87692716,artisanal,underground,zimbabwe,36,5.5,operator,laborer,female,2021-10-30,wednesday,11.63,morning,0.8,none,drilling,hit_by_moving,fracture,hand_finger,permanent_disability,none
1029,INC-DB0DCEA4,formal_small,surface,other,35,6.1,operator,laborer,male,2023-04-15,thursday,13.6,morning,0.0,hand_tools,directing_equipment,struck_by_object,amputation,hand_finger,fatality,partial
1030,INC-18B9F01E,formal_small,surface,ghana,41,23.0,contractor,mechanic_repairman,male,2022-06-11,monday,9.44,morning,5.1,components_parts,directing_equipment,other,fracture,multiple,fatality,full
1031,INC-8C98982E,artisanal,surface,ghana,23,5.2,contractor,excavator_operator,male,2024-10-28,monday,12.24,morning,5.7,mobile_equipment,maintenance_repair,pit_collapse,other,hand_finger,days_away,none
1032,INC-4ADF2573,formal_small,surface,other,38,19.6,operator,other,male,2023-07-29,friday,14.88,evening,8.6,components_parts,cleaning_clearing,other,fracture,foot_lower_leg,days_away,full
1033,INC-A9F67D4B,artisanal,surface,zimbabwe,36,15.9,operator,mechanic_repairman,male,2022-05-01,saturday,7.75,morning,2.2,haul_truck,other,falling,other,hand_finger,days_away,none
1034,INC-FF97936A,formal_small,underground,other,37,14.9,operator,driller,male,2021-08-01,thursday,19.86,evening,2.5,earth_moving,walking,falling_object,laceration,hand_finger,days_away,full
1035,INC-DC0E812C,artisanal,underground,other,43,8.5,operator,blaster,female,2023-11-23,monday,14.32,evening,3.9,components_parts,other,fall_from_height,abrasion,head_face,days_away,none
1036,INC-170A7EBE,formal_large,underground,zimbabwe,27,9.0,contractor,supervisor,male,2024-02-23,thursday,12.82,morning,0.4,earth_moving,other,falling_object,fracture,foot_lower_leg,days_away,full
1037,INC-D2B4574F,formal_small,surface,zimbabwe,43,11.0,operator,excavator_operator,female,2024-11-05,thursday,14.43,evening,3.7,mobile_equipment,other,other,fracture,foot_lower_leg,days_away,full
1038,INC-FAFB9EE6,formal_small,surface,ethiopia,47,20.7,operator,laborer,male,2022-09-25,thursday,14.2,evening,5.1,haul_truck,operating_equipment,struck_by_object,laceration,foot_lower_leg,first_aid,full
1039,INC-CFB5DEDF,formal_large,surface,drc,41,18.7,operator,laborer,female,2023-12-13,saturday,12.91,morning,10.9,mobile_equipment,maintenance_repair,vehicle_motion,multiple,upper_extremity,fatality,none
1040,INC-F52D5AD0,formal_large,surface,other,42,24.0,operator,mechanic_repairman,male,2024-05-30,tuesday,13.48,morning,10.7,components_parts,maintenance_repair,fall_slip,amputation,foot_lower_leg,first_aid,full
1041,INC-E9FF74D6,artisanal,surface,ghana,30,4.3,operator,truck_operator,female,2020-05-26,monday,9.32,morning,1.2,light_vehicle,other,struck_by_object,fracture,hand_finger,first_aid,none
1042,INC-775599ED,artisanal,underground,tanzania,41,14.2,operator,other,male,2020-09-24,sunday,12.5,morning,3.5,drill_rig,drilling,other,fracture,hand_finger,fatality,none
1043,INC-A39799B3,artisanal,underground,ghana,24,7.8,operator,driller,male,2020-12-18,thursday,1.76,night,5.8,none,other,struck_by_rock,laceration,hand_finger,days_away,none
1044,INC-7E397CC6,formal_large,surface,ethiopia,46,25.1,operator,excavator_operator,male,2021-02-22,sunday,12.35,morning,2.7,haul_truck,lifting_lowering,vehicle_motion,laceration,head_face,permanent_disability,none
1045,INC-DB408275,formal_large,surface,drc,56,27.3,operator,mechanic_repairman,male,2021-06-22,friday,14.9,evening,7.6,haul_truck,lifting_lowering,other,multiple,torso,days_away,partial
1046,INC-82BC89DE,formal_large,surface,other,39,21.0,operator,truck_operator,male,2020-01-07,friday,12.0,morning,4.5,mobile_equipment,other,trapped_between,multiple,foot_lower_leg,days_away,full
1047,INC-3872341D,artisanal,surface,ghana,30,1.6,operator,welder,male,2023-06-07,sunday,12.48,morning,9.3,hand_tools,cleaning_clearing,pit_collapse,contusion,hand_finger,restricted_work,none
1048,INC-1D65A1C5,artisanal,surface,ghana,26,4.5,operator,mechanic_repairman,female,2023-01-13,saturday,13.27,morning,1.3,light_vehicle,cleaning_clearing,falling,abrasion,upper_extremity,days_away,none
1049,INC-689924AC,formal_large,surface,ghana,31,13.0,operator,welder,male,2023-05-11,thursday,12.19,morning,3.5,haul_truck,maintenance_repair,struck_by_object,burns,head_face,days_away,full
1050,INC-E9EA3C9E,artisanal,surface,south_africa,40,7.8,operator,other,female,2023-12-03,friday,11.92,morning,2.4,mobile_equipment,other,falling,contusion,hand_finger,restricted_work,none
1051,INC-F757057F,formal_large,surface,ghana,42,24.0,operator,welder,male,2020-09-07,friday,15.27,evening,5.2,mobile_equipment,cleaning_clearing,struck_by_object,multiple,hand_finger,permanent_disability,full
1052,INC-B5612F4E,formal_large,underground,other,60,13.1,operator,mechanic_repairman,male,2021-08-19,thursday,12.96,morning,2.6,none,walking,fall_from_height,laceration,hand_finger,first_aid,full
1053,INC-F0C66FC8,formal_large,surface,ghana,31,13.0,operator,truck_operator,male,2022-03-31,sunday,11.64,morning,3.6,light_vehicle,other,other,laceration,torso,first_aid,full
1054,INC-3744EA0C,formal_large,surface,ghana,49,6.0,operator,truck_operator,female,2021-05-01,tuesday,15.94,evening,1.8,mobile_equipment,operating_equipment,other,fracture,foot_lower_leg,permanent_disability,full
1055,INC-41C4A60F,artisanal,surface,tanzania,42,2.0,contractor,excavator_operator,male,2022-02-09,friday,12.54,morning,0.5,haul_truck,maintenance_repair,struck_by_object,abrasion,foot_lower_leg,days_away,none
1056,INC-C1C0D3EC,artisanal,surface,south_africa,30,9.7,operator,welder,male,2022-04-28,saturday,14.27,evening,11.2,light_vehicle,maintenance_repair,other,abrasion,torso,restricted_work,none
1057,INC-55875D9C,formal_large,surface,ghana,54,6.2,operator,other,female,2023-06-13,wednesday,11.37,morning,11.2,mobile_equipment,other,struck_by_object,laceration,foot_lower_leg,temporary_disability,full
1058,INC-E6ADD346,formal_small,underground,other,20,2.0,operator,laborer,male,2021-02-06,friday,13.05,morning,7.5,earth_moving,other,other,other,multiple,fatality,partial
1059,INC-B3DAB4F9,artisanal,underground,south_africa,38,10.9,contractor,mechanic_repairman,female,2021-04-21,sunday,1.16,night,10.1,earth_moving,other,other,fracture,head_face,fatality,none
1060,INC-EC3C306E,artisanal,surface,ghana,42,15.1,operator,laborer,male,2021-06-04,friday,13.0,morning,0.3,components_parts,lifting_lowering,pit_collapse,other,foot_lower_leg,days_away,none
1061,INC-D909157A,artisanal,surface,ethiopia,30,9.0,operator,truck_operator,male,2021-03-10,wednesday,13.46,morning,11.9,components_parts,operating_equipment,pit_collapse,fracture,hand_finger,restricted_work,none
1062,INC-B4FAC680,formal_large,surface,south_africa,46,17.9,operator,truck_operator,male,2024-02-18,monday,12.68,morning,6.3,haul_truck,operating_equipment,hit_by_moving,laceration,multiple,temporary_disability,full
1063,INC-609DBAC1,artisanal,surface,ghana,31,4.7,contractor,excavator_operator,male,2022-12-25,monday,10.92,morning,1.3,mobile_equipment,operating_equipment,struck_by_object,other,multiple,fatality,none
1064,INC-B71A03F8,formal_large,surface,south_africa,48,5.6,operator,truck_operator,male,2024-01-07,thursday,15.6,evening,7.9,mobile_equipment,cleaning_clearing,struck_by_object,laceration,hand_finger,first_aid,none
1065,INC-08C4A413,artisanal,underground,ghana,35,1.6,operator,supervisor,male,2020-05-31,saturday,13.36,morning,4.7,drill_rig,charging_up,other,fracture,head_face,days_away,none
1066,INC-938EB12A,formal_small,surface,other,40,17.6,operator,welder,male,2023-07-15,monday,15.49,evening,7.0,light_vehicle,operating_equipment,other,laceration,head_face,days_away,full
1067,INC-57FCEF89,artisanal,surface,ghana,24,1.6,operator,truck_operator,male,2023-05-06,friday,9.95,morning,9.1,haul_truck,cleaning_clearing,other,fracture,upper_extremity,temporary_disability,none
1068,INC-75407EC8,formal_large,surface,ghana,36,15.4,operator,excavator_operator,male,2023-12-07,wednesday,11.93,morning,7.4,components_parts,other,hit_by_moving,laceration,upper_extremity,restricted_work,none
1069,INC-327E5709,formal_small,surface,ghana,37,19.0,operator,excavator_operator,male,2022-03-13,monday,8.65,morning,9.2,light_vehicle,lifting_lowering,vehicle_motion,laceration,torso,temporary_disability,full
1070,INC-8759E2BE,artisanal,underground,other,31,6.8,operator,other,male,2023-09-19,monday,14.97,evening,8.0,none,charging_up,struck_by_rock,abrasion,upper_extremity,days_away,none
1071,INC-A77D6899,artisanal,surface,south_africa,45,6.8,contractor,other,male,2022-09-06,tuesday,8.52,morning,7.8,components_parts,other,other,abrasion,hand_finger,fatality,none
1072,INC-05DC400A,formal_small,surface,other,39,8.4,operator,truck_operator,male,2024-01-14,friday,9.26,morning,4.6,mobile_equipment,directing_equipment,other,fracture,foot_lower_leg,permanent_disability,full
1073,INC-CD4D94D7,artisanal,surface,ghana,27,1.9,operator,other,male,2024-01-04,wednesday,10.74,morning,3.4,haul_truck,operating_equipment,other,fracture,upper_extremity,days_away,none
1074,INC-1EDAE6C4,artisanal,underground,other,36,9.5,operator,other,male,2024-03-21,monday,1.34,night,6.1,none,other,struck_by_rock,abrasion,multiple,fatality,none
1075,INC-C30574D6,formal_large,surface,ghana,40,20.3,operator,excavator_operator,female,2020-11-26,friday,12.0,morning,3.8,hand_tools,other,struck_by_object,laceration,foot_lower_leg,restricted_work,partial
1076,INC-84A14BDE,formal_small,surface,south_africa,38,20.0,contractor,laborer,male,2023-08-03,saturday,12.19,morning,2.3,mobile_equipment,maintenance_repair,hit_by_moving,multiple,hand_finger,fatality,none
1077,INC-7B1AFAA1,formal_small,surface,zimbabwe,39,6.3,operator,laborer,male,2021-01-18,friday,14.96,evening,5.6,hand_tools,other,other,laceration,hand_finger,restricted_work,none
1078,INC-412B8D6F,artisanal,surface,south_africa,34,5.6,operator,other,female,2022-05-18,friday,9.78,morning,2.3,mobile_equipment,other,other,other,hand_finger,days_away,none
1079,INC-D9B2D6E6,formal_large,underground,drc,54,36.0,operator,supervisor,male,2024-07-03,thursday,11.37,morning,8.6,rock_drill,other,hit_by_moving,laceration,torso,days_away,none
1080,INC-8F53BE22,formal_large,surface,tanzania,31,13.0,operator,laborer,female,2020-08-18,friday,13.83,morning,11.3,components_parts,maintenance_repair,other,contusion,head_face,days_away,full
1081,INC-FD1D8B46,artisanal,surface,tanzania,29,3.5,contractor,mechanic_repairman,male,2023-09-15,friday,13.43,morning,1.0,mobile_equipment,maintenance_repair,pit_collapse,abrasion,hand_finger,days_away,none
1082,INC-231B3EE1,artisanal,surface,south_africa,32,2.7,operator,truck_operator,male,2021-07-10,thursday,10.89,morning,3.5,mobile_equipment,operating_equipment,other,laceration,multiple,days_away,none
1083,INC-01C48D12,artisanal,surface,tanzania,43,19.6,contractor,other,female,2021-04-24,monday,12.25,morning,10.5,mobile_equipment,directing_equipment,pit_collapse,abrasion,hand_finger,days_away,none
1084,INC-0CAD07AE,artisanal,surface,ghana,34,1.4,operator,welder,female,2020-04-01,sunday,11.36,morning,1.6,haul_truck,cleaning_clearing,falling,laceration,foot_lower_leg,days_away,none
1085,INC-1CD00F57,artisanal,underground,other,35,19.0,operator,driller,male,2023-08-09,wednesday,10.39,morning,8.8,rock_drill,charging_up,other,abrasion,head_face,fatality,none
1086,INC-F78F496A,artisanal,surface,tanzania,42,3.7,operator,other,female,2024-02-24,saturday,11.56,morning,6.4,haul_truck,other,falling,contusion,hand_finger,temporary_disability,none
1087,INC-B2EBC413,artisanal,surface,ethiopia,28,12.0,contractor,other,male,2022-04-14,friday,12.41,morning,4.3,haul_truck,other,struck_by_object,abrasion,multiple,permanent_disability,none
1088,INC-D5DEEDAA,formal_small,surface,other,26,8.0,operator,truck_operator,male,2020-12-23,friday,11.39,morning,1.9,mobile_equipment,cleaning_clearing,trapped_between,laceration,multiple,days_away,full
1089,INC-5220899C,formal_small,underground,ethiopia,54,21.7,operator,laborer,female,2023-02-01,thursday,1.31,night,5.9,none,other,hit_by_moving,laceration,foot_lower_leg,days_away,none
1090,INC-6FD847F2,formal_large,surface,ethiopia,41,12.4,operator,other,male,2024-11-17,friday,11.88,morning,10.7,none,maintenance_repair,other,burns,torso,fatality,none
1091,INC-3481746F,artisanal,surface,south_africa,23,1.7,operator,truck_operator,female,2023-12-07,monday,10.42,morning,3.8,components_parts,other,pit_collapse,laceration,multiple,days_away,none
1092,INC-C98E0C5D,formal_large,surface,tanzania,39,7.9,operator,mechanic_repairman,male,2023-10-17,wednesday,12.47,morning,8.7,components_parts,cleaning_clearing,fall_slip,laceration,torso,permanent_disability,full
1093,INC-3926446A,formal_large,surface,ghana,41,23.0,operator,laborer,male,2020-03-22,wednesday,12.5,morning,4.1,hand_tools,lifting_lowering,struck_by_object,amputation,torso,first_aid,full
1094,INC-311ADF61,formal_small,underground,south_africa,44,15.0,contractor,supervisor,female,2024-06-30,friday,11.64,morning,9.6,none,other,falling_object,laceration,head_face,fatality,full
1095,INC-7667234A,formal_small,surface,drc,38,5.1,operator,supervisor,male,2023-01-21,friday,13.25,morning,5.2,hand_tools,other,other,burns,hand_finger,first_aid,partial
1096,INC-B4FDFC7B,formal_large,surface,south_africa,47,15.8,contractor,welder,male,2023-04-01,friday,12.0,morning,7.3,mobile_equipment,other,hit_by_moving,amputation,upper_extremity,fatality,partial
1097,INC-559B70BE,artisanal,surface,tanzania,43,10.1,operator,mechanic_repairman,male,2021-09-10,thursday,15.07,evening,12.0,light_vehicle,lifting_lowering,struck_by_object,contusion,upper_extremity,restricted_work,none
1098,INC-7930682D,artisanal,surface,south_africa,31,15.0,operator,laborer,male,2024-05-28,wednesday,13.53,morning,9.3,mobile_equipment,maintenance_repair,pit_collapse,other,upper_extremity,permanent_disability,none
1099,INC-4E43E197,formal_large,surface,ghana,33,15.0,operator,laborer,female,2022-07-31,saturday,16.56,evening,10.7,haul_truck,other,vehicle_motion,laceration,multiple,restricted_work,full
1100,INC-6FA0D5C6,formal_large,surface,other,40,22.0,operator,laborer,male,2021-03-27,friday,14.42,evening,3.2,mobile_equipment,cleaning_clearing,struck_by_object,multiple,upper_extremity,first_aid,full
1101,INC-ED338DCC,formal_large,surface,south_africa,21,3.0,operator,truck_operator,male,2021-10-26,saturday,13.02,morning,8.0,mobile_equipment,lifting_lowering,trapped_between,laceration,torso,first_aid,full
1102,INC-0EF5E806,artisanal,underground,tanzania,37,17.5,operator,supervisor,male,2021-02-06,saturday,12.03,morning,5.9,components_parts,other,falling_object,other,upper_extremity,permanent_disability,none
1103,INC-B34258EB,artisanal,underground,ethiopia,25,9.0,operator,blaster,male,2024-09-14,wednesday,11.68,morning,7.4,drill_rig,other,fall_from_height,abrasion,head_face,days_away,none
1104,INC-E65C1B8F,formal_large,surface,other,54,18.7,operator,truck_operator,male,2024-01-03,wednesday,14.38,evening,9.2,mobile_equipment,operating_equipment,fall_slip,fracture,foot_lower_leg,first_aid,partial
1105,INC-317FB49E,artisanal,underground,south_africa,33,9.1,operator,blaster,male,2022-12-26,friday,14.16,evening,3.1,none,other,falling_object,abrasion,upper_extremity,first_aid,none
1106,INC-CAF9E957,formal_large,underground,drc,41,18.9,operator,other,male,2023-11-06,thursday,22.48,night,4.2,none,other,falling_object,fracture,foot_lower_leg,days_away,none
1107,INC-FC383226,formal_small,surface,zimbabwe,49,30.1,operator,excavator_operator,female,2024-03-25,thursday,14.84,evening,6.8,mobile_equipment,maintenance_repair,trapped_between,amputation,hand_finger,days_away,full
1108,INC-4439DAB1,artisanal,surface,ghana,23,2.2,contractor,mechanic_repairman,male,2021-09-29,friday,13.53,morning,4.2,mobile_equipment,maintenance_repair,other,abrasion,head_face,temporary_disability,none
1109,INC-7076A45F,formal_large,surface,ghana,47,12.6,operator,other,female,2021-04-13,tuesday,14.57,evening,1.8,mobile_equipment,directing_equipment,other,fracture,multiple,restricted_work,full
1110,INC-8101A220,formal_large,surface,ghana,48,23.2,contractor,mechanic_repairman,male,2024-07-24,wednesday,11.85,morning,0.6,haul_truck,other,hit_by_moving,multiple,upper_extremity,first_aid,full
1111,INC-29991FEA,formal_small,surface,zimbabwe,42,14.2,contractor,welder,female,2021-10-27,thursday,14.07,evening,4.6,hand_tools,maintenance_repair,fall_slip,multiple,torso,fatality,full
1112,INC-E207D667,artisanal,surface,south_africa,31,14.3,contractor,other,female,2020-03-15,friday,13.36,morning,7.2,mobile_equipment,cleaning_clearing,falling,other,upper_extremity,first_aid,none
1113,INC-9411437A,artisanal,underground,ghana,26,10.0,operator,other,male,2023-12-08,thursday,1.63,night,1.4,drill_rig,other,hit_by_moving,other,multiple,fatality,none
1114,INC-82AEDE12,artisanal,surface,tanzania,24,8.0,operator,excavator_operator,male,2021-02-12,thursday,13.47,morning,1.7,mobile_equipment,other,falling,fracture,hand_finger,days_away,none
1115,INC-C8AF4A35,formal_large,underground,zimbabwe,46,28.0,operator,laborer,female,2021-03-04,tuesday,14.72,evening,3.2,earth_moving,drilling,fall_from_height,other,multiple,days_away,full
1116,INC-9FC03DFF,formal_large,surface,south_africa,33,15.0,operator,supervisor,female,2023-07-07,tuesday,10.16,morning,4.1,mobile_equipment,cleaning_clearing,struck_by_object,fracture,head_face,days_away,full
1117,INC-442B8F25,artisanal,surface,ghana,28,8.9,operator,truck_operator,male,2024-12-30,thursday,14.5,evening,5.5,mobile_equipment,other,pit_collapse,contusion,multiple,temporary_disability,none
1118,INC-A44A6F14,formal_large,underground,ghana,31,13.0,operator,driller,male,2020-06-12,monday,12.95,morning,3.1,drill_rig,drilling,struck_by_rock,fracture,multiple,days_away,partial
1119,INC-7E816C51,artisanal,surface,tanzania,18,2.0,operator,welder,female,2023-04-20,thursday,12.25,morning,7.7,components_parts,other,other,laceration,hand_finger,days_away,none
1120,INC-8A96AE08,artisanal,surface,other,22,2.4,contractor,laborer,male,2021-08-31,friday,10.2,morning,4.6,mobile_equipment,operating_equipment,struck_by_object,other,hand_finger,fatality,none
1121,INC-48ACAE06,formal_large,surface,ethiopia,42,22.3,operator,other,male,2024-06-25,saturday,10.95,morning,3.7,mobile_equipment,other,other,laceration,torso,first_aid,partial
1122,INC-1B60D304,artisanal,surface,tanzania,36,10.3,contractor,laborer,male,2024-07-01,tuesday,11.0,morning,0.3,haul_truck,operating_equipment,falling,abrasion,hand_finger,temporary_disability,none
1123,INC-A391AE18,formal_large,surface,south_africa,36,16.7,operator,truck_operator,male,2020-07-09,friday,16.0,evening,1.8,haul_truck,directing_equipment,other,amputation,foot_lower_leg,fatality,full
1124,INC-E46CBF24,formal_small,surface,other,56,6.2,contractor,mechanic_repairman,male,2020-03-27,thursday,12.05,morning,7.8,mobile_equipment,other,struck_by_object,burns,hand_finger,fatality,full
1125,INC-7396D20B,formal_small,surface,ghana,46,18.9,operator,other,male,2022-01-25,friday,12.37,morning,4.8,mobile_equipment,other,struck_by_object,amputation,head_face,temporary_disability,full
1126,INC-714DF2AB,formal_small,surface,ghana,36,18.0,contractor,excavator_operator,male,2020-04-26,saturday,10.15,morning,3.3,components_parts,cleaning_clearing,struck_by_object,multiple,hand_finger,restricted_work,full
1127,INC-28E09581,artisanal,surface,south_africa,33,14.0,operator,mechanic_repairman,male,2021-09-05,thursday,13.38,morning,1.9,mobile_equipment,other,struck_by_object,contusion,foot_lower_leg,days_away,none
1128,INC-0A7B856E,artisanal,surface,south_africa,23,1.5,contractor,welder,male,2020-11-13,saturday,11.55,morning,9.2,components_parts,cleaning_clearing,other,laceration,torso,temporary_disability,none
1129,INC-6856BE88,artisanal,surface,drc,34,1.7,operator,mechanic_repairman,male,2024-11-07,monday,8.1,morning,11.4,haul_truck,other,falling,laceration,multiple,restricted_work,none
1130,INC-60461016,artisanal,surface,south_africa,24,4.3,operator,mechanic_repairman,male,2023-07-18,sunday,12.21,morning,5.1,hand_tools,lifting_lowering,other,fracture,upper_extremity,days_away,none
1131,INC-0B0769AD,formal_small,surface,ghana,40,15.5,operator,other,male,2020-09-21,friday,13.91,morning,6.6,mobile_equipment,directing_equipment,struck_by_object,laceration,upper_extremity,temporary_disability,full
1132,INC-1ED9672E,formal_large,underground,south_africa,44,16.5,operator,supervisor,male,2023-02-07,friday,12.69,morning,8.7,earth_moving,other,other,other,head_face,days_away,none
1133,INC-B27686AB,artisanal,surface,other,35,4.6,contractor,excavator_operator,female,2023-09-28,monday,10.71,morning,0.9,mobile_equipment,maintenance_repair,pit_collapse,laceration,torso,temporary_disability,none
1134,INC-2DEAC83B,artisanal,surface,drc,29,4.0,operator,truck_operator,male,2024-01-18,friday,13.73,morning,3.2,mobile_equipment,other,struck_by_object,other,foot_lower_leg,restricted_work,none
1135,INC-61F54ACA,formal_large,surface,other,42,23.3,operator,other,male,2023-02-25,thursday,15.44,evening,4.0,components_parts,operating_equipment,other,fracture,torso,days_away,full
1136,INC-21D3DE0A,formal_small,underground,other,45,22.4,operator,driller,male,2022-12-06,thursday,14.5,evening,0.2,components_parts,walking,other,fracture,upper_extremity,fatality,partial
1137,INC-62D4033F,formal_small,surface,other,43,16.7,contractor,other,male,2024-04-03,sunday,13.24,morning,9.3,mobile_equipment,maintenance_repair,struck_by_object,laceration,hand_finger,permanent_disability,partial
1138,INC-E5F1097D,formal_large,surface,zimbabwe,29,11.0,operator,other,male,2021-04-02,wednesday,12.38,morning,6.8,mobile_equipment,operating_equipment,hit_by_moving,amputation,head_face,days_away,full
1139,INC-3D910B33,artisanal,surface,south_africa,28,4.7,contractor,supervisor,male,2024-11-19,friday,11.82,morning,8.7,mobile_equipment,maintenance_repair,struck_by_object,abrasion,hand_finger,permanent_disability,none
1140,INC-4B6F8D84,formal_small,surface,ghana,22,4.0,contractor,other,male,2021-01-24,thursday,12.55,morning,1.4,mobile_equipment,maintenance_repair,vehicle_motion,laceration,upper_extremity,days_away,none
1141,INC-E054759B,artisanal,surface,ghana,30,4.8,operator,mechanic_repairman,male,2024-01-11,tuesday,9.24,morning,2.7,mobile_equipment,cleaning_clearing,other,abrasion,multiple,days_away,none
1142,INC-EB6C9EB1,artisanal,surface,tanzania,48,7.9,operator,other,male,2024-10-30,saturday,16.81,evening,9.9,mobile_equipment,lifting_lowering,other,fracture,head_face,fatality,none
1143,INC-99F523C3,artisanal,surface,south_africa,25,3.6,operator,truck_operator,male,2021-04-05,friday,14.45,evening,7.6,haul_truck,other,other,contusion,foot_lower_leg,days_away,none
1144,INC-EF60DB1D,formal_small,surface,south_africa,39,12.9,contractor,mechanic_repairman,female,2023-04-05,friday,15.95,evening,5.4,mobile_equipment,cleaning_clearing,struck_by_object,fracture,hand_finger,restricted_work,none
1145,INC-D5DFE914,formal_large,surface,tanzania,48,28.2,operator,mechanic_repairman,male,2024-03-03,sunday,10.61,morning,0.6,mobile_equipment,other,struck_by_object,amputation,hand_finger,days_away,full
1146,INC-4D688E1D,artisanal,underground,south_africa,32,6.3,contractor,laborer,male,2021-07-01,friday,1.22,night,3.4,drill_rig,other,struck_by_rock,fracture,torso,days_away,none
1147,INC-88656F77,artisanal,surface,south_africa,36,7.6,contractor,mechanic_repairman,female,2022-08-19,sunday,6.05,morning,6.4,mobile_equipment,other,struck_by_object,fracture,torso,first_aid,none
1148,INC-01DC0569,formal_small,underground,south_africa,39,6.8,operator,mechanic_repairman,male,2024-01-02,monday,19.0,evening,1.6,components_parts,other,other,contusion,hand_finger,days_away,full
1149,INC-B5303BCB,artisanal,underground,tanzania,24,5.6,operator,other,male,2023-04-07,tuesday,14.34,evening,9.1,none,other,other,laceration,upper_extremity,fatality,none
1150,INC-3C001E7F,formal_large,underground,south_africa,54,5.5,operator,blaster,male,2024-01-16,monday,11.06,morning,1.5,drill_rig,other,other,laceration,torso,days_away,none
1151,INC-FC21AF2D,artisanal,underground,south_africa,19,3.0,operator,driller,female,2021-05-27,thursday,12.69,morning,3.8,earth_moving,drilling,other,contusion,head_face,days_away,none
1152,INC-C4AE6D10,formal_large,surface,south_africa,42,12.9,contractor,supervisor,male,2022-07-16,saturday,12.93,morning,5.4,mobile_equipment,cleaning_clearing,other,laceration,hand_finger,fatality,full
1153,INC-FEDF8F9B,formal_large,surface,drc,55,18.2,operator,other,male,2024-01-30,tuesday,13.08,morning,6.8,haul_truck,maintenance_repair,other,burns,multiple,days_away,none
1154,INC-14CD67A3,formal_small,surface,south_africa,53,14.5,operator,mechanic_repairman,male,2021-02-15,saturday,12.41,morning,0.6,light_vehicle,other,trapped_between,multiple,head_face,restricted_work,full
1155,INC-8DC1A550,formal_large,surface,south_africa,52,20.7,operator,other,male,2022-03-22,wednesday,12.0,morning,1.7,haul_truck,directing_equipment,other,fracture,multiple,fatality,full
1156,INC-480808A9,formal_large,surface,other,31,5.8,contractor,supervisor,male,2022-08-19,friday,13.65,morning,6.1,haul_truck,operating_equipment,other,laceration,hand_finger,fatality,full
1157,INC-CEA76F6E,formal_large,surface,other,43,12.1,operator,mechanic_repairman,male,2024-01-16,sunday,11.99,morning,2.0,mobile_equipment,operating_equipment,struck_by_object,contusion,head_face,days_away,full
1158,INC-3A378909,formal_small,surface,south_africa,54,26.0,operator,laborer,female,2023-10-04,tuesday,12.0,morning,6.0,none,other,other,laceration,torso,first_aid,full
1159,INC-FBBA2428,artisanal,underground,ghana,26,10.0,operator,mechanic_repairman,male,2022-02-19,thursday,2.52,night,8.7,drill_rig,other,hit_by_moving,contusion,hand_finger,fatality,none
1160,INC-4AFB318A,formal_large,surface,south_africa,45,23.2,contractor,mechanic_repairman,male,2024-10-07,tuesday,12.63,morning,0.4,mobile_equipment,other,other,contusion,head_face,first_aid,partial
1161,INC-AF3FDC95,artisanal,surface,tanzania,36,2.3,operator,truck_operator,male,2023-01-30,saturday,8.69,morning,1.3,mobile_equipment,other,falling,other,foot_lower_leg,restricted_work,none
1162,INC-C90E8239,artisanal,surface,ghana,28,3.4,operator,excavator_operator,male,2023-02-03,monday,11.83,morning,2.1,mobile_equipment,operating_equipment,falling,fracture,hand_finger,days_away,none
1163,INC-16E7C5EA,formal_large,surface,other,48,13.4,contractor,other,male,2020-07-07,tuesday,10.13,morning,4.2,mobile_equipment,maintenance_repair,other,multiple,multiple,days_away,full
1164,INC-6551D38F,formal_large,underground,drc,29,11.0,operator,supervisor,male,2021-02-20,thursday,12.55,morning,6.6,components_parts,walking,other,fracture,foot_lower_leg,days_away,partial
1165,INC-6AEB54A2,artisanal,surface,ethiopia,29,12.8,operator,mechanic_repairman,male,2020-06-17,wednesday,14.09,evening,9.7,haul_truck,cleaning_clearing,falling,fracture,multiple,first_aid,none
1166,INC-74CA820D,artisanal,surface,south_africa,37,9.4,operator,truck_operator,male,2020-01-31,friday,14.65,evening,9.9,mobile_equipment,lifting_lowering,struck_by_object,fracture,hand_finger,days_away,none
1167,INC-F66AF3F8,formal_small,surface,other,61,18.0,operator,excavator_operator,male,2024-10-06,thursday,12.9,morning,3.7,haul_truck,lifting_lowering,vehicle_motion,laceration,multiple,first_aid,partial
1168,INC-59417DC1,artisanal,surface,tanzania,25,9.0,operator,laborer,female,2021-05-29,wednesday,14.04,evening,1.9,hand_tools,directing_equipment,pit_collapse,fracture,torso,days_away,none
1169,INC-8DC24995,formal_large,surface,drc,35,17.0,operator,other,male,2023-08-18,sunday,13.14,morning,2.2,hand_tools,other,trapped_between,multiple,upper_extremity,fatality,full
1170,INC-1CB48CBA,formal_small,underground,south_africa,24,6.0,operator,driller,male,2022-08-14,tuesday,13.35,morning,6.0,components_parts,other,struck_by_rock,laceration,hand_finger,permanent_disability,full
1171,INC-0E8FC431,artisanal,surface,tanzania,30,12.2,operator,welder,male,2020-11-11,friday,10.9,morning,2.7,none,directing_equipment,pit_collapse,abrasion,foot_lower_leg,temporary_disability,none
1172,INC-5854E673,formal_large,surface,drc,39,21.0,operator,other,male,2024-01-23,friday,15.69,evening,9.2,haul_truck,operating_equipment,struck_by_object,burns,multiple,permanent_disability,partial
1173,INC-0BC50AD8,artisanal,surface,other,20,4.0,operator,laborer,male,2022-12-27,wednesday,13.03,morning,5.3,mobile_equipment,maintenance_repair,falling,laceration,multiple,fatality,none
1174,INC-2472672B,formal_small,surface,ethiopia,19,1.0,operator,mechanic_repairman,male,2023-10-06,saturday,13.55,morning,0.6,components_parts,lifting_lowering,other,fracture,multiple,first_aid,partial
1175,INC-F44FA61E,artisanal,underground,zimbabwe,33,17.0,operator,supervisor,female,2023-11-27,monday,21.85,evening,5.9,components_parts,barring_scaling,fall_from_height,abrasion,multiple,fatality,none
1176,INC-190ADC20,formal_small,underground,ghana,32,6.9,operator,driller,female,2024-02-05,wednesday,10.51,morning,5.3,earth_moving,charging_up,falling_object,multiple,torso,days_away,partial
1177,INC-59B6058B,formal_small,surface,tanzania,65,16.3,contractor,excavator_operator,male,2022-12-29,wednesday,11.4,morning,11.9,mobile_equipment,maintenance_repair,other,contusion,foot_lower_leg,first_aid,full
1178,INC-4D4D568D,formal_large,surface,other,39,9.5,operator,truck_operator,male,2020-10-22,sunday,6.86,morning,5.1,mobile_equipment,cleaning_clearing,fall_slip,amputation,multiple,days_away,full
1179,INC-603E7DAA,formal_large,surface,ethiopia,29,11.0,contractor,laborer,male,2022-03-29,wednesday,10.47,morning,4.5,light_vehicle,operating_equipment,other,burns,head_face,fatality,full
1180,INC-A279C48B,artisanal,surface,south_africa,32,16.0,operator,truck_operator,male,2023-09-03,saturday,15.69,evening,0.6,mobile_equipment,lifting_lowering,other,other,torso,days_away,none
1181,INC-A08E3413,formal_large,surface,south_africa,43,16.7,operator,truck_operator,female,2024-03-05,sunday,13.91,morning,4.9,mobile_equipment,operating_equipment,struck_by_object,laceration,upper_extremity,restricted_work,full
1182,INC-3590E835,formal_large,underground,ethiopia,34,16.0,operator,driller,male,2022-08-15,monday,20.69,evening,4.5,earth_moving,other,other,fracture,multiple,days_away,none
1183,INC-A30A57BE,formal_large,surface,other,51,18.6,operator,other,female,2020-04-02,tuesday,12.5,morning,8.6,components_parts,operating_equipment,trapped_between,fracture,multiple,temporary_disability,full
1184,INC-D910A3ED,formal_large,surface,south_africa,34,16.0,contractor,other,male,2024-12-13,tuesday,12.93,morning,10.9,hand_tools,maintenance_repair,hit_by_moving,amputation,upper_extremity,first_aid,full
1185,INC-4365B338,artisanal,underground,ghana,36,3.5,operator,blaster,male,2023-03-02,saturday,11.49,morning,10.1,drill_rig,drilling,other,other,multiple,days_away,none
1186,INC-B8A9DA3E,formal_small,underground,other,45,27.0,operator,other,male,2022-10-16,tuesday,11.16,morning,4.0,none,drilling,other,fracture,head_face,restricted_work,full
1187,INC-4EB60973,artisanal,surface,zimbabwe,22,6.0,operator,welder,male,2022-05-13,monday,12.0,morning,7.0,mobile_equipment,directing_equipment,pit_collapse,laceration,head_face,restricted_work,none
1188,INC-A5F06E49,formal_large,surface,south_africa,32,14.0,operator,supervisor,male,2022-02-27,wednesday,13.28,morning,4.4,hand_tools,other,fall_slip,fracture,head_face,days_away,partial
1189,INC-3463CA76,artisanal,surface,ghana,29,13.0,operator,other,female,2023-03-29,thursday,12.29,morning,5.6,light_vehicle,lifting_lowering,pit_collapse,abrasion,multiple,fatality,none
1190,INC-936C3D7A,formal_small,underground,ghana,65,4.6,operator,other,male,2023-02-16,wednesday,11.13,morning,1.9,earth_moving,charging_up,hit_by_moving,other,multiple,days_away,full
1191,INC-64D9CE9F,formal_small,surface,south_africa,47,21.4,contractor,mechanic_repairman,male,2021-06-14,monday,10.1,morning,2.5,mobile_equipment,other,struck_by_object,laceration,foot_lower_leg,fatality,full
1192,INC-608CB728,artisanal,surface,tanzania,21,5.0,operator,laborer,male,2021-12-15,tuesday,12.81,morning,1.3,mobile_equipment,cleaning_clearing,other,laceration,foot_lower_leg,temporary_disability,none
1193,INC-6BFD3151,artisanal,surface,ethiopia,29,12.4,operator,truck_operator,female,2020-10-23,thursday,12.5,morning,6.6,hand_tools,maintenance_repair,falling,other,head_face,fatality,none
1194,INC-5D451F2C,artisanal,surface,ethiopia,41,6.0,operator,supervisor,female,2021-07-30,tuesday,15.04,evening,0.3,components_parts,other,falling,abrasion,hand_finger,restricted_work,none
1195,INC-FC5C69B0,formal_large,surface,ethiopia,41,15.5,operator,mechanic_repairman,male,2024-11-13,friday,11.05,morning,6.8,mobile_equipment,cleaning_clearing,hit_by_moving,laceration,foot_lower_leg,restricted_work,full
1196,INC-C88706B5,formal_large,underground,south_africa,40,16.8,operator,driller,male,2021-04-02,friday,22.15,night,3.0,none,barring_scaling,other,fracture,multiple,days_away,partial
1197,INC-EC41F274,artisanal,surface,south_africa,28,4.4,operator,supervisor,female,2024-04-27,wednesday,14.37,evening,4.3,mobile_equipment,cleaning_clearing,pit_collapse,other,hand_finger,first_aid,none
1198,INC-696D8002,formal_large,surface,south_africa,37,19.0,contractor,mechanic_repairman,female,2022-03-16,monday,12.86,morning,2.8,mobile_equipment,lifting_lowering,struck_by_object,contusion,foot_lower_leg,days_away,full
1199,INC-03CE8D07,artisanal,underground,south_africa,21,5.0,operator,blaster,male,2024-07-17,sunday,0.55,night,7.5,earth_moving,charging_up,fall_from_height,abrasion,upper_extremity,days_away,none
1200,INC-5DD197FC,formal_small,surface,tanzania,35,16.1,operator,welder,female,2022-11-09,tuesday,12.82,morning,9.5,mobile_equipment,maintenance_repair,vehicle_motion,laceration,foot_lower_leg,restricted_work,partial
1201,INC-19350E9E,formal_small,surface,south_africa,35,17.0,operator,supervisor,male,2023-11-04,wednesday,14.78,evening,4.4,components_parts,other,other,fracture,multiple,days_away,full
1202,INC-A2B9AE87,artisanal,surface,tanzania,26,2.6,operator,mechanic_repairman,male,2021-12-09,tuesday,12.0,morning,3.6,mobile_equipment,other,falling,fracture,hand_finger,temporary_disability,none
1203,INC-9E37C067,artisanal,surface,south_africa,19,3.0,operator,other,male,2020-04-28,tuesday,13.01,morning,6.1,components_parts,other,struck_by_object,other,torso,first_aid,none
1204,INC-CF89B132,formal_large,surface,south_africa,58,19.8,operator,mechanic_repairman,male,2021-10-12,tuesday,12.85,morning,10.7,components_parts,lifting_lowering,struck_by_object,multiple,foot_lower_leg,restricted_work,full
1205,INC-C5517038,formal_large,surface,south_africa,37,5.6,contractor,welder,male,2023-02-20,thursday,12.57,morning,7.3,mobile_equipment,operating_equipment,other,amputation,hand_finger,fatality,full
1206,INC-DAB68CCA,artisanal,surface,zimbabwe,21,5.0,operator,laborer,female,2021-03-02,thursday,9.38,morning,3.2,components_parts,maintenance_repair,pit_collapse,fracture,head_face,restricted_work,none
1207,INC-612F4157,formal_small,surface,ethiopia,22,4.0,contractor,mechanic_repairman,male,2021-11-27,friday,11.93,morning,5.8,haul_truck,other,other,multiple,multiple,temporary_disability,partial
1208,INC-C7C545B6,formal_large,surface,drc,31,13.0,contractor,laborer,female,2020-03-18,sunday,14.44,evening,8.0,light_vehicle,operating_equipment,other,amputation,upper_extremity,days_away,full
1209,INC-A6CDE44B,formal_small,underground,south_africa,51,5.1,operator,other,male,2021-09-02,thursday,10.63,morning,8.6,drill_rig,other,fall_from_height,fracture,multiple,days_away,partial
1210,INC-1AB58455,artisanal,surface,ethiopia,35,2.2,contractor,excavator_operator,female,2020-06-27,friday,11.49,morning,3.0,hand_tools,operating_equipment,struck_by_object,abrasion,hand_finger,restricted_work,none
1211,INC-9FB164FD,artisanal,underground,drc,20,4.0,operator,other,female,2021-03-31,wednesday,13.61,morning,11.7,components_parts,drilling,other,other,head_face,fatality,none
1212,INC-F6B63E5B,formal_small,surface,ghana,40,22.0,operator,excavator_operator,male,2021-12-02,tuesday,13.51,morning,6.8,haul_truck,maintenance_repair,other,laceration,upper_extremity,days_away,none
1213,INC-C3C1E4EB,formal_small,surface,south_africa,41,11.4,operator,laborer,male,2020-11-25,thursday,13.39,morning,5.4,hand_tools,other,vehicle_motion,amputation,hand_finger,restricted_work,full
1214,INC-E2BB6371,formal_large,surface,south_africa,54,15.3,operator,welder,male,2020-05-26,friday,11.77,morning,4.3,hand_tools,other,vehicle_motion,laceration,upper_extremity,restricted_work,full
1215,INC-49597057,formal_small,surface,south_africa,35,17.0,operator,truck_operator,male,2020-09-11,friday,11.11,morning,2.1,mobile_equipment,other,struck_by_object,laceration,foot_lower_leg,fatality,full
1216,INC-179BF989,formal_large,surface,other,49,9.9,contractor,mechanic_repairman,male,2023-04-09,tuesday,11.94,morning,3.8,mobile_equipment,other,trapped_between,amputation,head_face,restricted_work,full
1217,INC-12FF0018,formal_small,surface,ghana,36,16.0,operator,other,male,2020-08-09,friday,12.65,morning,2.8,haul_truck,other,trapped_between,multiple,multiple,temporary_disability,full
1218,INC-D450E70F,artisanal,surface,zimbabwe,32,16.0,operator,truck_operator,male,2020-03-03,tuesday,12.61,morning,7.3,mobile_equipment,operating_equipment,other,other,hand_finger,days_away,none
1219,INC-951FDD71,formal_large,surface,drc,48,6.9,operator,truck_operator,male,2023-07-23,wednesday,14.93,evening,7.5,mobile_equipment,cleaning_clearing,other,fracture,torso,fatality,full
1220,INC-02431AD1,formal_large,surface,ghana,39,21.0,contractor,mechanic_repairman,female,2022-04-27,friday,10.41,morning,11.3,mobile_equipment,cleaning_clearing,fall_slip,multiple,hand_finger,fatality,partial
1221,INC-67DF7055,formal_large,surface,ethiopia,40,12.2,operator,supervisor,male,2024-08-25,sunday,12.58,morning,6.5,haul_truck,maintenance_repair,hit_by_moving,contusion,multiple,restricted_work,none
1222,INC-1AC28890,artisanal,surface,south_africa,30,10.6,operator,excavator_operator,male,2021-12-01,saturday,12.19,morning,5.3,mobile_equipment,directing_equipment,falling,abrasion,upper_extremity,first_aid,none
1223,INC-A209DF90,artisanal,surface,zimbabwe,27,4.1,operator,mechanic_repairman,male,2021-11-25,sunday,16.64,evening,6.3,components_parts,maintenance_repair,pit_collapse,fracture,hand_finger,temporary_disability,none
1224,INC-6E456CC6,formal_large,surface,south_africa,50,8.1,contractor,other,male,2020-03-31,thursday,11.15,morning,4.0,light_vehicle,directing_equipment,struck_by_object,fracture,head_face,temporary_disability,full
1225,INC-47C152D0,artisanal,surface,south_africa,32,16.0,operator,other,male,2020-07-12,thursday,13.77,morning,0.4,mobile_equipment,other,struck_by_object,fracture,foot_lower_leg,restricted_work,none
1226,INC-DDA400D3,formal_small,surface,ghana,50,18.7,operator,other,male,2024-03-13,tuesday,10.68,morning,3.1,haul_truck,maintenance_repair,other,contusion,foot_lower_leg,days_away,none
1227,INC-052F7EAC,formal_small,surface,tanzania,41,6.7,operator,excavator_operator,male,2021-02-07,thursday,12.93,morning,0.9,mobile_equipment,maintenance_repair,trapped_between,multiple,hand_finger,fatality,full
1228,INC-C10C7876,artisanal,surface,tanzania,24,8.0,operator,truck_operator,female,2020-05-12,friday,13.03,morning,11.0,hand_tools,other,pit_collapse,fracture,head_face,first_aid,none
1229,INC-0593EDFD,formal_large,surface,tanzania,38,15.1,operator,mechanic_repairman,male,2023-09-26,monday,13.07,morning,5.7,mobile_equipment,other,struck_by_object,amputation,head_face,days_away,full
1230,INC-E063EB0C,formal_large,underground,south_africa,58,11.6,contractor,other,male,2024-12-27,thursday,3.36,night,7.9,drill_rig,other,falling_object,laceration,multiple,days_away,full
1231,INC-E7F228D3,formal_small,surface,other,48,20.8,operator,truck_operator,male,2021-09-28,wednesday,10.19,morning,3.2,mobile_equipment,other,other,amputation,head_face,first_aid,none
1232,INC-5526C670,formal_large,underground,south_africa,39,21.0,operator,blaster,male,2021-12-03,monday,2.56,night,4.9,none,barring_scaling,other,multiple,foot_lower_leg,fatality,full
1233,INC-486C9E26,artisanal,surface,drc,36,2.9,contractor,laborer,male,2023-04-25,sunday,11.29,morning,11.8,mobile_equipment,maintenance_repair,pit_collapse,laceration,hand_finger,permanent_disability,none
1234,INC-ABD7126C,formal_large,surface,tanzania,36,12.7,operator,truck_operator,male,2020-07-17,tuesday,14.92,evening,6.7,mobile_equipment,other,vehicle_motion,multiple,hand_finger,days_away,full
1235,INC-30C06D1F,formal_large,surface,ethiopia,52,34.0,operator,welder,male,2021-01-10,wednesday,13.41,morning,4.0,haul_truck,maintenance_repair,hit_by_moving,burns,hand_finger,days_away,full
1236,INC-4A23532D,formal_large,surface,ghana,44,26.0,operator,excavator_operator,male,2024-05-12,sunday,6.59,morning,11.8,components_parts,cleaning_clearing,struck_by_object,laceration,hand_finger,permanent_disability,partial
1237,INC-29039F47,formal_small,surface,drc,41,10.7,operator,laborer,male,2023-10-13,wednesday,12.78,morning,0.5,mobile_equipment,maintenance_repair,struck_by_object,contusion,hand_finger,days_away,partial
1238,INC-79022FAE,formal_large,underground,tanzania,44,26.0,operator,other,female,2020-09-21,monday,13.13,morning,4.4,none,other,fall_from_height,laceration,upper_extremity,days_away,full
1239,INC-40A44435,formal_large,surface,south_africa,46,26.4,operator,mechanic_repairman,male,2023-04-11,saturday,11.56,morning,0.3,mobile_equipment,operating_equipment,struck_by_object,amputation,hand_finger,fatality,partial
1240,INC-416FB170,artisanal,surface,drc,25,6.0,operator,other,male,2024-10-12,wednesday,15.04,evening,8.8,mobile_equipment,other,struck_by_object,contusion,multiple,days_away,none
1241,INC-EB3817B2,formal_large,surface,south_africa,42,22.0,contractor,welder,female,2021-02-09,wednesday,13.65,morning,11.5,mobile_equipment,other,other,fracture,multiple,restricted_work,full
1242,INC-4614830B,formal_small,surface,zimbabwe,54,22.7,operator,excavator_operator,male,2021-01-28,tuesday,12.05,morning,3.1,haul_truck,maintenance_repair,fall_slip,fracture,hand_finger,days_away,full
1243,INC-7DFE170A,formal_large,underground,ethiopia,54,9.1,operator,laborer,male,2024-08-28,friday,21.16,evening,11.2,components_parts,other,other,multiple,upper_extremity,days_away,partial
1244,INC-638EB1C2,formal_small,surface,drc,48,30.0,operator,other,male,2024-10-20,monday,14.62,evening,9.7,mobile_equipment,other,other,burns,head_face,restricted_work,partial
1245,INC-9822C979,formal_large,surface,zimbabwe,56,5.6,contractor,mechanic_repairman,female,2022-08-12,thursday,13.07,morning,6.9,light_vehicle,cleaning_clearing,struck_by_object,laceration,multiple,fatality,none
1246,INC-3B8FCD72,artisanal,underground,south_africa,28,2.0,operator,driller,male,2022-05-25,friday,10.24,morning,5.8,none,other,fall_from_height,abrasion,torso,days_away,none
1247,INC-B926A8F6,formal_large,underground,zimbabwe,43,22.6,operator,driller,male,2021-02-05,wednesday,22.23,night,5.4,none,other,fall_from_height,laceration,hand_finger,fatality,partial
1248,INC-D2EE6DD1,artisanal,surface,ghana,27,11.0,contractor,other,male,2020-04-12,friday,12.67,morning,3.2,mobile_equipment,operating_equipment,other,abrasion,upper_extremity,temporary_disability,none
1249,INC-B800371B,artisanal,surface,zimbabwe,35,13.8,operator,supervisor,male,2022-10-31,thursday,13.0,morning,6.0,mobile_equipment,maintenance_repair,falling,fracture,hand_finger,days_away,none
1250,INC-B4AB1A7C,formal_large,underground,zimbabwe,49,31.0,contractor,other,male,2020-10-02,friday,23.54,night,2.7,drill_rig,other,hit_by_moving,fracture,multiple,restricted_work,full
1251,INC-969F59E3,formal_large,surface,drc,52,11.2,operator,other,male,2022-01-28,thursday,11.55,morning,1.9,mobile_equipment,cleaning_clearing,hit_by_moving,laceration,multiple,days_away,full
1252,INC-FAEEF6B9,formal_large,surface,south_africa,52,27.4,contractor,truck_operator,male,2024-09-08,tuesday,12.31,morning,7.3,none,operating_equipment,other,amputation,head_face,first_aid,partial
1253,INC-405DDB5C,artisanal,surface,south_africa,34,4.2,operator,mechanic_repairman,male,2024-08-01,friday,11.28,morning,3.4,mobile_equipment,other,falling,abrasion,hand_finger,restricted_work,none
1254,INC-2D6D83B5,formal_large,underground,zimbabwe,51,19.6,contractor,other,male,2022-04-23,thursday,14.07,evening,7.4,rock_drill,other,fall_from_height,laceration,head_face,days_away,full
1255,INC-E5B27377,artisanal,underground,south_africa,18,1.2,operator,blaster,male,2021-07-19,thursday,12.11,morning,5.4,none,drilling,other,abrasion,upper_extremity,permanent_disability,none
1256,INC-7A307EF7,artisanal,surface,south_africa,32,13.6,operator,mechanic_repairman,male,2024-11-17,wednesday,11.66,morning,2.7,haul_truck,other,falling,other,hand_finger,restricted_work,none
1257,INC-AFDC6F05,artisanal,surface,ghana,18,2.0,operator,supervisor,male,2024-06-06,monday,15.66,evening,3.5,mobile_equipment,other,struck_by_object,laceration,upper_extremity,days_away,none
1258,INC-9D23B90E,formal_small,surface,zimbabwe,48,28.3,operator,mechanic_repairman,male,2023-01-07,sunday,12.21,morning,6.5,mobile_equipment,maintenance_repair,fall_slip,laceration,multiple,days_away,full
1259,INC-C133F08C,artisanal,surface,ghana,28,12.0,operator,truck_operator,female,2023-09-17,sunday,10.85,morning,10.1,components_parts,maintenance_repair,pit_collapse,fracture,torso,temporary_disability,none
1260,INC-F1212319,formal_large,underground,ethiopia,61,30.5,operator,laborer,male,2022-03-13,wednesday,11.76,morning,5.3,none,other,other,laceration,upper_extremity,permanent_disability,full
1261,INC-399BE802,formal_small,surface,other,37,19.0,operator,other,male,2023-05-26,tuesday,13.15,morning,10.2,mobile_equipment,other,fall_slip,burns,upper_extremity,fatality,full
1262,INC-80E2BCD0,formal_large,surface,zimbabwe,41,23.0,operator,welder,male,2022-10-09,tuesday,12.76,morning,10.1,light_vehicle,directing_equipment,struck_by_object,fracture,head_face,first_aid,partial
1263,INC-64F41DFC,artisanal,underground,ghana,30,0.8,operator,supervisor,male,2020-12-01,sunday,10.7,morning,5.8,earth_moving,other,other,other,upper_extremity,restricted_work,none
1264,INC-1E47A3F4,formal_small,surface,south_africa,40,6.1,operator,truck_operator,male,2020-05-06,friday,12.25,morning,6.6,mobile_equipment,other,struck_by_object,laceration,multiple,days_away,full
1265,INC-4AF0B79C,artisanal,underground,south_africa,28,12.0,operator,laborer,male,2020-06-06,wednesday,12.32,morning,5.0,none,other,fall_from_height,other,multiple,days_away,none
1266,INC-3B19F041,formal_large,surface,ethiopia,39,10.8,operator,supervisor,male,2023-12-30,thursday,13.18,morning,1.3,mobile_equipment,directing_equipment,other,laceration,torso,first_aid,partial
1267,INC-31D14365,artisanal,underground,tanzania,34,7.4,operator,blaster,female,2024-04-27,tuesday,4.93,night,1.4,none,drilling,other,contusion,upper_extremity,days_away,none
1268,INC-D82E5810,formal_small,surface,south_africa,24,6.0,operator,truck_operator,male,2022-07-26,saturday,12.64,morning,2.4,mobile_equipment,maintenance_repair,other,contusion,multiple,days_away,full
1269,INC-EE10D559,formal_small,surface,south_africa,56,30.7,operator,excavator_operator,female,2022-11-07,thursday,12.96,morning,2.8,mobile_equipment,other,struck_by_object,laceration,torso,temporary_disability,full
1270,INC-69CFAA9A,artisanal,surface,ghana,35,19.0,operator,mechanic_repairman,male,2024-08-04,monday,12.75,morning,0.5,light_vehicle,other,pit_collapse,fracture,torso,permanent_disability,none
1271,INC-24DAA2B8,formal_small,surface,ghana,33,10.0,operator,welder,male,2024-10-28,friday,14.1,evening,0.6,light_vehicle,other,other,laceration,hand_finger,days_away,full
1272,INC-368ABC81,formal_small,surface,other,44,26.0,operator,mechanic_repairman,male,2023-07-30,monday,14.31,evening,5.3,mobile_equipment,other,other,burns,foot_lower_leg,temporary_disability,full
1273,INC-EF6ACEA1,formal_small,surface,south_africa,29,11.0,operator,supervisor,male,2022-07-31,thursday,15.8,evening,4.7,mobile_equipment,cleaning_clearing,struck_by_object,amputation,upper_extremity,fatality,full
1274,INC-59DA6244,formal_large,surface,south_africa,48,30.0,operator,truck_operator,male,2022-04-01,friday,13.76,morning,6.4,components_parts,maintenance_repair,fall_slip,burns,head_face,days_away,partial
1275,INC-F85CF4F5,formal_large,underground,ghana,35,17.0,operator,supervisor,male,2022-12-15,monday,9.66,morning,7.4,none,other,fall_from_height,laceration,upper_extremity,fatality,full
1276,INC-192181DA,formal_large,surface,south_africa,32,14.0,operator,truck_operator,male,2023-09-28,sunday,10.74,morning,7.7,components_parts,other,hit_by_moving,multiple,upper_extremity,temporary_disability,none
1277,INC-2208CF0C,formal_large,surface,south_africa,44,17.5,operator,other,male,2024-12-25,wednesday,15.8,evening,7.8,mobile_equipment,other,other,fracture,torso,temporary_disability,full
1278,INC-E6CA3F39,artisanal,underground,ghana,25,2.7,operator,blaster,male,2023-04-26,thursday,11.09,morning,7.1,none,walking,fall_from_height,abrasion,foot_lower_leg,permanent_disability,none
1279,INC-A0EF3D11,formal_small,surface,ghana,36,18.0,operator,other,male,2023-07-31,friday,14.44,evening,3.3,light_vehicle,lifting_lowering,struck_by_object,burns,torso,days_away,full
1280,INC-110D1CAB,formal_small,underground,south_africa,37,1.6,operator,blaster,male,2020-02-16,saturday,22.54,night,9.7,earth_moving,other,other,fracture,hand_finger,days_away,full
1281,INC-972ED4A7,formal_small,surface,ethiopia,44,14.1,contractor,excavator_operator,male,2021-10-19,monday,14.51,evening,5.9,haul_truck,maintenance_repair,other,laceration,upper_extremity,days_away,full
1282,INC-C9D833EA,formal_small,surface,zimbabwe,50,10.8,operator,other,male,2021-05-25,saturday,10.8,morning,7.2,haul_truck,maintenance_repair,other,laceration,foot_lower_leg,days_away,full
1283,INC-0B83AC11,artisanal,surface,south_africa,25,9.0,operator,mechanic_repairman,female,2024-02-20,wednesday,10.51,morning,2.3,mobile_equipment,maintenance_repair,struck_by_object,abrasion,hand_finger,restricted_work,none
1284,INC-FEBDD075,artisanal,underground,other,30,13.0,contractor,other,male,2021-04-11,tuesday,11.72,morning,10.5,earth_moving,drilling,fall_from_height,abrasion,hand_finger,days_away,none
1285,INC-D99945A5,artisanal,surface,ghana,19,2.2,operator,excavator_operator,male,2021-06-23,tuesday,17.8,evening,5.0,hand_tools,maintenance_repair,other,laceration,upper_extremity,restricted_work,none
1286,INC-B6A91709,formal_small,surface,other,35,8.0,operator,other,male,2023-04-07,monday,11.92,morning,11.3,mobile_equipment,other,struck_by_object,burns,multiple,days_away,partial
1287,INC-D42FEB17,formal_large,underground,other,33,15.0,operator,other,male,2022-08-16,monday,12.73,morning,0.9,none,other,other,other,hand_finger,fatality,partial
1288,INC-8466A621,formal_small,surface,ghana,43,23.4,operator,excavator_operator,male,2022-01-14,friday,11.03,morning,11.8,mobile_equipment,cleaning_clearing,other,amputation,hand_finger,temporary_disability,full
1289,INC-05991993,formal_small,underground,south_africa,48,18.9,operator,driller,male,2021-03-10,saturday,12.61,morning,10.7,drill_rig,drilling,other,multiple,torso,first_aid,full
1290,INC-58C93AA8,formal_small,underground,drc,56,23.4,operator,supervisor,male,2024-06-26,thursday,3.2,night,1.3,none,other,fall_from_height,laceration,torso,days_away,full
1291,INC-7BC02F6C,artisanal,underground,ghana,27,6.2,operator,supervisor,male,2024-12-21,sunday,3.05,night,3.3,earth_moving,other,other,abrasion,multiple,first_aid,none
1292,INC-B86431E3,formal_small,underground,south_africa,32,14.0,contractor,driller,male,2020-04-28,friday,12.59,morning,11.8,earth_moving,other,falling_object,laceration,hand_finger,fatality,full
1293,INC-D153C60F,formal_large,underground,ethiopia,39,16.6,operator,blaster,female,2024-09-02,friday,10.94,morning,6.0,none,drilling,other,laceration,multiple,days_away,none
1294,INC-14BFBE09,formal_large,surface,zimbabwe,54,24.2,operator,truck_operator,female,2024-02-13,monday,12.1,morning,0.8,hand_tools,operating_equipment,other,amputation,hand_finger,permanent_disability,full
1295,INC-C3D59E6C,formal_small,underground,other,61,15.8,operator,blaster,male,2024-05-14,thursday,22.51,night,7.7,none,other,other,fracture,torso,days_away,full
1296,INC-759628DD,formal_large,underground,tanzania,33,15.0,operator,driller,male,2022-03-14,wednesday,22.37,night,11.9,rock_drill,other,other,laceration,torso,first_aid,full
1297,INC-E1C3CDED,formal_large,surface,other,35,17.0,contractor,supervisor,male,2022-01-02,friday,12.46,morning,10.6,mobile_equipment,operating_equipment,fall_slip,fracture,torso,permanent_disability,partial
1298,INC-1804969B,artisanal,surface,tanzania,40,11.8,operator,mechanic_repairman,male,2023-01-23,wednesday,12.24,morning,2.4,light_vehicle,operating_equipment,other,contusion,foot_lower_leg,temporary_disability,none
1299,INC-7D791EF5,formal_small,underground,ethiopia,46,28.0,operator,other,male,2023-08-23,thursday,12.62,morning,6.3,none,drilling,other,fracture,multiple,first_aid,full
1300,INC-485858B4,formal_large,surface,zimbabwe,37,19.0,operator,mechanic_repairman,male,2024-09-01,friday,13.58,morning,6.4,mobile_equipment,lifting_lowering,trapped_between,amputation,foot_lower_leg,first_aid,full
1301,INC-0AA1C81D,formal_small,surface,other,35,14.1,operator,laborer,male,2021-04-21,sunday,14.46,evening,2.0,none,cleaning_clearing,fall_slip,laceration,head_face,temporary_disability,full
1302,INC-AB0B0452,artisanal,surface,other,20,4.0,contractor,mechanic_repairman,male,2024-10-31,wednesday,11.32,morning,3.8,mobile_equipment,other,other,other,foot_lower_leg,fatality,none
1303,INC-CD4B56F9,formal_large,surface,drc,45,12.4,operator,mechanic_repairman,male,2021-12-13,friday,11.75,morning,3.0,hand_tools,maintenance_repair,other,laceration,multiple,fatality,none
1304,INC-1554E3AB,artisanal,underground,drc,28,4.4,operator,laborer,male,2023-04-26,wednesday,13.5,morning,2.9,earth_moving,other,other,fracture,hand_finger,fatality,none
1305,INC-CB6CBCFC,artisanal,surface,ethiopia,26,10.0,operator,truck_operator,male,2024-01-09,wednesday,12.41,morning,6.5,mobile_equipment,other,other,fracture,hand_finger,days_away,none
1306,INC-976B2B9D,formal_small,surface,ghana,57,23.1,contractor,truck_operator,male,2023-04-09,thursday,10.88,morning,3.0,hand_tools,operating_equipment,struck_by_object,multiple,upper_extremity,restricted_work,full
1307,INC-13CAB6A1,artisanal,underground,other,44,25.7,operator,driller,male,2020-04-13,thursday,10.85,morning,7.2,rock_drill,charging_up,hit_by_moving,fracture,foot_lower_leg,permanent_disability,none
1308,INC-9AA1DD93,formal_large,surface,south_africa,30,12.0,operator,welder,male,2024-05-21,monday,10.05,morning,4.3,mobile_equipment,other,vehicle_motion,burns,hand_finger,days_away,partial
1309,INC-BE6589FD,artisanal,underground,south_africa,27,11.0,contractor,laborer,female,2020-03-31,thursday,12.32,morning,3.8,none,drilling,other,abrasion,torso,fatality,none
1310,INC-11F770F4,formal_small,surface,ghana,57,25.2,operator,laborer,male,2022-09-09,tuesday,10.82,morning,5.5,mobile_equipment,other,other,laceration,foot_lower_leg,temporary_disability,partial
1311,INC-A1103D79,artisanal,underground,ethiopia,27,2.3,operator,supervisor,male,2023-04-22,monday,13.73,morning,1.0,none,drilling,struck_by_rock,other,head_face,days_away,none
1312,INC-8D9C2648,formal_small,underground,ethiopia,37,19.0,contractor,mechanic_repairman,male,2021-04-02,thursday,14.81,evening,7.7,none,other,fall_from_height,laceration,head_face,fatality,partial
1313,INC-79EC3FFD,formal_large,surface,south_africa,46,10.9,operator,excavator_operator,male,2023-11-15,friday,12.37,morning,0.1,mobile_equipment,other,other,multiple,foot_lower_leg,permanent_disability,full
1314,INC-252F955C,formal_large,surface,south_africa,58,23.7,operator,laborer,male,2022-12-27,wednesday,13.37,morning,7.9,light_vehicle,other,struck_by_object,laceration,hand_finger,fatality,full
1315,INC-46E54845,artisanal,surface,south_africa,23,0.3,operator,mechanic_repairman,male,2021-12-01,monday,9.97,morning,6.2,haul_truck,lifting_lowering,pit_collapse,abrasion,multiple,days_away,none
1316,INC-A27E6F54,formal_small,surface,ghana,46,11.3,contractor,truck_operator,male,2020-10-09,wednesday,13.01,morning,5.2,mobile_equipment,cleaning_clearing,other,amputation,hand_finger,restricted_work,full
1317,INC-2262ED14,formal_large,underground,south_africa,40,22.0,operator,blaster,male,2023-05-16,wednesday,13.95,morning,1.2,rock_drill,other,hit_by_moving,contusion,foot_lower_leg,permanent_disability,full
1318,INC-DE1C035F,artisanal,surface,tanzania,30,3.0,operator,other,male,2020-07-02,friday,7.49,morning,9.1,haul_truck,maintenance_repair,pit_collapse,fracture,multiple,restricted_work,none
1319,INC-631BBC37,artisanal,surface,south_africa,32,12.7,operator,welder,male,2024-07-06,sunday,11.33,morning,7.4,haul_truck,operating_equipment,pit_collapse,abrasion,hand_finger,days_away,none
1320,INC-34AC1D71,formal_small,surface,ghana,49,16.8,operator,mechanic_repairman,female,2020-07-28,saturday,12.49,morning,7.6,components_parts,operating_equipment,struck_by_object,multiple,torso,days_away,full
1321,INC-8F1DC49E,formal_small,surface,ghana,41,12.3,operator,other,male,2020-07-01,friday,8.67,morning,5.2,mobile_equipment,operating_equipment,other,amputation,hand_finger,fatality,full
1322,INC-BF92EDEC,formal_large,underground,zimbabwe,47,21.1,contractor,driller,male,2021-01-09,friday,14.21,evening,10.1,none,walking,fall_from_height,laceration,upper_extremity,days_away,partial
1323,INC-D403EAF7,artisanal,surface,other,24,8.0,contractor,welder,female,2024-02-25,sunday,9.67,morning,6.9,mobile_equipment,maintenance_repair,struck_by_object,contusion,hand_finger,temporary_disability,none
1324,INC-17F43F70,formal_large,surface,south_africa,41,22.3,contractor,welder,male,2024-03-23,friday,10.15,morning,7.8,haul_truck,operating_equipment,hit_by_moving,multiple,hand_finger,restricted_work,partial
1325,INC-65F573BE,artisanal,surface,ghana,37,5.7,operator,mechanic_repairman,male,2022-11-28,thursday,12.08,morning,5.7,mobile_equipment,other,falling,fracture,upper_extremity,days_away,none
1326,INC-09CDEBAA,formal_small,underground,tanzania,51,13.9,operator,blaster,male,2023-12-22,monday,13.18,morning,4.3,drill_rig,other,falling_object,fracture,foot_lower_leg,fatality,partial
1327,INC-B74610B2,formal_small,surface,south_africa,29,11.0,operator,laborer,male,2022-02-10,friday,17.97,evening,7.3,mobile_equipment,other,hit_by_moving,amputation,foot_lower_leg,days_away,full
1328,INC-C5E43C28,formal_large,surface,drc,33,6.7,operator,mechanic_repairman,male,2024-12-24,sunday,15.55,evening,6.7,mobile_equipment,other,trapped_between,amputation,hand_finger,days_away,full
1329,INC-2641DECF,formal_large,surface,other,29,11.0,operator,laborer,male,2020-04-04,monday,12.74,morning,7.0,mobile_equipment,maintenance_repair,struck_by_object,fracture,multiple,days_away,none
1330,INC-7B40970E,artisanal,surface,ethiopia,32,3.0,operator,supervisor,male,2023-01-23,thursday,13.08,morning,6.6,mobile_equipment,other,other,abrasion,hand_finger,days_away,none
1331,INC-3451E877,formal_small,underground,other,42,24.0,operator,other,female,2021-12-02,thursday,10.5,morning,5.7,earth_moving,other,fall_from_height,fracture,upper_extremity,temporary_disability,none
1332,INC-499D22F5,formal_small,surface,ghana,28,10.0,operator,laborer,male,2021-10-09,friday,12.06,morning,3.6,mobile_equipment,operating_equipment,other,fracture,torso,first_aid,partial
1333,INC-1D9FF3A8,artisanal,surface,ghana,36,6.2,operator,mechanic_repairman,female,2023-12-20,monday,12.33,morning,7.9,haul_truck,maintenance_repair,pit_collapse,contusion,upper_extremity,temporary_disability,none
1334,INC-BB782FA8,artisanal,underground,south_africa,28,1.5,operator,laborer,male,2023-11-03,wednesday,11.65,morning,6.5,earth_moving,other,fall_from_height,contusion,foot_lower_leg,days_away,none
1335,INC-04169BF5,artisanal,surface,south_africa,32,9.8,contractor,mechanic_repairman,male,2022-09-16,saturday,9.63,morning,6.1,components_parts,maintenance_repair,pit_collapse,fracture,foot_lower_leg,fatality,none
1336,INC-ED7BDA9D,formal_large,surface,south_africa,36,12.1,operator,other,female,2024-05-10,saturday,13.04,morning,6.2,mobile_equipment,maintenance_repair,other,fracture,multiple,days_away,none
1337,INC-CAEB8DC3,formal_small,surface,zimbabwe,32,14.0,operator,other,male,2020-11-17,thursday,12.0,morning,7.1,haul_truck,operating_equipment,struck_by_object,fracture,head_face,days_away,full
1338,INC-9D89E19D,artisanal,surface,zimbabwe,29,9.1,operator,mechanic_repairman,male,2020-05-20,saturday,13.39,morning,2.8,none,other,pit_collapse,fracture,head_face,days_away,none
1339,INC-236F4EC1,formal_small,underground,south_africa,57,21.3,operator,mechanic_repairman,male,2021-02-28,monday,13.15,morning,6.4,earth_moving,other,other,laceration,head_face,days_away,partial
1340,INC-03B87D29,formal_large,underground,ethiopia,33,7.8,operator,other,male,2020-06-24,thursday,12.04,morning,0.6,components_parts,drilling,other,laceration,upper_extremity,days_away,full
1341,INC-54A66B3E,artisanal,underground,south_africa,41,2.8,contractor,other,male,2024-03-27,thursday,18.92,evening,1.4,rock_drill,other,other,abrasion,upper_extremity,fatality,none
1342,INC-B1960824,formal_small,underground,ghana,30,12.0,contractor,other,male,2022-07-27,friday,21.62,evening,11.6,rock_drill,other,other,laceration,upper_extremity,fatality,full
1343,INC-65D7DB6D,formal_small,surface,south_africa,45,22.5,operator,truck_operator,male,2022-03-01,tuesday,11.84,morning,4.3,light_vehicle,other,other,laceration,upper_extremity,days_away,full
1344,INC-FE8E6C16,artisanal,surface,tanzania,31,15.0,operator,laborer,male,2022-06-26,sunday,12.0,morning,2.4,hand_tools,lifting_lowering,pit_collapse,laceration,multiple,permanent_disability,none
1345,INC-B7D505B3,artisanal,surface,zimbabwe,30,8.1,operator,other,male,2020-06-23,monday,13.88,morning,0.7,light_vehicle,operating_equipment,falling,fracture,hand_finger,fatality,none
1346,INC-C2BC8C2D,formal_small,underground,tanzania,59,5.1,contractor,driller,male,2023-03-30,tuesday,5.51,night,2.4,none,other,struck_by_rock,contusion,torso,fatality,none
1347,INC-185C95D7,formal_small,underground,south_africa,41,9.9,operator,driller,male,2024-11-12,friday,3.15,night,0.3,none,drilling,falling_object,other,hand_finger,days_away,full
1348,INC-CD0B6942,formal_small,surface,ghana,42,24.0,operator,other,male,2020-09-17,monday,15.31,evening,2.9,components_parts,directing_equipment,other,amputation,multiple,first_aid,full
1349,INC-2DB0D7BE,formal_large,surface,other,55,11.9,contractor,laborer,male,2021-04-07,thursday,16.65,evening,1.2,mobile_equipment,cleaning_clearing,struck_by_object,multiple,upper_extremity,first_aid,full
1350,INC-BF368C10,artisanal,underground,south_africa,27,4.0,operator,other,female,2023-11-20,monday,13.16,morning,8.5,rock_drill,other,struck_by_rock,abrasion,multiple,days_away,none
1351,INC-A776DD9B,artisanal,underground,ghana,27,10.1,operator,other,female,2023-12-25,thursday,2.18,night,5.1,none,drilling,fall_from_height,laceration,torso,days_away,none
1352,INC-A0545AF6,formal_large,underground,south_africa,51,7.9,operator,mechanic_repairman,female,2021-05-29,thursday,1.2,night,1.7,earth_moving,drilling,struck_by_rock,laceration,torso,days_away,none
1353,INC-4A20E49B,formal_large,surface,south_africa,47,29.0,operator,mechanic_repairman,male,2020-01-24,friday,8.18,morning,11.0,mobile_equipment,other,struck_by_object,multiple,hand_finger,first_aid,partial
1354,INC-AF3AD68F,artisanal,surface,zimbabwe,32,16.0,operator,supervisor,male,2023-08-06,friday,11.46,morning,11.8,components_parts,operating_equipment,falling,laceration,head_face,restricted_work,none
1355,INC-65546F6D,formal_large,surface,south_africa,37,11.9,operator,other,male,2021-04-13,friday,11.29,morning,0.1,mobile_equipment,maintenance_repair,trapped_between,laceration,torso,permanent_disability,full
1356,INC-4E8D336D,formal_small,surface,zimbabwe,47,27.3,operator,truck_operator,female,2024-01-16,friday,13.63,morning,2.6,mobile_equipment,operating_equipment,hit_by_moving,amputation,hand_finger,days_away,full
1357,INC-51E8FB47,formal_small,underground,other,30,12.0,operator,other,male,2021-09-07,monday,10.26,morning,2.7,rock_drill,other,falling_object,laceration,multiple,permanent_disability,full
1358,INC-DFEC46DE,artisanal,surface,south_africa,36,1.6,operator,welder,male,2024-11-18,friday,10.83,morning,6.1,mobile_equipment,other,pit_collapse,contusion,hand_finger,days_away,none
1359,INC-C30B7005,formal_large,surface,south_africa,37,9.7,operator,mechanic_repairman,male,2024-04-18,saturday,11.64,morning,4.7,light_vehicle,directing_equipment,trapped_between,laceration,hand_finger,days_away,partial
1360,INC-C7935931,artisanal,surface,drc,26,10.0,operator,truck_operator,male,2020-05-04,monday,6.29,morning,7.4,mobile_equipment,other,falling,laceration,torso,fatality,none
1361,INC-9628F7C3,formal_small,surface,zimbabwe,56,17.1,operator,other,male,2023-09-27,sunday,10.33,morning,7.1,components_parts,lifting_lowering,trapped_between,multiple,hand_finger,permanent_disability,none
1362,INC-7A6F4E1D,artisanal,surface,other,31,8.0,operator,mechanic_repairman,female,2023-08-05,saturday,14.76,evening,3.5,mobile_equipment,cleaning_clearing,pit_collapse,other,multiple,days_away,none
1363,INC-C45D487C,formal_large,surface,ghana,55,21.4,operator,supervisor,male,2021-07-16,saturday,13.47,morning,2.9,mobile_equipment,operating_equipment,other,amputation,hand_finger,restricted_work,full
1364,INC-E46E4195,formal_small,underground,ethiopia,47,29.0,operator,laborer,male,2024-08-02,monday,12.86,morning,7.0,none,other,falling_object,contusion,multiple,fatality,full
1365,INC-6AE57E73,formal_small,surface,other,24,6.0,operator,mechanic_repairman,male,2023-12-08,wednesday,6.03,morning,5.9,mobile_equipment,other,fall_slip,laceration,multiple,days_away,partial
1366,INC-4E6E3F94,formal_large,surface,south_africa,31,3.3,operator,truck_operator,male,2021-04-30,sunday,12.03,morning,5.2,mobile_equipment,operating_equipment,trapped_between,contusion,torso,temporary_disability,full
1367,INC-A62A3944,formal_large,surface,drc,36,9.7,contractor,excavator_operator,male,2024-01-19,tuesday,7.41,morning,2.7,haul_truck,maintenance_repair,trapped_between,burns,hand_finger,days_away,partial
1368,INC-7EA064F7,formal_large,surface,ethiopia,41,15.3,operator,mechanic_repairman,male,2023-07-20,monday,12.0,morning,7.4,hand_tools,operating_equipment,other,multiple,multiple,first_aid,none
1369,INC-93132FA3,formal_large,underground,drc,31,13.0,operator,driller,male,2022-07-23,wednesday,11.93,morning,5.4,none,other,falling_object,other,head_face,days_away,partial
1370,INC-56FB46F0,formal_large,underground,south_africa,40,17.2,operator,other,female,2024-06-13,wednesday,4.68,night,1.7,rock_drill,charging_up,struck_by_rock,laceration,hand_finger,days_away,full
1371,INC-963C379B,artisanal,surface,ghana,32,11.9,operator,laborer,male,2022-07-16,thursday,13.42,morning,6.2,mobile_equipment,maintenance_repair,pit_collapse,contusion,multiple,days_away,none
1372,INC-8E48781A,formal_small,underground,south_africa,59,26.3,operator,other,male,2021-05-09,wednesday,13.68,morning,5.2,components_parts,other,other,multiple,hand_finger,days_away,none
1373,INC-A01C3A6B,artisanal,underground,other,33,12.5,operator,mechanic_repairman,male,2022-07-19,sunday,10.93,morning,7.9,none,other,other,fracture,hand_finger,days_away,none
1374,INC-BEB27B40,artisanal,surface,south_africa,18,2.0,operator,truck_operator,male,2022-06-02,sunday,12.66,morning,6.8,haul_truck,directing_equipment,falling,contusion,upper_extremity,fatality,none
1375,INC-2F38D7A0,formal_large,surface,south_africa,46,15.0,operator,supervisor,male,2020-11-01,sunday,8.27,morning,7.9,mobile_equipment,lifting_lowering,hit_by_moving,fracture,torso,days_away,full
1376,INC-7625EDFF,artisanal,surface,other,24,5.6,operator,other,male,2022-11-11,thursday,11.12,morning,7.8,hand_tools,lifting_lowering,other,laceration,multiple,first_aid,none
1377,INC-B2ADEC7D,artisanal,underground,ghana,21,5.0,contractor,laborer,male,2024-01-24,tuesday,0.99,night,0.3,none,other,other,laceration,multiple,days_away,none
1378,INC-0F76824D,artisanal,surface,ethiopia,31,15.0,operator,welder,female,2024-05-24,friday,11.93,morning,4.8,none,operating_equipment,other,fracture,hand_finger,permanent_disability,none
1379,INC-0FB1E0FF,formal_small,surface,ghana,45,20.3,operator,mechanic_repairman,male,2023-07-28,friday,8.13,morning,2.6,components_parts,maintenance_repair,struck_by_object,burns,hand_finger,days_away,partial
1380,INC-3A4423B3,formal_small,underground,ethiopia,33,15.0,operator,supervisor,male,2022-06-12,saturday,0.79,night,6.9,drill_rig,drilling,hit_by_moving,other,head_face,permanent_disability,full
1381,INC-A43662C6,formal_large,underground,south_africa,27,9.0,operator,mechanic_repairman,male,2024-03-30,saturday,21.9,evening,10.9,components_parts,other,hit_by_moving,fracture,multiple,restricted_work,full
1382,INC-DD5D3635,formal_small,surface,zimbabwe,31,13.0,contractor,other,male,2024-08-26,monday,13.7,morning,0.1,haul_truck,maintenance_repair,hit_by_moving,amputation,head_face,fatality,full
1383,INC-89E0B8D9,artisanal,underground,zimbabwe,24,6.8,operator,supervisor,female,2024-01-29,tuesday,13.65,morning,2.6,none,other,other,abrasion,hand_finger,days_away,none
1384,INC-68E72E43,artisanal,surface,ghana,27,11.0,operator,truck_operator,male,2023-12-17,friday,11.49,morning,5.9,light_vehicle,operating_equipment,pit_collapse,other,hand_finger,days_away,none
1385,INC-E890A6E7,formal_large,underground,ghana,27,9.0,operator,blaster,male,2023-12-05,friday,10.66,morning,6.5,none,drilling,hit_by_moving,laceration,head_face,temporary_disability,full
1386,INC-48EC6A9F,artisanal,surface,south_africa,22,6.0,contractor,mechanic_repairman,female,2022-06-12,tuesday,11.94,morning,5.9,components_parts,other,pit_collapse,fracture,head_face,days_away,none
1387,INC-6E03479F,formal_large,surface,tanzania,43,5.8,operator,other,male,2023-11-25,friday,13.27,morning,0.3,mobile_equipment,maintenance_repair,other,laceration,hand_finger,restricted_work,full
1388,INC-195FAE09,artisanal,underground,south_africa,27,11.0,operator,laborer,male,2021-11-29,sunday,22.33,night,0.2,drill_rig,other,fall_from_height,laceration,foot_lower_leg,permanent_disability,none
1389,INC-8657A28B,formal_large,surface,ghana,46,23.8,operator,truck_operator,male,2024-09-20,tuesday,13.87,morning,2.3,haul_truck,maintenance_repair,hit_by_moving,laceration,head_face,temporary_disability,full
1390,INC-42BB61EC,artisanal,surface,ghana,22,4.4,operator,laborer,male,2024-06-01,wednesday,13.73,morning,11.8,mobile_equipment,maintenance_repair,struck_by_object,laceration,hand_finger,days_away,none
1391,INC-2F3A7991,artisanal,surface,zimbabwe,36,13.4,operator,truck_operator,female,2023-01-10,friday,12.46,morning,4.2,light_vehicle,lifting_lowering,other,other,head_face,fatality,none
1392,INC-8E6038E9,formal_large,surface,tanzania,33,5.5,operator,laborer,female,2023-08-06,thursday,14.04,evening,6.7,mobile_equipment,operating_equipment,other,laceration,torso,permanent_disability,partial
1393,INC-DE9B4BA8,formal_large,surface,ghana,44,25.2,contractor,laborer,female,2024-02-20,saturday,11.96,morning,10.9,mobile_equipment,cleaning_clearing,vehicle_motion,amputation,hand_finger,days_away,full
1394,INC-FC81CB0C,artisanal,surface,other,34,6.4,operator,welder,female,2022-11-20,friday,14.56,evening,5.9,mobile_equipment,operating_equipment,falling,laceration,head_face,permanent_disability,none
1395,INC-31080D92,formal_large,underground,tanzania,56,20.0,operator,driller,male,2024-01-03,wednesday,21.37,evening,11.9,none,barring_scaling,hit_by_moving,laceration,head_face,days_away,none
1396,INC-264AE5C0,formal_small,underground,drc,61,31.3,contractor,driller,male,2023-09-09,thursday,13.6,morning,11.8,components_parts,other,falling_object,laceration,torso,days_away,full
1397,INC-96A10BE7,artisanal,surface,tanzania,31,15.0,operator,excavator_operator,male,2021-05-08,wednesday,13.27,morning,3.7,light_vehicle,other,falling,abrasion,head_face,days_away,none
1398,INC-FD5192F4,formal_small,surface,south_africa,50,14.9,operator,truck_operator,male,2020-10-04,friday,17.44,evening,10.5,light_vehicle,operating_equipment,vehicle_motion,multiple,head_face,permanent_disability,full
1399,INC-AB6E1914,formal_small,underground,other,41,20.5,operator,driller,male,2022-10-30,friday,22.57,night,4.5,rock_drill,other,fall_from_height,laceration,multiple,days_away,partial
1400,INC-ADDF415D,formal_small,surface,drc,50,24.0,contractor,mechanic_repairman,male,2020-01-01,monday,12.41,morning,2.9,haul_truck,operating_equipment,other,multiple,upper_extremity,temporary_disability,partial
1401,INC-0F50EC8D,formal_large,surface,ethiopia,55,3.8,operator,supervisor,male,2023-08-25,friday,7.45,morning,6.6,mobile_equipment,other,struck_by_object,laceration,head_face,first_aid,full
1402,INC-C4119DC9,artisanal,surface,south_africa,28,10.6,operator,other,male,2023-06-02,wednesday,7.28,morning,2.8,none,other,struck_by_object,abrasion,torso,fatality,none
1403,INC-BFCB5A0F,formal_large,surface,south_africa,23,5.0,operator,supervisor,male,2020-07-07,wednesday,14.05,evening,4.6,components_parts,directing_equipment,fall_slip,fracture,hand_finger,days_away,full
1404,INC-BAE3ED8A,formal_large,surface,ethiopia,57,4.1,operator,laborer,female,2021-07-19,thursday,9.96,morning,3.2,mobile_equipment,maintenance_repair,fall_slip,multiple,head_face,permanent_disability,full
1405,INC-A6793F7D,formal_large,underground,ghana,37,12.3,contractor,mechanic_repairman,male,2022-08-26,friday,11.08,morning,1.8,rock_drill,other,hit_by_moving,laceration,multiple,days_away,full
1406,INC-17E71DF2,artisanal,underground,tanzania,18,2.0,operator,supervisor,male,2023-08-18,friday,13.3,morning,7.5,none,barring_scaling,hit_by_moving,other,foot_lower_leg,days_away,none
1407,INC-85755DC7,formal_large,surface,ghana,37,19.0,operator,welder,female,2020-01-06,sunday,14.12,evening,4.1,mobile_equipment,other,other,laceration,hand_finger,days_away,full
1408,INC-B7C3A958,artisanal,surface,zimbabwe,27,9.3,operator,excavator_operator,male,2022-10-10,wednesday,13.65,morning,2.9,mobile_equipment,cleaning_clearing,struck_by_object,laceration,hand_finger,temporary_disability,none
1409,INC-5E3B2001,artisanal,surface,south_africa,25,8.1,operator,laborer,male,2021-03-14,sunday,10.43,morning,1.9,mobile_equipment,other,other,fracture,upper_extremity,days_away,none
1410,INC-32E50310,artisanal,surface,south_africa,32,9.1,contractor,mechanic_repairman,female,2021-12-26,friday,9.34,morning,5.7,mobile_equipment,directing_equipment,struck_by_object,other,torso,days_away,none
1411,INC-315D312F,artisanal,underground,south_africa,35,19.0,operator,blaster,male,2022-06-07,wednesday,11.0,morning,5.4,rock_drill,other,falling_object,abrasion,foot_lower_leg,temporary_disability,none
1412,INC-4CD394DC,artisanal,surface,drc,33,5.4,operator,welder,male,2020-12-29,wednesday,12.07,morning,7.5,mobile_equipment,lifting_lowering,pit_collapse,fracture,multiple,days_away,none
1413,INC-9870BEB7,artisanal,underground,ethiopia,39,23.0,operator,blaster,male,2021-07-14,tuesday,0.8,night,7.0,drill_rig,charging_up,other,fracture,multiple,days_away,none
1414,INC-CFB68402,formal_large,surface,other,39,4.9,contractor,mechanic_repairman,male,2022-01-22,friday,12.41,morning,5.1,light_vehicle,cleaning_clearing,other,multiple,torso,fatality,none
1415,INC-C1D4E082,artisanal,surface,tanzania,26,10.0,operator,truck_operator,male,2023-11-09,friday,13.17,morning,10.4,haul_truck,operating_equipment,other,abrasion,upper_extremity,days_away,none
1416,INC-B69E8CD7,formal_small,surface,drc,46,25.8,operator,supervisor,male,2021-06-07,thursday,13.42,morning,3.8,components_parts,cleaning_clearing,struck_by_object,laceration,multiple,days_away,none
1417,INC-CEA325B6,formal_small,surface,zimbabwe,32,14.0,operator,truck_operator,male,2023-03-09,monday,11.87,morning,5.4,haul_truck,maintenance_repair,struck_by_object,burns,multiple,permanent_disability,partial
1418,INC-F5EB4874,artisanal,underground,drc,26,10.0,operator,driller,male,2021-10-22,thursday,13.46,morning,6.5,none,other,other,laceration,head_face,days_away,none
1419,INC-CE0AC9E8,artisanal,surface,other,38,3.0,contractor,laborer,female,2021-05-03,saturday,11.88,morning,2.8,mobile_equipment,other,falling,abrasion,hand_finger,permanent_disability,none
1420,INC-CC5F9364,artisanal,surface,tanzania,31,13.8,operator,other,male,2020-07-21,saturday,12.24,morning,1.2,mobile_equipment,maintenance_repair,pit_collapse,abrasion,hand_finger,days_away,none
1421,INC-D2967C96,formal_small,surface,south_africa,40,22.0,operator,other,male,2020-02-01,friday,7.38,morning,11.6,haul_truck,other,struck_by_object,laceration,hand_finger,temporary_disability,partial
1422,INC-7199A231,formal_small,surface,tanzania,47,6.7,operator,other,male,2021-09-20,friday,13.32,morning,1.5,hand_tools,other,other,amputation,foot_lower_leg,days_away,full
1423,INC-F3B5DA44,formal_small,underground,south_africa,45,27.0,operator,other,male,2021-04-10,wednesday,12.3,morning,7.9,components_parts,other,hit_by_moving,multiple,foot_lower_leg,days_away,full
1424,INC-13FD9499,formal_small,surface,south_africa,46,8.7,operator,other,male,2023-10-05,wednesday,11.48,morning,2.6,mobile_equipment,directing_equipment,fall_slip,amputation,foot_lower_leg,fatality,full
1425,INC-56B80F33,formal_small,surface,tanzania,39,20.4,operator,truck_operator,male,2022-08-05,thursday,12.0,morning,1.9,mobile_equipment,other,other,laceration,hand_finger,restricted_work,full
1426,INC-643A36BA,formal_large,surface,drc,49,15.5,operator,laborer,male,2020-04-12,friday,11.5,morning,5.6,mobile_equipment,operating_equipment,other,fracture,hand_finger,permanent_disability,full
1427,INC-617DB89F,formal_large,surface,south_africa,53,17.5,operator,laborer,male,2023-10-23,tuesday,10.66,morning,7.3,haul_truck,lifting_lowering,other,laceration,head_face,first_aid,full
1428,INC-8B206027,artisanal,surface,south_africa,29,13.0,operator,other,female,2021-12-26,friday,12.27,morning,6.9,mobile_equipment,lifting_lowering,struck_by_object,other,hand_finger,restricted_work,none
1429,INC-251957CE,formal_small,surface,other,52,34.0,operator,excavator_operator,male,2023-01-06,monday,6.42,morning,0.6,haul_truck,other,hit_by_moving,multiple,multiple,fatality,none
1430,INC-EDF07497,artisanal,surface,south_africa,43,20.1,contractor,welder,male,2020-08-17,saturday,13.54,morning,6.8,mobile_equipment,cleaning_clearing,other,laceration,upper_extremity,first_aid,none
1431,INC-101E42FF,artisanal,surface,south_africa,34,13.8,operator,other,male,2020-04-11,monday,9.74,morning,11.1,mobile_equipment,maintenance_repair,struck_by_object,abrasion,hand_finger,first_aid,none
1432,INC-357B440A,formal_large,surface,tanzania,47,9.5,operator,supervisor,male,2020-07-07,friday,13.01,morning,5.0,components_parts,lifting_lowering,trapped_between,multiple,multiple,restricted_work,full
1433,INC-1EC12F20,formal_large,underground,drc,51,33.0,contractor,laborer,male,2022-05-01,thursday,11.5,morning,10.4,none,other,other,contusion,upper_extremity,first_aid,full
1434,INC-57C4BD0C,formal_large,surface,zimbabwe,51,27.7,contractor,mechanic_repairman,male,2024-06-02,tuesday,15.88,evening,2.5,haul_truck,maintenance_repair,struck_by_object,contusion,head_face,days_away,none
1435,INC-0D2F61BE,artisanal,surface,zimbabwe,29,6.0,contractor,laborer,male,2024-10-18,sunday,11.64,morning,4.1,mobile_equipment,cleaning_clearing,pit_collapse,other,foot_lower_leg,fatality,none
1436,INC-7378D91B,formal_large,surface,ghana,65,18.5,contractor,excavator_operator,male,2024-01-05,friday,14.26,evening,5.9,haul_truck,maintenance_repair,vehicle_motion,multiple,foot_lower_leg,days_away,none
1437,INC-109884FA,formal_small,surface,south_africa,54,18.4,operator,laborer,male,2024-07-08,thursday,17.62,evening,10.9,mobile_equipment,lifting_lowering,vehicle_motion,laceration,hand_finger,fatality,full
1438,INC-DFAE3851,artisanal,underground,drc,25,5.7,operator,laborer,female,2023-11-04,thursday,1.37,night,6.4,components_parts,drilling,hit_by_moving,other,hand_finger,permanent_disability,none
1439,INC-2E207CF7,artisanal,surface,drc,40,5.4,contractor,other,male,2023-09-17,monday,10.75,morning,2.5,haul_truck,cleaning_clearing,falling,fracture,torso,fatality,none
1440,INC-A032BBD0,formal_large,surface,ghana,42,24.0,operator,laborer,male,2022-02-08,friday,13.48,morning,5.9,mobile_equipment,lifting_lowering,other,multiple,torso,fatality,partial
1441,INC-BB07A906,formal_large,underground,ghana,34,14.9,operator,driller,male,2021-06-02,thursday,2.57,night,8.3,components_parts,drilling,other,laceration,head_face,permanent_disability,full
1442,INC-1D954BCB,formal_large,underground,ghana,40,16.5,operator,laborer,male,2023-02-23,saturday,20.06,evening,5.5,earth_moving,charging_up,hit_by_moving,other,foot_lower_leg,fatality,full
1443,INC-36CDB06E,formal_large,underground,south_africa,39,20.3,operator,blaster,male,2020-02-10,thursday,15.16,evening,11.8,none,other,struck_by_rock,contusion,head_face,temporary_disability,full
1444,INC-BB7AA466,formal_large,surface,ghana,47,29.0,operator,other,male,2020-11-23,wednesday,10.75,morning,5.2,mobile_equipment,lifting_lowering,other,amputation,torso,first_aid,partial
1445,INC-81F910D2,formal_small,surface,south_africa,36,17.3,operator,truck_operator,male,2022-04-13,saturday,12.31,morning,0.1,haul_truck,other,other,laceration,multiple,first_aid,full
1446,INC-41FE5B3E,artisanal,surface,drc,32,10.1,operator,mechanic_repairman,male,2023-03-01,friday,10.84,morning,1.5,mobile_equipment,other,struck_by_object,laceration,multiple,first_aid,none
1447,INC-9FD8A0B7,formal_small,surface,ghana,54,6.2,operator,truck_operator,male,2021-11-14,friday,11.52,morning,2.9,mobile_equipment,operating_equipment,other,laceration,torso,permanent_disability,full
1448,INC-9010FD35,artisanal,surface,tanzania,30,9.0,operator,excavator_operator,male,2023-11-07,wednesday,14.35,evening,0.7,haul_truck,other,falling,contusion,torso,days_away,none
1449,INC-F5292676,formal_large,underground,zimbabwe,29,11.0,operator,laborer,male,2023-05-19,thursday,24.0,night,7.4,components_parts,other,falling_object,laceration,foot_lower_leg,restricted_work,full
1450,INC-A86995ED,artisanal,surface,drc,35,6.2,contractor,other,male,2021-04-19,tuesday,9.87,morning,4.7,mobile_equipment,cleaning_clearing,pit_collapse,abrasion,torso,days_away,none
1451,INC-A9AF2E65,artisanal,surface,other,36,7.0,operator,laborer,male,2020-05-08,thursday,15.9,evening,3.4,hand_tools,maintenance_repair,other,fracture,hand_finger,days_away,none
1452,INC-ED30A428,artisanal,surface,ghana,34,8.2,operator,welder,male,2021-05-13,thursday,12.08,morning,2.3,components_parts,directing_equipment,pit_collapse,abrasion,head_face,days_away,none
1453,INC-064D6514,artisanal,surface,south_africa,36,1.0,operator,welder,male,2024-08-13,friday,9.21,morning,9.7,mobile_equipment,cleaning_clearing,pit_collapse,other,upper_extremity,first_aid,none
1454,INC-040FC364,formal_large,surface,tanzania,27,9.0,operator,other,male,2021-02-23,thursday,10.43,morning,4.0,components_parts,operating_equipment,fall_slip,laceration,head_face,fatality,full
1455,INC-1E6D1783,formal_large,underground,south_africa,41,13.0,operator,driller,male,2023-09-05,sunday,22.34,night,1.6,rock_drill,other,other,laceration,multiple,days_away,full
1456,INC-61401E5F,formal_large,surface,south_africa,34,16.0,operator,mechanic_repairman,male,2023-06-05,thursday,10.33,morning,4.4,mobile_equipment,other,hit_by_moving,contusion,hand_finger,days_away,none
1457,INC-AD482E9D,formal_small,underground,south_africa,31,13.0,contractor,laborer,male,2024-11-08,wednesday,13.81,morning,8.4,none,other,hit_by_moving,other,foot_lower_leg,first_aid,full
1458,INC-673A1E88,artisanal,surface,other,33,6.5,operator,mechanic_repairman,male,2024-08-12,thursday,7.16,morning,5.8,none,other,struck_by_object,contusion,foot_lower_leg,days_away,none
1459,INC-F7DEF0B2,formal_small,underground,south_africa,36,17.1,operator,other,male,2024-04-29,thursday,10.96,morning,6.2,none,other,other,other,torso,days_away,partial
1460,INC-5CD40068,artisanal,surface,zimbabwe,34,5.1,operator,laborer,male,2021-07-19,thursday,11.36,morning,3.9,haul_truck,cleaning_clearing,falling,other,torso,days_away,none
1461,INC-FD81834A,formal_small,underground,ghana,35,17.0,contractor,other,male,2022-02-24,wednesday,13.77,morning,6.8,earth_moving,drilling,other,fracture,multiple,days_away,partial
1462,INC-38BC1CF5,formal_large,underground,tanzania,43,21.4,contractor,other,male,2022-06-12,thursday,14.08,evening,2.6,earth_moving,other,falling_object,multiple,multiple,days_away,full
1463,INC-17ECD219,formal_large,surface,ghana,37,19.0,operator,laborer,male,2023-04-24,saturday,13.84,morning,3.7,haul_truck,operating_equipment,other,amputation,foot_lower_leg,fatality,none
1464,INC-4C099A1E,artisanal,surface,other,25,2.9,contractor,truck_operator,male,2020-09-20,tuesday,12.49,morning,4.0,mobile_equipment,other,other,other,hand_finger,days_away,none
1465,INC-9346C97F,artisanal,underground,tanzania,43,3.1,operator,driller,male,2024-03-24,friday,13.97,morning,1.8,rock_drill,other,other,contusion,multiple,days_away,none
1466,INC-A36CE8A5,formal_small,surface,ghana,37,19.0,operator,mechanic_repairman,female,2023-03-20,monday,16.41,evening,1.4,mobile_equipment,other,hit_by_moving,laceration,torso,days_away,partial
1467,INC-92458219,formal_large,underground,ghana,42,20.2,contractor,blaster,male,2021-01-07,saturday,11.97,morning,6.2,rock_drill,other,struck_by_rock,multiple,head_face,days_away,none
1468,INC-0B93452B,artisanal,underground,drc,22,6.0,contractor,driller,male,2020-04-01,thursday,20.12,evening,3.5,components_parts,other,other,abrasion,head_face,permanent_disability,none
1469,INC-B798412F,formal_large,underground,drc,52,7.1,operator,mechanic_repairman,male,2020-01-18,friday,23.53,night,6.5,components_parts,drilling,fall_from_height,fracture,foot_lower_leg,days_away,full
1470,INC-FED8F611,artisanal,surface,ghana,32,10.4,operator,excavator_operator,male,2021-10-20,tuesday,14.48,evening,9.5,mobile_equipment,other,other,fracture,hand_finger,fatality,none
1471,INC-A0C3E7C5,formal_large,surface,ghana,56,21.9,operator,mechanic_repairman,male,2021-07-15,wednesday,17.37,evening,0.0,mobile_equipment,other,trapped_between,laceration,torso,fatality,full
1472,INC-4B079FF1,formal_large,underground,south_africa,44,26.0,operator,laborer,male,2020-10-02,wednesday,2.11,night,4.5,none,charging_up,other,laceration,upper_extremity,days_away,full
1473,INC-AC108762,formal_small,surface,south_africa,45,6.1,contractor,mechanic_repairman,male,2022-03-09,friday,11.54,morning,1.9,mobile_equipment,other,struck_by_object,amputation,hand_finger,restricted_work,full
1474,INC-673F45AF,formal_small,surface,south_africa,41,7.2,operator,truck_operator,female,2020-02-12,saturday,15.35,evening,5.8,components_parts,maintenance_repair,fall_slip,multiple,foot_lower_leg,fatality,none
1475,INC-48174CCD,formal_small,surface,south_africa,47,12.0,operator,mechanic_repairman,male,2023-02-14,friday,11.83,morning,2.6,mobile_equipment,operating_equipment,trapped_between,fracture,hand_finger,fatality,none
1476,INC-4EB6C657,formal_small,underground,south_africa,46,28.0,operator,laborer,male,2022-03-17,thursday,13.33,morning,10.1,earth_moving,other,hit_by_moving,laceration,foot_lower_leg,fatality,full
1477,INC-3A341390,artisanal,surface,other,21,5.0,operator,welder,male,2021-04-26,sunday,15.28,evening,3.2,mobile_equipment,other,falling,other,torso,fatality,none
1478,INC-687FB96F,formal_small,surface,drc,55,11.6,operator,supervisor,female,2022-04-15,monday,8.56,morning,2.7,haul_truck,maintenance_repair,other,burns,multiple,days_away,full
1479,INC-E701CB7C,formal_small,surface,drc,25,7.0,operator,mechanic_repairman,male,2022-03-18,tuesday,11.15,morning,6.8,mobile_equipment,maintenance_repair,hit_by_moving,laceration,hand_finger,first_aid,full
1480,INC-B2FB7035,formal_small,underground,ethiopia,40,21.2,operator,other,male,2024-03-17,saturday,11.35,morning,5.3,none,other,other,fracture,torso,permanent_disability,full
1481,INC-73AD7199,formal_large,surface,ethiopia,46,13.6,operator,welder,male,2023-03-30,monday,14.93,evening,5.0,light_vehicle,operating_equipment,hit_by_moving,burns,head_face,days_away,full
1482,INC-3F872AB0,formal_small,underground,south_africa,42,24.0,operator,other,male,2021-03-03,thursday,10.22,morning,0.1,none,other,struck_by_rock,other,head_face,temporary_disability,full
1483,INC-730B6E17,formal_large,underground,tanzania,34,8.8,contractor,driller,male,2024-02-14,friday,14.04,evening,5.1,components_parts,other,other,fracture,foot_lower_leg,days_away,none
1484,INC-745DAFC0,artisanal,underground,ghana,30,12.0,operator,other,female,2021-08-27,friday,13.09,morning,12.0,earth_moving,other,hit_by_moving,abrasion,foot_lower_leg,days_away,none
1485,INC-057DE268,formal_large,underground,zimbabwe,30,12.0,operator,other,male,2021-02-18,wednesday,3.29,night,5.5,earth_moving,other,hit_by_moving,fracture,hand_finger,days_away,partial
1486,INC-6F94236D,artisanal,surface,other,26,10.0,contractor,welder,male,2023-08-18,friday,12.29,morning,2.7,mobile_equipment,other,falling,abrasion,torso,days_away,none
1487,INC-1F33BA9F,formal_small,surface,other,50,10.8,operator,mechanic_repairman,male,2023-12-31,thursday,6.26,morning,10.4,haul_truck,cleaning_clearing,struck_by_object,laceration,torso,first_aid,partial
1488,INC-018913EE,artisanal,surface,south_africa,31,5.6,operator,laborer,male,2020-01-13,wednesday,11.02,morning,4.0,mobile_equipment,operating_equipment,other,contusion,hand_finger,permanent_disability,none
1489,INC-DDED1CDF,formal_small,underground,tanzania,35,17.0,operator,laborer,male,2024-09-10,friday,13.52,morning,7.6,components_parts,other,other,fracture,foot_lower_leg,days_away,full
1490,INC-D6D3B19E,formal_large,surface,south_africa,26,8.0,operator,mechanic_repairman,male,2023-02-24,wednesday,12.79,morning,2.6,mobile_equipment,maintenance_repair,trapped_between,multiple,head_face,days_away,partial
1491,INC-88FA534C,artisanal,surface,south_africa,33,3.1,operator,other,male,2022-01-17,saturday,15.23,evening,0.0,mobile_equipment,directing_equipment,struck_by_object,fracture,torso,first_aid,none
1492,INC-20D648BA,artisanal,underground,south_africa,24,3.7,contractor,driller,female,2023-10-10,thursday,19.83,evening,4.8,none,walking,other,laceration,multiple,first_aid,none
1493,INC-B1C72FA4,artisanal,surface,south_africa,30,7.5,operator,laborer,male,2022-10-04,monday,9.95,morning,7.4,components_parts,operating_equipment,struck_by_object,abrasion,torso,temporary_disability,none
1494,INC-100F8102,formal_small,underground,tanzania,51,14.6,operator,driller,male,2024-10-09,thursday,12.25,morning,4.2,none,other,falling_object,other,torso,fatality,full
1495,INC-06396C2E,artisanal,surface,ghana,40,9.1,contractor,truck_operator,female,2020-01-19,wednesday,10.4,morning,5.1,hand_tools,other,struck_by_object,contusion,torso,days_away,none
1496,INC-4A708762,artisanal,surface,south_africa,21,5.0,operator,other,male,2022-09-03,thursday,14.09,evening,1.2,light_vehicle,other,other,laceration,torso,first_aid,none
1497,INC-84B99C2B,artisanal,surface,other,24,8.0,operator,truck_operator,male,2023-07-20,thursday,13.5,morning,8.2,mobile_equipment,maintenance_repair,pit_collapse,other,torso,days_away,none
1498,INC-86CFACF9,formal_large,surface,zimbabwe,47,12.4,operator,truck_operator,male,2020-03-02,friday,7.24,morning,1.9,mobile_equipment,operating_equipment,other,multiple,hand_finger,days_away,partial
1499,INC-617294CF,artisanal,surface,ghana,36,5.9,operator,truck_operator,male,2024-05-11,friday,12.59,morning,8.3,haul_truck,lifting_lowering,pit_collapse,fracture,torso,days_away,none
1500,INC-5A168802,artisanal,underground,zimbabwe,31,9.3,operator,blaster,female,2021-09-29,sunday,11.62,morning,6.2,none,other,fall_from_height,contusion,multiple,fatality,none
1501,INC-EA53A094,artisanal,surface,zimbabwe,31,12.4,operator,laborer,male,2020-02-06,saturday,12.64,morning,4.6,mobile_equipment,other,falling,abrasion,multiple,fatality,none
1502,INC-A29731D4,formal_small,surface,zimbabwe,41,16.2,operator,laborer,female,2021-12-06,saturday,13.49,morning,2.5,mobile_equipment,operating_equipment,other,fracture,hand_finger,fatality,none
1503,INC-9288465B,formal_small,underground,ethiopia,34,16.0,contractor,driller,male,2024-03-20,thursday,21.51,evening,2.7,earth_moving,other,struck_by_rock,multiple,hand_finger,days_away,full
1504,INC-0B1F7168,artisanal,underground,other,37,8.3,contractor,supervisor,female,2024-10-17,wednesday,12.92,morning,9.6,none,other,other,fracture,foot_lower_leg,days_away,none
1505,INC-1D1F0F9F,formal_small,surface,ghana,41,8.0,operator,laborer,male,2020-09-29,thursday,10.54,morning,11.5,hand_tools,lifting_lowering,struck_by_object,multiple,upper_extremity,days_away,partial
1506,INC-00D31433,artisanal,underground,zimbabwe,25,3.8,operator,driller,male,2021-12-13,friday,15.49,evening,7.9,drill_rig,charging_up,falling_object,other,head_face,days_away,none
1507,INC-E31F03AB,formal_small,surface,south_africa,54,11.7,operator,other,male,2024-03-17,saturday,11.17,morning,6.2,mobile_equipment,maintenance_repair,hit_by_moving,amputation,upper_extremity,fatality,full
1508,INC-3D1BE0AB,formal_large,surface,other,27,9.0,operator,other,female,2020-02-08,friday,13.01,morning,7.2,components_parts,maintenance_repair,hit_by_moving,multiple,multiple,temporary_disability,full
1509,INC-650FB37E,artisanal,surface,ghana,27,4.4,operator,mechanic_repairman,male,2022-09-16,saturday,10.1,morning,5.1,mobile_equipment,other,falling,abrasion,hand_finger,fatality,none
1510,INC-A3D1662A,formal_large,underground,ghana,28,10.0,operator,blaster,male,2022-09-17,tuesday,21.67,evening,4.8,none,barring_scaling,other,contusion,head_face,days_away,full
1511,INC-0F6F26C6,formal_large,surface,other,37,19.0,operator,other,male,2021-11-06,thursday,13.3,morning,7.4,mobile_equipment,lifting_lowering,fall_slip,laceration,hand_finger,days_away,full
1512,INC-802A76B7,artisanal,surface,ethiopia,26,10.0,operator,mechanic_repairman,male,2021-08-05,monday,14.79,evening,4.9,haul_truck,cleaning_clearing,pit_collapse,contusion,multiple,fatality,none
1513,INC-B2ACEF72,artisanal,underground,south_africa,28,6.2,operator,mechanic_repairman,male,2024-09-14,friday,10.72,morning,5.5,none,drilling,struck_by_rock,laceration,hand_finger,fatality,none
1514,INC-8A810310,artisanal,surface,ghana,40,6.7,contractor,other,male,2021-10-16,friday,10.13,morning,9.4,mobile_equipment,cleaning_clearing,struck_by_object,abrasion,head_face,fatality,none
1515,INC-900CBF65,formal_large,surface,ghana,42,12.1,operator,truck_operator,male,2023-01-23,sunday,9.55,morning,11.9,mobile_equipment,other,other,laceration,foot_lower_leg,days_away,full
1516,INC-34FC4C72,formal_large,underground,other,38,20.0,operator,driller,male,2023-10-10,saturday,20.89,evening,7.0,components_parts,walking,fall_from_height,laceration,upper_extremity,days_away,none
1517,INC-035C0089,artisanal,surface,ghana,18,0.9,operator,truck_operator,male,2020-03-11,sunday,11.1,morning,4.9,mobile_equipment,cleaning_clearing,falling,other,multiple,days_away,none
1518,INC-4C706F95,formal_large,surface,south_africa,49,31.0,operator,welder,male,2024-02-22,tuesday,11.56,morning,6.6,mobile_equipment,operating_equipment,other,laceration,multiple,fatality,partial
1519,INC-5A1848B9,formal_large,surface,ethiopia,53,17.2,operator,mechanic_repairman,male,2023-10-30,thursday,14.38,evening,7.8,components_parts,maintenance_repair,struck_by_object,burns,foot_lower_leg,fatality,partial
1520,INC-09D2DE6F,formal_large,underground,ghana,45,10.4,operator,other,male,2020-12-18,friday,21.32,evening,2.2,none,other,other,fracture,foot_lower_leg,days_away,full
1521,INC-71F712CB,formal_small,surface,south_africa,48,30.0,operator,other,male,2020-11-29,saturday,11.13,morning,6.2,hand_tools,other,struck_by_object,laceration,multiple,restricted_work,none
1522,INC-CF7687AB,artisanal,surface,other,22,6.0,operator,mechanic_repairman,male,2022-11-01,thursday,17.65,evening,4.0,mobile_equipment,other,pit_collapse,laceration,hand_finger,days_away,none
1523,INC-1B166A73,artisanal,surface,south_africa,21,5.0,operator,welder,male,2024-08-12,thursday,9.71,morning,2.7,light_vehicle,other,other,laceration,torso,days_away,none
1524,INC-32454539,artisanal,surface,other,40,2.3,operator,other,male,2024-06-15,sunday,9.54,morning,5.1,mobile_equipment,maintenance_repair,falling,contusion,hand_finger,restricted_work,none
1525,INC-8FF93543,formal_large,underground,drc,45,27.0,operator,driller,male,2020-10-30,thursday,0.86,night,7.8,components_parts,charging_up,hit_by_moving,multiple,torso,restricted_work,partial
1526,INC-53BC9DA1,formal_small,surface,south_africa,43,9.8,operator,laborer,male,2023-01-04,thursday,9.59,morning,7.7,haul_truck,other,vehicle_motion,laceration,upper_extremity,restricted_work,none
1527,INC-F5A6EFEB,formal_small,surface,tanzania,30,12.0,operator,laborer,male,2022-06-09,tuesday,11.51,morning,6.5,mobile_equipment,lifting_lowering,other,amputation,torso,fatality,full
1528,INC-4E7AD2F3,formal_large,surface,drc,33,12.7,operator,other,male,2023-06-13,monday,13.16,morning,8.1,mobile_equipment,cleaning_clearing,other,contusion,upper_extremity,permanent_disability,partial
1529,INC-6E4536A6,formal_large,surface,ethiopia,30,12.0,operator,mechanic_repairman,male,2022-08-12,thursday,12.29,morning,7.0,mobile_equipment,other,other,fracture,hand_finger,temporary_disability,full
1530,INC-8821D65E,formal_large,surface,ethiopia,41,23.0,operator,truck_operator,male,2022-11-10,thursday,6.51,morning,10.2,mobile_equipment,other,hit_by_moving,multiple,head_face,restricted_work,full
1531,INC-49E4277A,formal_large,underground,south_africa,45,27.0,contractor,supervisor,male,2022-10-26,saturday,21.59,evening,0.7,none,other,falling_object,other,multiple,temporary_disability,full
1532,INC-378400C1,formal_small,underground,south_africa,29,11.0,contractor,blaster,male,2020-02-03,thursday,11.9,morning,2.9,none,other,other,laceration,upper_extremity,days_away,full
1533,INC-8505AEAA,artisanal,surface,tanzania,26,10.0,contractor,mechanic_repairman,male,2022-08-31,sunday,11.75,morning,0.9,haul_truck,maintenance_repair,falling,abrasion,hand_finger,temporary_disability,none
1534,INC-646B4371,formal_large,surface,south_africa,43,16.1,operator,mechanic_repairman,male,2020-09-30,friday,13.37,morning,11.9,mobile_equipment,maintenance_repair,other,fracture,head_face,temporary_disability,full
1535,INC-A6817340,formal_small,surface,south_africa,34,14.8,operator,mechanic_repairman,female,2022-03-12,monday,13.59,morning,7.0,mobile_equipment,maintenance_repair,other,multiple,hand_finger,permanent_disability,full
1536,INC-63CF2851,artisanal,surface,zimbabwe,28,12.0,operator,laborer,male,2022-09-17,saturday,11.46,morning,5.8,mobile_equipment,other,other,fracture,hand_finger,temporary_disability,none
1537,INC-CAD8D793,artisanal,surface,south_africa,19,3.0,operator,truck_operator,male,2023-07-25,monday,10.9,morning,9.9,hand_tools,other,falling,abrasion,hand_finger,days_away,none
1538,INC-946F3109,artisanal,surface,drc,28,4.1,operator,laborer,female,2024-03-29,monday,14.36,evening,5.1,mobile_equipment,other,falling,other,upper_extremity,fatality,none
1539,INC-5258D665,formal_small,underground,drc,32,14.0,contractor,mechanic_repairman,male,2020-10-11,monday,19.89,evening,10.0,drill_rig,other,hit_by_moving,fracture,multiple,fatality,none
1540,INC-20D65E84,artisanal,underground,drc,36,11.1,operator,supervisor,female,2022-12-04,friday,21.91,evening,0.7,earth_moving,other,struck_by_rock,other,head_face,first_aid,none
1541,INC-54EC0738,formal_large,surface,south_africa,37,19.0,operator,laborer,male,2023-12-08,friday,10.6,morning,9.3,mobile_equipment,maintenance_repair,struck_by_object,amputation,upper_extremity,days_away,full
1542,INC-59D6C2D5,formal_small,underground,ghana,32,14.0,operator,laborer,male,2021-08-21,friday,12.53,morning,4.3,components_parts,other,fall_from_height,laceration,foot_lower_leg,temporary_disability,full
1543,INC-A20D2DF4,formal_large,surface,drc,48,20.2,contractor,truck_operator,male,2020-03-09,thursday,11.82,morning,2.5,haul_truck,directing_equipment,other,contusion,head_face,fatality,none
1544,INC-D8686496,formal_small,surface,ghana,41,23.0,contractor,excavator_operator,male,2024-08-17,wednesday,13.5,morning,2.1,haul_truck,cleaning_clearing,struck_by_object,multiple,torso,fatality,full
1545,INC-D112367F,formal_small,underground,tanzania,50,16.7,operator,supervisor,male,2024-03-17,friday,21.5,evening,4.2,none,walking,fall_from_height,laceration,torso,days_away,full
1546,INC-6E653F9B,formal_large,surface,ethiopia,38,20.0,operator,mechanic_repairman,male,2023-07-18,thursday,11.48,morning,4.2,mobile_equipment,other,struck_by_object,laceration,upper_extremity,fatality,none
1547,INC-237DF71C,artisanal,surface,ghana,32,5.2,operator,supervisor,male,2023-10-01,sunday,10.72,morning,3.8,haul_truck,other,struck_by_object,fracture,hand_finger,fatality,none
1548,INC-77A41332,formal_large,underground,ghana,39,21.0,operator,driller,male,2021-07-02,thursday,14.67,evening,2.3,components_parts,other,struck_by_rock,laceration,head_face,days_away,full
1549,INC-2E5CEF24,formal_large,surface,tanzania,60,15.8,operator,welder,male,2023-12-23,friday,11.34,morning,5.0,mobile_equipment,operating_equipment,vehicle_motion,laceration,upper_extremity,days_away,full
1550,INC-8BBDB7D9,formal_large,underground,south_africa,27,9.0,operator,blaster,female,2024-12-20,tuesday,24.0,night,2.1,none,other,fall_from_height,multiple,multiple,days_away,full
1551,INC-DA0F2AD2,formal_small,surface,other,55,6.6,operator,other,male,2021-06-26,wednesday,13.07,morning,11.2,mobile_equipment,operating_equipment,trapped_between,multiple,head_face,fatality,full
1552,INC-876ECE56,formal_large,underground,ethiopia,58,30.0,operator,driller,male,2022-05-13,monday,10.65,morning,11.7,rock_drill,other,hit_by_moving,other,foot_lower_leg,restricted_work,full
1553,INC-9DF52853,formal_small,surface,south_africa,50,8.0,contractor,excavator_operator,male,2024-03-31,sunday,12.16,morning,0.5,components_parts,operating_equipment,trapped_between,laceration,torso,fatality,full
1554,INC-C7599B67,formal_large,surface,tanzania,39,21.0,operator,laborer,male,2021-02-07,tuesday,16.81,evening,9.7,mobile_equipment,lifting_lowering,other,amputation,hand_finger,fatality,partial
1555,INC-5A97BB56,artisanal,surface,ghana,30,5.0,operator,truck_operator,female,2023-06-16,tuesday,14.33,evening,4.5,mobile_equipment,maintenance_repair,other,fracture,hand_finger,days_away,none
1556,INC-0061D90C,artisanal,underground,south_africa,19,3.0,operator,other,male,2020-02-22,wednesday,11.55,morning,3.4,drill_rig,other,other,contusion,hand_finger,fatality,none
1557,INC-34A14BA0,formal_small,surface,other,56,11.6,contractor,truck_operator,female,2024-11-03,tuesday,12.34,morning,4.2,mobile_equipment,directing_equipment,struck_by_object,multiple,torso,fatality,full
1558,INC-F7859DE5,artisanal,underground,tanzania,28,12.0,operator,mechanic_repairman,male,2020-05-08,friday,13.2,morning,1.3,none,other,fall_from_height,contusion,hand_finger,days_away,none
1559,INC-F3A07315,artisanal,surface,ethiopia,31,2.3,operator,welder,male,2020-02-06,tuesday,12.38,morning,6.3,mobile_equipment,lifting_lowering,struck_by_object,laceration,upper_extremity,restricted_work,none
1560,INC-1340FCBC,artisanal,surface,drc,23,2.0,operator,laborer,male,2022-01-29,monday,14.68,evening,5.4,components_parts,directing_equipment,other,abrasion,multiple,days_away,none
1561,INC-BB5508B6,artisanal,surface,zimbabwe,35,11.9,operator,welder,female,2023-12-14,wednesday,12.89,morning,11.7,mobile_equipment,other,other,contusion,hand_finger,fatality,none
1562,INC-8E4842C7,artisanal,surface,ghana,36,7.2,contractor,supervisor,female,2021-01-15,friday,11.86,morning,1.7,haul_truck,lifting_lowering,other,fracture,upper_extremity,fatality,none
1563,INC-F7E2F042,artisanal,underground,south_africa,27,3.7,operator,driller,male,2023-02-12,thursday,12.54,morning,8.0,none,barring_scaling,other,laceration,head_face,fatality,none
1564,INC-AD0C02AC,artisanal,surface,south_africa,35,12.0,operator,mechanic_repairman,male,2021-09-09,tuesday,12.85,morning,8.6,light_vehicle,other,struck_by_object,laceration,upper_extremity,permanent_disability,none
1565,INC-25CAE832,formal_small,surface,ghana,39,12.4,operator,other,male,2024-12-10,monday,8.56,morning,10.7,mobile_equipment,other,other,laceration,foot_lower_leg,first_aid,full
1566,INC-C3AB8C4E,formal_large,surface,zimbabwe,36,18.0,operator,other,male,2022-05-13,friday,13.08,morning,2.0,mobile_equipment,maintenance_repair,trapped_between,laceration,multiple,fatality,full
1567,INC-D111A876,formal_large,surface,tanzania,39,21.0,operator,truck_operator,male,2022-03-19,thursday,12.94,morning,3.8,components_parts,maintenance_repair,struck_by_object,laceration,upper_extremity,days_away,partial
1568,INC-A6F7A717,formal_small,surface,ghana,37,19.0,operator,mechanic_repairman,female,2020-02-06,friday,7.28,morning,1.0,haul_truck,maintenance_repair,other,multiple,torso,fatality,full
1569,INC-1E5F8B1F,formal_small,underground,ethiopia,34,16.0,contractor,other,female,2021-05-25,tuesday,1.19,night,2.7,earth_moving,drilling,struck_by_rock,other,torso,days_away,full
1570,INC-7D475AC0,formal_small,surface,drc,53,18.0,operator,excavator_operator,male,2020-02-02,wednesday,7.42,morning,9.2,haul_truck,other,other,fracture,torso,days_away,none
1571,INC-74D8E165,formal_small,surface,other,35,14.5,operator,mechanic_repairman,male,2024-05-25,friday,11.96,morning,2.8,mobile_equipment,other,hit_by_moving,multiple,hand_finger,first_aid,full
1572,INC-D35ACA44,formal_small,surface,ghana,42,20.9,contractor,truck_operator,male,2022-05-22,sunday,11.83,morning,8.4,hand_tools,directing_equipment,trapped_between,fracture,upper_extremity,permanent_disability,full
1573,INC-7AF37D36,artisanal,surface,other,30,11.0,operator,welder,female,2021-08-17,wednesday,14.41,evening,0.1,haul_truck,other,falling,contusion,upper_extremity,days_away,none
1574,INC-2C179C1A,formal_large,surface,drc,29,11.0,contractor,laborer,male,2021-03-25,friday,13.0,morning,1.6,mobile_equipment,cleaning_clearing,struck_by_object,burns,upper_extremity,temporary_disability,full
1575,INC-917177B8,formal_large,surface,south_africa,43,9.1,operator,mechanic_repairman,female,2023-07-07,friday,10.78,morning,6.7,haul_truck,operating_equipment,trapped_between,fracture,hand_finger,first_aid,full
1576,INC-604C0AE8,artisanal,surface,ghana,38,8.1,operator,other,male,2023-03-18,friday,12.93,morning,7.8,mobile_equipment,maintenance_repair,falling,fracture,foot_lower_leg,restricted_work,none
1577,INC-696DB4DD,artisanal,underground,south_africa,45,8.7,contractor,laborer,male,2021-08-28,wednesday,23.73,night,0.2,none,drilling,struck_by_rock,other,hand_finger,days_away,none
1578,INC-F533C6E9,artisanal,underground,tanzania,23,3.9,operator,blaster,male,2021-06-03,wednesday,11.67,morning,10.5,none,charging_up,falling_object,abrasion,hand_finger,days_away,none
1579,INC-34003BD2,artisanal,underground,ethiopia,36,10.9,operator,other,female,2024-09-22,thursday,14.17,evening,0.6,none,other,struck_by_rock,fracture,multiple,days_away,none
1580,INC-D9960A32,artisanal,underground,zimbabwe,39,23.0,operator,blaster,male,2020-04-17,friday,2.73,night,10.2,rock_drill,drilling,fall_from_height,laceration,multiple,restricted_work,none
1581,INC-2F7FBEBC,formal_large,surface,drc,32,12.2,operator,mechanic_repairman,male,2022-08-18,wednesday,12.83,morning,0.3,mobile_equipment,other,struck_by_object,fracture,hand_finger,restricted_work,full
1582,INC-70232A1E,formal_small,underground,ghana,31,10.5,operator,driller,male,2024-10-30,sunday,13.72,morning,4.3,rock_drill,other,other,fracture,foot_lower_leg,days_away,full
1583,INC-0413C4FC,formal_large,surface,ghana,41,9.6,operator,mechanic_repairman,male,2021-08-06,tuesday,10.53,morning,5.0,mobile_equipment,operating_equipment,vehicle_motion,laceration,hand_finger,first_aid,partial
1584,INC-37EC9EEB,artisanal,surface,other,24,2.7,contractor,mechanic_repairman,male,2020-04-18,friday,11.23,morning,7.1,light_vehicle,operating_equipment,struck_by_object,abrasion,multiple,days_away,none
1585,INC-B07FBF5E,artisanal,surface,other,26,10.0,operator,other,female,2024-02-10,thursday,8.34,morning,6.5,mobile_equipment,other,falling,other,head_face,restricted_work,none
1586,INC-C1D55140,formal_large,surface,drc,53,17.0,operator,other,male,2024-07-08,saturday,12.11,morning,1.0,haul_truck,other,hit_by_moving,contusion,hand_finger,temporary_disability,full
1587,INC-C60058D8,formal_small,underground,south_africa,47,9.4,operator,other,male,2020-04-24,thursday,15.24,evening,2.8,earth_moving,other,hit_by_moving,contusion,foot_lower_leg,fatality,partial
1588,INC-72B937E9,formal_large,underground,south_africa,47,6.1,operator,other,male,2021-11-21,thursday,13.37,morning,5.4,earth_moving,other,other,laceration,upper_extremity,fatality,full
1589,INC-F46B7E21,formal_large,surface,south_africa,41,12.2,operator,mechanic_repairman,male,2020-06-20,monday,9.66,morning,7.4,mobile_equipment,lifting_lowering,vehicle_motion,multiple,head_face,days_away,none
1590,INC-496C8A6B,formal_large,surface,ghana,39,11.7,operator,laborer,male,2024-06-30,monday,8.61,morning,10.3,light_vehicle,lifting_lowering,struck_by_object,laceration,multiple,restricted_work,full
1591,INC-3DB6FEB5,formal_large,surface,south_africa,50,23.6,operator,mechanic_repairman,male,2024-03-07,wednesday,13.91,morning,0.6,components_parts,other,trapped_between,fracture,upper_extremity,temporary_disability,none
1592,INC-C919477C,artisanal,surface,other,26,3.3,operator,mechanic_repairman,male,2024-01-28,thursday,11.75,morning,1.6,mobile_equipment,cleaning_clearing,falling,laceration,foot_lower_leg,temporary_disability,none
1593,INC-E2402A72,formal_small,underground,tanzania,37,19.0,contractor,driller,female,2021-08-13,tuesday,12.05,morning,2.3,rock_drill,other,other,multiple,upper_extremity,days_away,full
1594,INC-1D31AC03,artisanal,underground,ghana,29,13.0,contractor,driller,male,2023-07-29,thursday,13.72,morning,6.0,components_parts,walking,hit_by_moving,laceration,upper_extremity,days_away,none
1595,INC-D65DCBBB,artisanal,surface,ghana,28,7.0,operator,mechanic_repairman,female,2020-11-18,friday,12.83,morning,0.8,mobile_equipment,other,other,abrasion,foot_lower_leg,days_away,none
1596,INC-C3E8AFC4,formal_large,surface,ghana,50,13.2,operator,other,male,2020-09-26,monday,13.06,morning,7.7,mobile_equipment,other,struck_by_object,fracture,multiple,fatality,full
1597,INC-FB9B3945,formal_large,surface,zimbabwe,54,3.4,operator,welder,female,2022-12-08,friday,14.86,evening,6.2,haul_truck,maintenance_repair,struck_by_object,laceration,foot_lower_leg,permanent_disability,none
1598,INC-641EDA70,artisanal,surface,tanzania,29,13.0,operator,excavator_operator,female,2024-11-01,saturday,16.18,evening,6.4,mobile_equipment,other,other,contusion,upper_extremity,restricted_work,none
1599,INC-6FDBDFE6,formal_large,surface,south_africa,35,12.3,operator,mechanic_repairman,male,2021-04-09,sunday,10.56,morning,5.2,mobile_equipment,other,hit_by_moving,burns,hand_finger,days_away,full
1600,INC-B820EFA9,artisanal,surface,drc,36,2.9,operator,other,male,2022-05-05,sunday,12.98,morning,4.3,mobile_equipment,cleaning_clearing,pit_collapse,laceration,upper_extremity,days_away,none
1601,INC-E5F8EEAF,formal_large,surface,south_africa,36,18.0,operator,other,male,2024-12-07,thursday,11.22,morning,11.0,mobile_equipment,cleaning_clearing,other,fracture,upper_extremity,temporary_disability,full
1602,INC-55E4F153,artisanal,surface,ghana,18,0.3,operator,truck_operator,male,2022-02-15,sunday,16.39,evening,4.1,mobile_equipment,cleaning_clearing,struck_by_object,laceration,hand_finger,first_aid,none
1603,INC-7DD91D3E,artisanal,surface,other,23,7.0,operator,laborer,male,2024-02-07,friday,11.28,morning,9.9,light_vehicle,other,other,fracture,hand_finger,days_away,none
1604,INC-A191198E,formal_large,underground,south_africa,37,19.0,contractor,mechanic_repairman,male,2023-06-04,thursday,11.24,morning,5.2,earth_moving,drilling,fall_from_height,contusion,foot_lower_leg,permanent_disability,full
1605,INC-C96521F2,formal_large,surface,south_africa,29,11.0,operator,laborer,female,2024-06-11,monday,12.85,morning,7.4,mobile_equipment,other,hit_by_moving,fracture,torso,fatality,none
1606,INC-4BC45B97,artisanal,underground,ethiopia,35,14.4,operator,laborer,female,2021-09-03,wednesday,20.4,evening,9.5,none,drilling,other,fracture,multiple,fatality,none
1607,INC-F35049E2,formal_large,surface,ghana,38,15.6,operator,other,male,2024-03-02,sunday,13.03,morning,11.0,hand_tools,cleaning_clearing,other,fracture,hand_finger,first_aid,partial
1608,INC-09DE9B78,formal_small,surface,south_africa,55,28.8,operator,welder,male,2024-02-13,monday,13.54,morning,1.0,mobile_equipment,directing_equipment,other,multiple,hand_finger,temporary_disability,full
1609,INC-DB2BC243,formal_small,surface,south_africa,33,10.0,contractor,truck_operator,male,2024-06-05,wednesday,12.35,morning,5.4,hand_tools,directing_equipment,other,contusion,head_face,fatality,full
1610,INC-A2A235F0,formal_large,underground,south_africa,55,29.4,operator,driller,female,2024-07-11,wednesday,9.93,morning,2.2,drill_rig,other,fall_from_height,multiple,torso,first_aid,none
1611,INC-9AC30C85,artisanal,surface,zimbabwe,34,9.2,operator,truck_operator,male,2021-09-09,monday,12.18,morning,2.8,mobile_equipment,operating_equipment,other,other,foot_lower_leg,days_away,none
1612,INC-D298121D,artisanal,surface,south_africa,23,7.0,operator,laborer,male,2024-02-19,friday,10.88,morning,10.9,light_vehicle,maintenance_repair,pit_collapse,laceration,torso,restricted_work,none
1613,INC-159699F5,formal_small,surface,drc,38,20.0,operator,welder,female,2023-05-14,friday,13.24,morning,10.1,components_parts,maintenance_repair,struck_by_object,fracture,hand_finger,days_away,full
1614,INC-85571C2E,artisanal,underground,other,34,5.6,operator,other,male,2020-06-14,friday,12.7,morning,7.3,rock_drill,other,struck_by_rock,other,hand_finger,days_away,none
1615,INC-944129A0,formal_large,surface,south_africa,63,26.5,contractor,mechanic_repairman,male,2024-07-14,friday,12.1,morning,8.0,none,cleaning_clearing,other,multiple,foot_lower_leg,days_away,full
1616,INC-539798BD,formal_large,surface,ghana,36,18.0,operator,supervisor,male,2023-08-09,monday,9.18,morning,5.7,components_parts,other,other,multiple,hand_finger,permanent_disability,full
1617,INC-78FFB10F,formal_small,underground,south_africa,41,8.4,operator,driller,male,2023-06-06,thursday,1.05,night,10.5,drill_rig,other,fall_from_height,fracture,head_face,days_away,full
1618,INC-07AF6D6C,artisanal,surface,ghana,40,12.8,operator,other,male,2020-05-04,monday,11.28,morning,10.0,mobile_equipment,other,other,fracture,upper_extremity,days_away,none
1619,INC-69D2A9FE,formal_large,surface,south_africa,34,10.2,contractor,welder,male,2024-12-25,wednesday,13.1,morning,10.5,mobile_equipment,other,struck_by_object,laceration,multiple,fatality,full
1620,INC-764163A0,formal_large,underground,drc,36,18.0,operator,other,male,2024-11-03,thursday,13.37,morning,5.7,earth_moving,other,struck_by_rock,multiple,hand_finger,temporary_disability,partial
1621,INC-EF5C5ABD,formal_small,surface,ghana,55,23.5,operator,excavator_operator,female,2024-04-29,monday,10.45,morning,1.9,mobile_equipment,operating_equipment,other,contusion,multiple,days_away,partial
1622,INC-59EC4825,artisanal,surface,zimbabwe,30,14.0,operator,welder,male,2021-09-07,monday,11.54,morning,1.5,components_parts,lifting_lowering,other,abrasion,foot_lower_leg,days_away,none
1623,INC-70BE2C32,formal_large,surface,tanzania,47,14.0,operator,excavator_operator,female,2020-05-09,wednesday,13.76,morning,3.4,haul_truck,cleaning_clearing,other,laceration,hand_finger,days_away,partial
1624,INC-41FF7CFB,formal_small,surface,drc,52,13.9,operator,mechanic_repairman,male,2023-09-17,sunday,13.07,morning,3.3,components_parts,operating_equipment,other,laceration,torso,fatality,full
1625,INC-320CA945,artisanal,underground,ghana,23,5.6,operator,other,male,2022-07-05,thursday,11.25,morning,1.1,none,other,hit_by_moving,contusion,multiple,fatality,none
1626,INC-6B80F1C1,formal_small,surface,south_africa,30,12.0,contractor,welder,female,2021-04-06,saturday,11.0,morning,7.4,mobile_equipment,operating_equipment,fall_slip,amputation,hand_finger,permanent_disability,none
1627,INC-5E7BCC06,formal_large,surface,other,49,18.7,operator,welder,male,2021-05-18,wednesday,13.88,morning,9.6,components_parts,other,other,multiple,foot_lower_leg,days_away,none
1628,INC-561B6205,formal_large,surface,ghana,33,11.8,operator,other,male,2023-05-16,wednesday,13.36,morning,6.2,components_parts,maintenance_repair,struck_by_object,fracture,hand_finger,temporary_disability,full
1629,INC-DDD69E22,formal_small,surface,tanzania,30,12.0,operator,mechanic_repairman,male,2024-05-16,sunday,11.73,morning,2.9,haul_truck,maintenance_repair,other,burns,foot_lower_leg,permanent_disability,none
1630,INC-1DFB48F0,formal_small,surface,tanzania,45,27.0,operator,truck_operator,male,2022-11-21,friday,12.3,morning,2.5,mobile_equipment,operating_equipment,other,fracture,hand_finger,fatality,full
1631,INC-E9E0E0CC,artisanal,surface,zimbabwe,36,12.4,operator,welder,male,2024-09-07,saturday,11.72,morning,11.3,mobile_equipment,lifting_lowering,pit_collapse,laceration,hand_finger,temporary_disability,none
1632,INC-72563CC9,artisanal,underground,south_africa,42,4.4,contractor,driller,female,2022-10-28,thursday,12.0,morning,10.8,drill_rig,other,other,other,upper_extremity,days_away,none
1633,INC-F173DF88,artisanal,surface,south_africa,24,8.0,operator,other,male,2022-10-31,saturday,11.1,morning,10.9,mobile_equipment,maintenance_repair,other,laceration,head_face,days_away,none
1634,INC-2EDCD31D,artisanal,underground,zimbabwe,31,2.3,operator,blaster,male,2021-10-21,tuesday,10.94,morning,11.9,none,other,hit_by_moving,abrasion,hand_finger,days_away,none
1635,INC-9027650E,formal_small,surface,zimbabwe,45,18.7,contractor,welder,male,2020-04-16,tuesday,11.78,morning,0.3,mobile_equipment,operating_equipment,trapped_between,fracture,hand_finger,days_away,partial
1636,INC-4EDE99E3,formal_small,surface,drc,43,20.7,operator,truck_operator,female,2021-04-14,monday,13.09,morning,7.3,haul_truck,other,hit_by_moving,burns,hand_finger,days_away,none
1637,INC-DA5952C2,artisanal,underground,tanzania,38,10.6,operator,driller,male,2021-09-25,friday,21.29,evening,0.3,none,other,other,fracture,hand_finger,first_aid,none
1638,INC-F127A748,formal_large,underground,other,49,29.1,operator,laborer,male,2023-02-07,monday,20.46,evening,0.0,none,other,struck_by_rock,laceration,upper_extremity,days_away,full
1639,INC-90CE8CF7,artisanal,surface,other,31,8.3,operator,excavator_operator,male,2020-12-10,wednesday,13.85,morning,6.8,hand_tools,cleaning_clearing,falling,laceration,hand_finger,days_away,none
1640,INC-95E661C3,artisanal,surface,tanzania,18,2.0,operator,truck_operator,male,2022-07-18,friday,9.52,morning,10.0,mobile_equipment,directing_equipment,struck_by_object,fracture,head_face,temporary_disability,none
1641,INC-40EA6736,formal_large,underground,south_africa,51,25.8,operator,mechanic_repairman,male,2022-08-24,tuesday,11.39,morning,5.5,components_parts,other,falling_object,laceration,upper_extremity,fatality,none
1642,INC-AD78E319,formal_small,surface,ghana,56,8.2,operator,excavator_operator,male,2022-07-21,sunday,14.12,evening,0.6,components_parts,other,vehicle_motion,fracture,foot_lower_leg,days_away,full
1643,INC-05AE1F47,formal_large,surface,ethiopia,31,13.0,operator,laborer,male,2024-12-03,wednesday,11.43,morning,11.8,components_parts,other,other,fracture,head_face,temporary_disability,partial
1644,INC-F3817A24,formal_large,surface,ethiopia,57,7.3,operator,excavator_operator,male,2020-12-08,saturday,11.12,morning,0.5,mobile_equipment,other,other,laceration,upper_extremity,fatality,none
1645,INC-BDD926C4,formal_small,surface,south_africa,60,23.4,contractor,laborer,male,2021-09-18,friday,13.23,morning,6.6,haul_truck,other,fall_slip,contusion,multiple,permanent_disability,full
1646,INC-44C6208C,formal_large,surface,ethiopia,39,9.3,operator,mechanic_repairman,male,2021-11-01,friday,12.8,morning,4.1,mobile_equipment,maintenance_repair,struck_by_object,fracture,foot_lower_leg,first_aid,full
1647,INC-1E92983A,artisanal,surface,ghana,33,5.4,operator,laborer,male,2023-09-02,friday,13.58,morning,0.4,mobile_equipment,other,pit_collapse,abrasion,head_face,temporary_disability,none
1648,INC-5FEF16B3,artisanal,underground,ghana,23,7.0,operator,laborer,male,2023-04-22,thursday,13.76,morning,6.0,none,charging_up,other,laceration,upper_extremity,fatality,none
1649,INC-0DB7A9D8,artisanal,surface,drc,21,5.0,operator,other,male,2024-02-26,thursday,13.55,morning,1.6,hand_tools,maintenance_repair,pit_collapse,fracture,upper_extremity,days_away,none
1650,INC-EEF838AF,formal_large,surface,ghana,27,9.0,operator,welder,female,2022-08-26,friday,13.15,morning,4.4,hand_tools,maintenance_repair,other,multiple,hand_finger,days_away,partial
1651,INC-CEAE04DD,formal_large,underground,zimbabwe,29,11.0,contractor,blaster,male,2024-02-24,thursday,14.5,evening,6.2,none,other,other,multiple,foot_lower_leg,fatality,full
1652,INC-ACC2E980,formal_large,surface,ethiopia,38,13.0,contractor,supervisor,male,2020-02-20,friday,11.92,morning,2.9,components_parts,cleaning_clearing,hit_by_moving,fracture,hand_finger,days_away,full
1653,INC-EBFCD692,formal_large,surface,ethiopia,62,28.3,operator,excavator_operator,male,2020-09-30,friday,12.48,morning,7.2,haul_truck,other,other,multiple,foot_lower_leg,fatality,full
1654,INC-D54B3B08,artisanal,surface,south_africa,18,2.0,operator,laborer,male,2023-01-17,monday,11.43,morning,4.6,mobile_equipment,operating_equipment,falling,fracture,hand_finger,days_away,none
1655,INC-780B9D61,formal_small,surface,ethiopia,43,9.3,operator,truck_operator,male,2021-03-09,thursday,10.09,morning,5.6,mobile_equipment,maintenance_repair,trapped_between,multiple,hand_finger,days_away,full
1656,INC-8531265A,formal_large,surface,ghana,37,14.0,operator,other,male,2021-06-20,friday,13.81,morning,6.2,components_parts,maintenance_repair,fall_slip,amputation,torso,days_away,partial
1657,INC-D3D09218,artisanal,underground,tanzania,39,1.4,operator,supervisor,male,2021-02-11,thursday,0.46,night,9.6,none,drilling,other,other,upper_extremity,temporary_disability,none
1658,INC-E7A4578B,formal_small,underground,south_africa,36,9.5,contractor,driller,male,2020-09-09,saturday,10.95,morning,4.8,none,walking,hit_by_moving,other,torso,permanent_disability,partial
1659,INC-081A391B,formal_large,surface,other,30,12.0,operator,mechanic_repairman,male,2021-06-26,saturday,9.7,morning,4.1,light_vehicle,cleaning_clearing,other,amputation,upper_extremity,fatality,none
1660,INC-2350DBA4,formal_large,surface,drc,51,9.4,operator,mechanic_repairman,male,2024-07-31,monday,13.52,morning,1.8,light_vehicle,other,other,laceration,hand_finger,days_away,partial
1661,INC-E64FE931,artisanal,underground,ghana,24,1.9,contractor,driller,female,2020-03-26,wednesday,15.19,evening,4.0,drill_rig,walking,falling_object,fracture,head_face,permanent_disability,none
1662,INC-DBBA0344,artisanal,surface,ghana,33,9.6,operator,mechanic_repairman,female,2024-12-19,monday,9.36,morning,2.2,haul_truck,other,pit_collapse,fracture,foot_lower_leg,days_away,none
1663,INC-E3230D18,formal_large,underground,ghana,42,22.4,operator,blaster,male,2022-09-11,tuesday,0.21,night,5.0,earth_moving,other,other,laceration,upper_extremity,permanent_disability,full
1664,INC-736C8FAE,artisanal,surface,tanzania,34,16.2,contractor,excavator_operator,male,2023-11-07,wednesday,12.66,morning,5.2,components_parts,lifting_lowering,falling,other,multiple,permanent_disability,none
1665,INC-81EACBB9,artisanal,underground,tanzania,31,4.0,operator,other,male,2023-09-14,tuesday,11.67,morning,11.6,components_parts,other,hit_by_moving,abrasion,multiple,days_away,none
1666,INC-F327CC47,artisanal,underground,tanzania,32,9.2,operator,laborer,female,2020-04-22,monday,21.12,evening,1.3,components_parts,walking,hit_by_moving,other,foot_lower_leg,days_away,none
1667,INC-197A10EA,formal_large,surface,other,62,34.3,operator,laborer,male,2021-04-21,saturday,11.09,morning,10.3,components_parts,operating_equipment,trapped_between,amputation,hand_finger,restricted_work,full
1668,INC-E2FF30CB,formal_large,surface,zimbabwe,48,5.1,operator,laborer,male,2024-05-07,thursday,12.33,morning,2.6,mobile_equipment,other,fall_slip,fracture,foot_lower_leg,days_away,full
1669,INC-F55D62E7,artisanal,underground,tanzania,33,16.4,operator,supervisor,female,2023-03-14,friday,22.79,night,5.9,none,walking,hit_by_moving,laceration,multiple,permanent_disability,none
1670,INC-77160FAC,formal_large,surface,ghana,50,12.6,contractor,mechanic_repairman,male,2021-11-10,wednesday,10.77,morning,1.3,haul_truck,maintenance_repair,other,fracture,hand_finger,days_away,full
1671,INC-D35A819A,artisanal,surface,ethiopia,31,10.3,operator,laborer,female,2022-09-23,friday,12.39,morning,10.3,components_parts,maintenance_repair,pit_collapse,contusion,hand_finger,days_away,none
1672,INC-697E84A8,artisanal,surface,zimbabwe,25,8.6,operator,mechanic_repairman,male,2022-02-25,thursday,11.25,morning,7.4,light_vehicle,operating_equipment,pit_collapse,fracture,hand_finger,fatality,none
1673,INC-88753170,formal_large,surface,drc,40,10.0,contractor,supervisor,male,2020-06-30,friday,10.85,morning,1.2,haul_truck,cleaning_clearing,other,burns,head_face,permanent_disability,none
1674,INC-1600869F,artisanal,surface,south_africa,24,6.3,contractor,truck_operator,male,2024-09-05,thursday,10.67,morning,3.8,components_parts,other,struck_by_object,other,hand_finger,restricted_work,none
1675,INC-8ECA9E2D,artisanal,surface,south_africa,30,7.0,contractor,welder,female,2021-03-13,friday,13.7,morning,5.7,mobile_equipment,other,falling,laceration,hand_finger,fatality,none
1676,INC-17B30A1B,artisanal,surface,ghana,29,12.9,contractor,truck_operator,male,2024-04-25,monday,15.14,evening,11.5,mobile_equipment,cleaning_clearing,pit_collapse,other,upper_extremity,days_away,none
1677,INC-EB0DE8B0,formal_small,underground,other,32,8.3,contractor,other,male,2021-03-16,thursday,11.15,morning,4.3,none,drilling,hit_by_moving,contusion,foot_lower_leg,first_aid,partial
1678,INC-19E3CC84,artisanal,surface,zimbabwe,33,14.0,contractor,truck_operator,female,2023-01-09,monday,12.87,morning,5.3,haul_truck,other,pit_collapse,other,torso,fatality,none
1679,INC-CAA29051,formal_small,surface,ghana,34,16.0,operator,laborer,male,2022-06-11,friday,13.31,morning,11.8,components_parts,other,trapped_between,multiple,foot_lower_leg,temporary_disability,none
1680,INC-D2C27335,artisanal,surface,ghana,38,13.8,operator,other,male,2024-06-01,monday,10.7,morning,5.2,mobile_equipment,maintenance_repair,falling,abrasion,foot_lower_leg,first_aid,none
1681,INC-41311722,artisanal,underground,zimbabwe,33,4.6,operator,driller,male,2023-02-20,wednesday,2.43,night,1.8,components_parts,drilling,fall_from_height,fracture,multiple,days_away,none
1682,INC-43993F01,artisanal,surface,other,25,0.5,operator,excavator_operator,male,2022-12-22,wednesday,12.0,morning,1.8,hand_tools,operating_equipment,falling,abrasion,head_face,fatality,none
1683,INC-C0A9CD22,formal_large,underground,other,29,11.0,operator,other,male,2021-07-04,thursday,21.35,evening,6.3,earth_moving,drilling,fall_from_height,fracture,hand_finger,days_away,full
1684,INC-D8384D74,formal_large,surface,drc,51,33.0,operator,truck_operator,male,2024-04-29,wednesday,7.54,morning,8.8,light_vehicle,operating_equipment,hit_by_moving,burns,foot_lower_leg,days_away,full
1685,INC-6F7E21A9,formal_large,surface,drc,39,21.0,operator,truck_operator,male,2020-08-20,friday,10.15,morning,6.6,components_parts,other,other,fracture,multiple,days_away,full
1686,INC-50E9A4DC,formal_small,underground,south_africa,52,19.2,operator,driller,male,2022-07-13,friday,13.98,morning,0.3,drill_rig,other,fall_from_height,other,foot_lower_leg,days_away,partial
1687,INC-992EAA19,formal_small,underground,ghana,44,21.6,operator,driller,male,2021-05-06,saturday,13.13,morning,4.0,rock_drill,charging_up,hit_by_moving,multiple,head_face,fatality,full
1688,INC-1DC26C6A,formal_small,surface,ethiopia,40,14.0,operator,laborer,male,2022-04-17,friday,7.35,morning,3.7,mobile_equipment,other,struck_by_object,burns,hand_finger,first_aid,full
1689,INC-326C1A74,formal_small,surface,tanzania,31,13.0,operator,welder,male,2020-03-14,saturday,10.61,morning,8.5,haul_truck,other,vehicle_motion,multiple,hand_finger,days_away,full
1690,INC-EF6F2770,artisanal,surface,south_africa,18,2.0,operator,supervisor,male,2023-06-16,wednesday,11.57,morning,1.5,mobile_equipment,directing_equipment,other,fracture,upper_extremity,permanent_disability,none
1691,INC-E04FF7E6,artisanal,surface,tanzania,25,9.0,operator,laborer,female,2023-09-29,tuesday,17.89,evening,11.1,mobile_equipment,operating_equipment,struck_by_object,other,upper_extremity,permanent_disability,none
1692,INC-FDD3BC8E,formal_large,underground,south_africa,45,7.3,operator,other,female,2023-06-28,thursday,12.68,morning,6.2,none,other,other,other,torso,fatality,full
1693,INC-22324EA5,artisanal,underground,ghana,21,5.0,operator,blaster,male,2023-06-30,thursday,12.31,morning,5.0,none,charging_up,other,fracture,hand_finger,fatality,none
1694,INC-1648B053,artisanal,surface,ghana,25,3.4,contractor,welder,male,2020-03-09,sunday,12.77,morning,7.0,mobile_equipment,lifting_lowering,pit_collapse,contusion,hand_finger,days_away,none
1695,INC-C8C81B68,formal_small,surface,drc,40,17.3,operator,other,male,2023-05-09,monday,14.13,evening,9.4,mobile_equipment,other,struck_by_object,laceration,foot_lower_leg,days_away,partial
1696,INC-EF03466C,formal_large,surface,tanzania,51,23.8,contractor,mechanic_repairman,male,2021-08-23,saturday,9.79,morning,5.3,mobile_equipment,other,other,multiple,hand_finger,fatality,partial
1697,INC-2822485C,artisanal,surface,zimbabwe,32,12.4,contractor,laborer,male,2023-02-02,monday,17.66,evening,7.7,hand_tools,other,other,other,upper_extremity,permanent_disability,none
1698,INC-FB7B3949,artisanal,underground,drc,31,4.8,contractor,other,female,2023-03-20,wednesday,2.4,night,2.7,earth_moving,other,hit_by_moving,fracture,foot_lower_leg,permanent_disability,none
1699,INC-0C138A78,artisanal,surface,drc,43,19.6,contractor,welder,male,2021-06-27,thursday,9.47,morning,2.7,mobile_equipment,maintenance_repair,other,abrasion,head_face,days_away,none
1700,INC-0E984DC0,artisanal,surface,ghana,34,14.7,operator,mechanic_repairman,male,2020-09-02,friday,13.01,morning,5.6,none,lifting_lowering,other,fracture,hand_finger,first_aid,none
1701,INC-14F08E1A,artisanal,surface,drc,44,10.1,operator,mechanic_repairman,male,2020-07-29,thursday,12.7,morning,5.4,hand_tools,other,struck_by_object,other,foot_lower_leg,days_away,none
1702,INC-61DC445E,formal_small,underground,south_africa,36,16.8,operator,laborer,male,2022-03-26,friday,13.02,morning,4.5,none,other,other,multiple,foot_lower_leg,days_away,full
1703,INC-B5B04B5E,artisanal,surface,zimbabwe,35,10.6,operator,laborer,male,2022-12-29,friday,14.58,evening,4.7,none,lifting_lowering,struck_by_object,contusion,upper_extremity,first_aid,none
1704,INC-A03E2DF5,formal_small,surface,south_africa,48,12.9,operator,mechanic_repairman,male,2020-01-15,monday,10.93,morning,3.5,none,operating_equipment,struck_by_object,burns,hand_finger,days_away,partial
1705,INC-A20DEE46,artisanal,surface,ghana,38,18.3,contractor,other,female,2023-08-30,tuesday,11.79,morning,3.5,components_parts,operating_equipment,falling,abrasion,upper_extremity,fatality,none
1706,INC-B35176B4,formal_large,surface,zimbabwe,58,19.7,operator,truck_operator,female,2021-03-30,friday,6.78,morning,6.7,light_vehicle,maintenance_repair,fall_slip,laceration,hand_finger,days_away,full
1707,INC-43C38525,formal_small,surface,south_africa,45,11.8,operator,truck_operator,female,2024-01-20,saturday,10.77,morning,0.6,haul_truck,other,other,burns,foot_lower_leg,temporary_disability,full
1708,INC-D803E2DF,artisanal,surface,zimbabwe,28,1.5,contractor,laborer,male,2023-07-01,friday,12.09,morning,0.4,haul_truck,other,pit_collapse,other,upper_extremity,days_away,none
1709,INC-81743753,formal_large,surface,tanzania,50,16.3,operator,mechanic_repairman,male,2023-08-19,thursday,10.91,morning,6.3,haul_truck,other,hit_by_moving,amputation,torso,permanent_disability,none
1710,INC-A8645928,artisanal,surface,ethiopia,23,7.0,operator,mechanic_repairman,male,2021-01-14,sunday,10.79,morning,6.2,components_parts,maintenance_repair,falling,other,hand_finger,days_away,none
1711,INC-38FD5AED,formal_small,underground,south_africa,48,28.1,operator,driller,female,2023-04-17,saturday,12.0,morning,3.6,components_parts,charging_up,other,other,multiple,fatality,full
1712,INC-06009050,artisanal,surface,south_africa,27,3.1,operator,welder,male,2023-05-23,wednesday,11.41,morning,1.1,mobile_equipment,operating_equipment,struck_by_object,abrasion,multiple,fatality,none
1713,INC-4C6F2FD5,artisanal,surface,ghana,30,10.5,operator,excavator_operator,male,2024-02-14,wednesday,12.21,morning,3.3,hand_tools,lifting_lowering,falling,laceration,hand_finger,days_away,none
1714,INC-C037F753,formal_large,surface,drc,61,29.0,operator,welder,male,2022-11-03,monday,12.32,morning,8.6,mobile_equipment,maintenance_repair,other,multiple,foot_lower_leg,temporary_disability,none
1715,INC-A64182FD,artisanal,underground,other,26,9.0,operator,driller,female,2023-10-23,thursday,2.33,night,4.5,none,charging_up,hit_by_moving,abrasion,multiple,days_away,none
1716,INC-78D412F0,formal_large,underground,ghana,46,21.0,operator,blaster,male,2022-04-24,thursday,13.25,morning,1.6,components_parts,other,other,fracture,head_face,fatality,full
1717,INC-9D9C1BD7,artisanal,underground,tanzania,23,7.0,operator,mechanic_repairman,male,2024-09-21,thursday,12.12,morning,4.4,rock_drill,other,other,other,multiple,days_away,none
1718,INC-B6645C55,artisanal,surface,ethiopia,33,2.7,operator,welder,male,2023-07-18,friday,12.91,morning,5.8,mobile_equipment,other,falling,fracture,upper_extremity,days_away,none
1719,INC-E75EF38D,artisanal,surface,other,23,7.0,operator,laborer,male,2020-01-12,monday,13.85,morning,7.8,mobile_equipment,operating_equipment,pit_collapse,laceration,hand_finger,restricted_work,none
1720,INC-48B7745A,formal_large,surface,south_africa,49,10.5,operator,other,female,2023-12-13,monday,10.19,morning,5.7,mobile_equipment,maintenance_repair,struck_by_object,fracture,torso,restricted_work,full
1721,INC-EEAFA2EE,formal_large,surface,zimbabwe,42,15.4,contractor,truck_operator,male,2020-09-24,monday,10.46,morning,8.9,light_vehicle,operating_equipment,struck_by_object,laceration,foot_lower_leg,first_aid,partial
1722,INC-7A9145C0,artisanal,surface,ethiopia,20,4.0,operator,supervisor,male,2020-04-30,tuesday,10.58,morning,9.4,components_parts,other,struck_by_object,abrasion,torso,restricted_work,none
1723,INC-F18ED154,formal_small,surface,ghana,35,17.0,operator,mechanic_repairman,male,2022-11-24,thursday,11.5,morning,1.4,mobile_equipment,directing_equipment,struck_by_object,laceration,foot_lower_leg,permanent_disability,full
1724,INC-376F5060,formal_small,surface,south_africa,31,12.5,operator,welder,male,2022-06-20,monday,8.37,morning,7.6,mobile_equipment,other,other,laceration,torso,first_aid,full
1725,INC-AB4A9414,formal_large,surface,south_africa,55,37.0,operator,truck_operator,male,2022-01-02,thursday,16.79,evening,7.9,mobile_equipment,other,fall_slip,fracture,torso,days_away,partial
1726,INC-3073C18E,formal_large,surface,zimbabwe,33,12.7,contractor,welder,male,2022-01-28,thursday,10.42,morning,0.7,hand_tools,other,other,laceration,hand_finger,fatality,full
1727,INC-05D3866B,artisanal,surface,tanzania,22,5.6,contractor,mechanic_repairman,female,2021-09-13,monday,10.81,morning,11.1,mobile_equipment,directing_equipment,struck_by_object,fracture,hand_finger,fatality,none
1728,INC-9E0C515D,formal_large,underground,tanzania,50,19.2,operator,blaster,male,2024-08-03,thursday,10.58,morning,8.3,earth_moving,other,fall_from_height,fracture,head_face,temporary_disability,none
1729,INC-4243A0B1,formal_small,surface,south_africa,46,6.3,operator,mechanic_repairman,male,2023-09-24,monday,12.18,morning,4.4,hand_tools,cleaning_clearing,hit_by_moving,fracture,torso,days_away,none
1730,INC-4D4FA9AA,artisanal,underground,other,29,13.0,operator,driller,male,2023-12-17,thursday,4.33,night,3.9,components_parts,walking,other,other,head_face,fatality,none
1731,INC-FADD1B69,formal_large,surface,ghana,51,29.9,operator,truck_operator,male,2022-09-05,wednesday,14.2,evening,0.3,mobile_equipment,maintenance_repair,struck_by_object,amputation,upper_extremity,days_away,full
1732,INC-923720CD,artisanal,underground,other,23,0.9,operator,driller,male,2023-09-26,friday,12.27,morning,2.1,components_parts,drilling,struck_by_rock,laceration,torso,fatality,none
1733,INC-6E15CD5A,formal_large,underground,south_africa,38,20.0,operator,blaster,male,2022-08-19,sunday,12.9,morning,7.7,rock_drill,other,falling_object,laceration,head_face,days_away,partial
1734,INC-1A0C8A19,artisanal,surface,drc,29,3.1,contractor,truck_operator,male,2024-07-13,friday,12.57,morning,2.9,mobile_equipment,other,falling,other,foot_lower_leg,permanent_disability,none
1735,INC-BF9D7A74,artisanal,underground,other,35,7.7,operator,driller,female,2020-03-31,friday,13.3,morning,6.9,earth_moving,charging_up,fall_from_height,contusion,hand_finger,days_away,none
1736,INC-698FACCD,artisanal,surface,drc,34,6.3,contractor,truck_operator,male,2023-12-17,friday,12.71,morning,10.0,haul_truck,operating_equipment,falling,contusion,hand_finger,days_away,none
1737,INC-9799A6FC,formal_large,surface,drc,35,10.4,operator,welder,female,2022-04-22,monday,12.19,morning,1.7,mobile_equipment,maintenance_repair,fall_slip,fracture,head_face,first_aid,partial
1738,INC-CB10D545,formal_small,underground,ghana,46,7.4,contractor,blaster,male,2021-08-13,wednesday,13.83,morning,8.1,drill_rig,drilling,hit_by_moving,other,multiple,temporary_disability,full
1739,INC-C4FA7DAB,artisanal,surface,tanzania,26,10.0,contractor,mechanic_repairman,male,2023-01-15,monday,13.22,morning,4.4,components_parts,other,falling,abrasion,upper_extremity,first_aid,none
1740,INC-67495553,formal_large,surface,ethiopia,40,20.9,operator,laborer,male,2024-07-30,tuesday,11.82,morning,6.9,mobile_equipment,other,struck_by_object,multiple,foot_lower_leg,days_away,full
1741,INC-052E9F27,formal_large,surface,ghana,31,13.0,operator,truck_operator,male,2021-05-26,saturday,10.84,morning,1.2,components_parts,directing_equipment,trapped_between,multiple,foot_lower_leg,days_away,none
1742,INC-4E9907B2,formal_large,surface,other,61,8.2,operator,mechanic_repairman,female,2022-05-24,sunday,11.52,morning,0.6,light_vehicle,other,other,amputation,multiple,days_away,full
1743,INC-F0FE18B5,artisanal,surface,ghana,21,5.0,operator,truck_operator,male,2021-03-12,thursday,13.49,morning,6.0,light_vehicle,operating_equipment,pit_collapse,abrasion,multiple,days_away,none
1744,INC-FE13F736,artisanal,surface,ghana,26,10.0,operator,excavator_operator,female,2024-02-02,sunday,13.73,morning,4.6,mobile_equipment,other,pit_collapse,contusion,hand_finger,fatality,none
1745,INC-5B019772,artisanal,surface,other,35,2.3,contractor,laborer,male,2022-10-02,monday,15.79,evening,5.0,hand_tools,lifting_lowering,pit_collapse,abrasion,hand_finger,fatality,none
1746,INC-D1C68405,artisanal,surface,ghana,37,6.3,operator,supervisor,male,2021-06-18,friday,12.64,morning,0.8,mobile_equipment,lifting_lowering,pit_collapse,fracture,upper_extremity,temporary_disability,none
1747,INC-6348E2F3,formal_small,surface,south_africa,35,15.8,contractor,truck_operator,male,2024-07-23,friday,13.58,morning,6.8,haul_truck,operating_equipment,other,laceration,head_face,temporary_disability,full
1748,INC-0BD2940E,formal_small,surface,ghana,33,15.0,operator,excavator_operator,male,2021-02-15,thursday,12.16,morning,5.3,components_parts,other,trapped_between,amputation,upper_extremity,restricted_work,full
1749,INC-6F9570B7,formal_small,surface,drc,40,19.6,operator,welder,male,2020-07-31,friday,14.58,evening,7.8,components_parts,lifting_lowering,struck_by_object,contusion,multiple,days_away,full
1750,INC-531B50F3,artisanal,surface,other,33,3.0,operator,other,male,2021-04-14,thursday,11.19,morning,3.8,components_parts,maintenance_repair,pit_collapse,fracture,upper_extremity,first_aid,none
1751,INC-1846A4E3,formal_large,surface,south_africa,54,23.6,operator,laborer,female,2021-07-18,saturday,12.38,morning,7.3,mobile_equipment,other,trapped_between,fracture,hand_finger,first_aid,full
1752,INC-29279F6E,artisanal,underground,ethiopia,39,10.1,operator,driller,male,2021-04-17,thursday,12.0,morning,10.8,rock_drill,charging_up,struck_by_rock,contusion,hand_finger,temporary_disability,none
1753,INC-97D224AC,artisanal,underground,ethiopia,42,2.3,operator,other,male,2020-04-16,thursday,2.95,night,11.9,components_parts,other,other,fracture,upper_extremity,days_away,none
1754,INC-B0794BDD,formal_large,surface,tanzania,22,4.0,operator,mechanic_repairman,male,2024-12-06,monday,11.29,morning,9.4,hand_tools,cleaning_clearing,fall_slip,contusion,foot_lower_leg,first_aid,full
1755,INC-1BFCEE8A,formal_small,surface,tanzania,54,30.2,operator,other,male,2021-08-17,monday,10.68,morning,1.7,mobile_equipment,directing_equipment,trapped_between,amputation,upper_extremity,days_away,full
1756,INC-0E3FEC31,formal_large,underground,other,34,15.6,operator,mechanic_repairman,female,2024-10-18,monday,12.76,morning,6.2,components_parts,barring_scaling,other,fracture,torso,temporary_disability,partial
1757,INC-B68F82E4,artisanal,underground,ghana,27,9.2,operator,driller,male,2023-06-22,thursday,10.78,morning,6.5,earth_moving,other,other,abrasion,torso,temporary_disability,none
1758,INC-F837B9F7,artisanal,surface,ghana,41,4.3,operator,truck_operator,male,2024-01-01,wednesday,7.33,morning,0.1,none,operating_equipment,pit_collapse,contusion,head_face,days_away,none
1759,INC-7407A1A9,artisanal,surface,ethiopia,28,12.0,contractor,other,male,2021-08-04,monday,12.45,morning,1.6,mobile_equipment,maintenance_repair,other,contusion,head_face,fatality,none
1760,INC-E316DDEC,formal_large,surface,ghana,45,8.1,operator,truck_operator,male,2023-04-12,tuesday,13.48,morning,7.7,light_vehicle,maintenance_repair,fall_slip,amputation,multiple,fatality,full
1761,INC-0E48BBF3,formal_large,surface,zimbabwe,36,18.0,operator,welder,female,2021-12-28,monday,11.17,morning,5.3,mobile_equipment,operating_equipment,other,fracture,hand_finger,days_away,partial
1762,INC-F7625374,formal_large,underground,south_africa,61,15.7,operator,laborer,male,2021-10-26,monday,2.5,night,7.2,drill_rig,drilling,other,contusion,hand_finger,days_away,full
1763,INC-5094ACBF,formal_large,surface,south_africa,44,19.5,operator,excavator_operator,male,2024-09-04,thursday,12.13,morning,5.8,haul_truck,other,struck_by_object,amputation,multiple,permanent_disability,full
1764,INC-440F3319,formal_large,surface,other,36,18.0,operator,mechanic_repairman,male,2024-04-18,friday,15.79,evening,7.5,hand_tools,other,vehicle_motion,burns,upper_extremity,first_aid,partial
1765,INC-7CB97CFB,formal_large,surface,south_africa,40,22.0,operator,laborer,male,2021-09-25,friday,11.12,morning,4.3,mobile_equipment,maintenance_repair,struck_by_object,laceration,torso,permanent_disability,none
1766,INC-2241A745,artisanal,underground,ethiopia,37,7.8,contractor,blaster,male,2020-01-07,thursday,10.38,morning,2.4,none,other,other,abrasion,foot_lower_leg,fatality,none
1767,INC-027D93E7,formal_large,surface,drc,43,25.0,operator,mechanic_repairman,male,2022-09-12,wednesday,12.1,morning,2.5,none,other,vehicle_motion,laceration,foot_lower_leg,days_away,full
1768,INC-EFC2EE4E,formal_large,underground,south_africa,44,26.0,operator,blaster,male,2024-10-17,monday,4.52,night,6.9,drill_rig,other,fall_from_height,laceration,torso,fatality,partial
1769,INC-4D6D8171,artisanal,surface,south_africa,35,1.9,operator,mechanic_repairman,male,2024-08-31,monday,7.86,morning,11.7,mobile_equipment,other,pit_collapse,fracture,hand_finger,permanent_disability,none
1770,INC-653E0F31,formal_small,surface,ghana,47,18.4,contractor,truck_operator,male,2022-05-16,thursday,12.73,morning,11.5,mobile_equipment,operating_equipment,struck_by_object,fracture,foot_lower_leg,temporary_disability,none
1771,INC-8C00F0B5,artisanal,surface,zimbabwe,18,2.0,operator,other,male,2022-07-17,wednesday,15.22,evening,9.4,mobile_equipment,other,other,abrasion,foot_lower_leg,days_away,none
1772,INC-A5277A74,artisanal,surface,ghana,24,8.0,contractor,other,male,2024-04-20,tuesday,13.68,morning,7.2,haul_truck,cleaning_clearing,falling,abrasion,upper_extremity,fatality,none
1773,INC-E816D45E,artisanal,underground,ethiopia,22,6.0,contractor,driller,male,2020-11-06,wednesday,3.96,night,6.5,drill_rig,other,other,abrasion,hand_finger,days_away,full
1774,INC-7FD59366,artisanal,surface,south_africa,18,2.0,operator,welder,male,2021-05-16,thursday,13.05,morning,8.8,light_vehicle,operating_equipment,pit_collapse,contusion,multiple,days_away,none
1775,INC-3276DBD3,formal_small,surface,south_africa,42,13.1,operator,excavator_operator,male,2020-09-18,tuesday,10.8,morning,0.4,mobile_equipment,other,hit_by_moving,multiple,foot_lower_leg,restricted_work,none
1776,INC-F540CAB9,artisanal,surface,south_africa,36,11.8,operator,mechanic_repairman,male,2022-12-11,wednesday,16.24,evening,5.2,mobile_equipment,maintenance_repair,falling,fracture,upper_extremity,fatality,none
1777,INC-BC2A13AE,formal_small,surface,ghana,29,11.0,contractor,welder,female,2024-06-29,sunday,12.09,morning,4.6,components_parts,lifting_lowering,vehicle_motion,amputation,torso,fatality,full
1778,INC-B3EE7C32,formal_large,surface,ghana,39,13.5,contractor,other,female,2021-07-25,friday,13.66,morning,9.3,mobile_equipment,operating_equipment,other,laceration,foot_lower_leg,days_away,full
1779,INC-C2369B4E,formal_small,underground,other,48,13.8,contractor,supervisor,male,2024-06-05,sunday,20.75,evening,7.0,rock_drill,drilling,other,laceration,torso,fatality,full
1780,INC-BDE1AEBE,formal_large,surface,south_africa,36,18.0,contractor,supervisor,male,2022-07-21,sunday,11.89,morning,11.7,components_parts,cleaning_clearing,other,laceration,foot_lower_leg,fatality,full
1781,INC-8449F37D,artisanal,surface,zimbabwe,45,16.8,operator,laborer,male,2021-04-03,friday,12.25,morning,1.0,mobile_equipment,lifting_lowering,struck_by_object,fracture,head_face,restricted_work,partial
1782,INC-734B6558,formal_large,surface,ethiopia,49,24.8,operator,truck_operator,male,2024-10-18,monday,12.89,morning,2.9,mobile_equipment,other,trapped_between,burns,multiple,days_away,none
1783,INC-6F2F163B,formal_large,surface,tanzania,43,10.2,operator,supervisor,male,2023-02-11,friday,10.64,morning,4.5,mobile_equipment,maintenance_repair,other,fracture,hand_finger,permanent_disability,partial
1784,INC-2DBB4B1B,formal_large,surface,ethiopia,40,22.0,operator,other,male,2022-09-24,saturday,14.65,evening,3.9,mobile_equipment,other,vehicle_motion,multiple,foot_lower_leg,permanent_disability,partial
1785,INC-B46B1C7D,artisanal,surface,south_africa,28,7.2,operator,other,male,2020-10-31,sunday,13.63,morning,9.7,none,other,pit_collapse,abrasion,upper_extremity,temporary_disability,none
1786,INC-98AC8197,formal_large,surface,ethiopia,54,30.1,operator,laborer,female,2022-10-06,friday,13.46,morning,7.4,mobile_equipment,other,hit_by_moving,fracture,multiple,restricted_work,full
1787,INC-3CB8F109,artisanal,underground,ghana,36,7.4,operator,other,female,2021-02-26,monday,12.56,morning,6.0,components_parts,other,other,abrasion,torso,first_aid,none
1788,INC-6AD0146C,artisanal,underground,drc,41,8.5,operator,driller,male,2022-02-07,wednesday,10.91,morning,2.0,components_parts,other,other,abrasion,torso,days_away,none
1789,INC-0EB6F565,formal_large,underground,south_africa,26,3.8,operator,mechanic_repairman,male,2024-08-08,wednesday,11.6,morning,5.5,none,other,other,multiple,head_face,days_away,partial
1790,INC-CBBBDEE3,artisanal,surface,tanzania,32,13.8,operator,mechanic_repairman,male,2024-12-22,monday,12.95,morning,10.0,light_vehicle,directing_equipment,pit_collapse,laceration,upper_extremity,temporary_disability,none
1791,INC-387E1C98,formal_large,surface,ethiopia,36,18.0,operator,other,male,2022-01-03,friday,14.34,evening,8.6,light_vehicle,other,struck_by_object,laceration,multiple,first_aid,partial
1792,INC-98E9B618,formal_large,underground,tanzania,54,14.6,operator,driller,male,2021-08-07,thursday,13.16,morning,4.9,drill_rig,other,fall_from_height,fracture,multiple,fatality,partial
1793,INC-2CA965C4,artisanal,surface,south_africa,30,9.4,operator,excavator_operator,female,2021-01-15,tuesday,14.38,evening,4.1,mobile_equipment,other,pit_collapse,other,foot_lower_leg,temporary_disability,none
1794,INC-59BFF502,artisanal,surface,tanzania,29,12.4,operator,mechanic_repairman,male,2021-01-16,monday,14.01,evening,7.6,mobile_equipment,maintenance_repair,struck_by_object,abrasion,foot_lower_leg,days_away,none
1795,INC-57BC745C,formal_large,surface,tanzania,60,34.9,operator,mechanic_repairman,male,2022-08-15,tuesday,13.33,morning,0.3,mobile_equipment,other,vehicle_motion,laceration,torso,days_away,full
1796,INC-4E73D759,formal_small,underground,zimbabwe,64,18.2,operator,blaster,female,2024-10-31,sunday,22.41,night,8.9,earth_moving,other,hit_by_moving,contusion,torso,fatality,partial
1797,INC-65D89846,formal_large,surface,ghana,43,12.2,operator,excavator_operator,male,2024-04-02,monday,11.63,morning,3.5,components_parts,directing_equipment,other,multiple,torso,first_aid,full
1798,INC-9B6D7660,formal_small,surface,south_africa,47,10.1,operator,other,male,2021-06-13,thursday,11.64,morning,1.7,light_vehicle,other,fall_slip,laceration,torso,temporary_disability,full
1799,INC-A76FF7D3,artisanal,surface,ghana,34,6.9,operator,other,female,2024-02-29,sunday,11.05,morning,11.7,mobile_equipment,maintenance_repair,pit_collapse,abrasion,multiple,restricted_work,none
1800,INC-5D32CC8C,artisanal,surface,drc,36,6.8,operator,other,female,2022-05-10,friday,10.33,morning,6.4,haul_truck,operating_equipment,struck_by_object,abrasion,multiple,days_away,none
1801,INC-A3C66DAE,artisanal,surface,ghana,34,12.7,contractor,excavator_operator,male,2023-04-23,friday,12.97,morning,6.8,haul_truck,other,pit_collapse,contusion,hand_finger,first_aid,none
1802,INC-12342557,formal_large,surface,tanzania,50,20.2,operator,other,male,2021-04-10,saturday,11.9,morning,2.9,mobile_equipment,maintenance_repair,struck_by_object,laceration,hand_finger,days_away,none
1803,INC-3BAD45C2,artisanal,surface,tanzania,33,4.9,operator,mechanic_repairman,male,2024-01-25,tuesday,11.13,morning,11.7,mobile_equipment,other,struck_by_object,abrasion,hand_finger,first_aid,none
1804,INC-B7295907,artisanal,underground,tanzania,30,3.5,contractor,blaster,male,2022-04-30,thursday,14.19,evening,7.9,rock_drill,drilling,other,abrasion,hand_finger,fatality,none
1805,INC-C7733FA9,artisanal,underground,tanzania,19,3.0,operator,driller,male,2023-11-24,saturday,10.21,morning,4.9,rock_drill,drilling,hit_by_moving,fracture,hand_finger,days_away,none
1806,INC-FAC20450,formal_large,surface,ethiopia,55,14.7,operator,mechanic_repairman,male,2021-03-29,friday,13.02,morning,1.0,components_parts,other,other,fracture,upper_extremity,fatality,partial
1807,INC-F0C32465,formal_small,underground,zimbabwe,45,8.6,operator,driller,male,2024-10-25,tuesday,11.13,morning,4.3,components_parts,other,fall_from_height,laceration,multiple,fatality,full
1808,INC-03CFBF35,formal_small,surface,south_africa,51,7.2,operator,mechanic_repairman,male,2022-02-09,friday,12.29,morning,5.9,mobile_equipment,operating_equipment,struck_by_object,amputation,hand_finger,days_away,full
1809,INC-A7BBAA89,formal_large,underground,drc,47,21.7,operator,blaster,male,2023-04-12,wednesday,14.9,evening,3.5,drill_rig,other,other,laceration,hand_finger,first_aid,full
1810,INC-EE851E25,formal_large,surface,other,47,7.9,operator,supervisor,male,2022-09-04,wednesday,16.66,evening,5.7,mobile_equipment,other,struck_by_object,multiple,upper_extremity,temporary_disability,none
1811,INC-40BDFA03,formal_small,surface,zimbabwe,34,4.2,operator,other,male,2022-12-27,wednesday,11.85,morning,9.2,haul_truck,other,struck_by_object,laceration,upper_extremity,restricted_work,full
1812,INC-7324F8AF,artisanal,surface,other,37,6.6,operator,other,male,2021-04-13,friday,11.16,morning,1.1,haul_truck,operating_equipment,pit_collapse,fracture,multiple,days_away,none
1813,INC-5A4CAD01,formal_large,surface,other,39,21.0,contractor,other,female,2024-07-11,saturday,9.8,morning,2.8,mobile_equipment,other,other,multiple,torso,fatality,full
1814,INC-F7B9DB71,artisanal,surface,zimbabwe,21,5.0,operator,excavator_operator,male,2021-01-15,wednesday,6.3,morning,10.8,mobile_equipment,other,falling,laceration,torso,days_away,none
1815,INC-89FABA56,formal_small,surface,tanzania,38,10.9,contractor,supervisor,male,2021-10-22,friday,13.66,morning,4.3,mobile_equipment,operating_equipment,hit_by_moving,contusion,multiple,days_away,full
1816,INC-FA316A68,artisanal,surface,ethiopia,35,5.5,operator,truck_operator,female,2022-02-25,friday,11.32,morning,5.9,mobile_equipment,other,other,other,torso,temporary_disability,none
1817,INC-873F5554,formal_small,surface,south_africa,31,13.0,operator,supervisor,male,2022-06-19,sunday,10.09,morning,6.2,haul_truck,maintenance_repair,other,amputation,hand_finger,days_away,full
1818,INC-5EBB0D42,formal_small,surface,south_africa,27,9.0,operator,supervisor,male,2021-02-16,friday,11.74,morning,1.6,components_parts,other,struck_by_object,amputation,foot_lower_leg,fatality,full
1819,INC-6F22C679,artisanal,underground,zimbabwe,36,6.0,operator,supervisor,male,2024-04-17,saturday,11.38,morning,4.5,earth_moving,drilling,struck_by_rock,fracture,multiple,first_aid,none
1820,INC-DC58323D,artisanal,surface,drc,22,6.0,operator,welder,male,2023-01-29,tuesday,13.09,morning,10.7,mobile_equipment,maintenance_repair,struck_by_object,abrasion,torso,days_away,none
1821,INC-4E593F41,formal_small,underground,ghana,38,13.0,operator,other,male,2024-11-22,monday,18.6,evening,6.8,earth_moving,other,other,fracture,multiple,days_away,full
1822,INC-9017BC8B,formal_small,surface,drc,40,22.0,operator,mechanic_repairman,male,2021-10-03,friday,10.86,morning,9.7,mobile_equipment,lifting_lowering,other,multiple,torso,first_aid,none
1823,INC-5C764B9C,artisanal,surface,tanzania,26,4.3,operator,truck_operator,male,2022-02-08,sunday,14.71,evening,5.4,light_vehicle,maintenance_repair,falling,laceration,torso,days_away,none
1824,INC-96F2B4AA,artisanal,surface,tanzania,45,13.5,operator,other,male,2022-11-07,wednesday,12.29,morning,1.5,mobile_equipment,other,pit_collapse,contusion,head_face,days_away,none
1825,INC-666FAD45,formal_large,surface,ghana,43,25.0,operator,excavator_operator,male,2022-12-12,friday,12.71,morning,0.8,haul_truck,other,struck_by_object,fracture,hand_finger,fatality,full
1826,INC-95383B1C,formal_small,surface,zimbabwe,48,17.6,operator,truck_operator,male,2020-11-11,friday,10.86,morning,3.4,light_vehicle,other,other,burns,head_face,days_away,partial
1827,INC-19E4C5AD,formal_small,underground,south_africa,44,11.4,operator,laborer,male,2024-03-09,thursday,11.11,morning,10.9,drill_rig,walking,other,laceration,multiple,temporary_disability,partial
1828,INC-2A67EF92,artisanal,surface,south_africa,30,3.9,operator,other,male,2024-12-21,thursday,11.48,morning,11.6,mobile_equipment,other,struck_by_object,abrasion,hand_finger,permanent_disability,none
1829,INC-C52E3CE0,formal_small,underground,south_africa,40,22.0,operator,other,female,2022-08-05,thursday,13.43,morning,1.8,drill_rig,other,other,laceration,upper_extremity,fatality,full
1830,INC-64D098C1,formal_small,surface,south_africa,34,16.0,operator,truck_operator,male,2021-11-22,friday,8.03,morning,6.3,mobile_equipment,other,struck_by_object,laceration,head_face,days_away,none
1831,INC-DF57E342,artisanal,surface,south_africa,22,6.0,contractor,truck_operator,male,2022-01-08,thursday,10.62,morning,11.1,hand_tools,operating_equipment,falling,other,hand_finger,first_aid,none
1832,INC-EE4A55EC,formal_small,surface,ethiopia,51,19.0,operator,supervisor,male,2020-04-22,wednesday,7.27,morning,6.5,light_vehicle,other,struck_by_object,burns,multiple,first_aid,partial
1833,INC-CD427B67,formal_large,underground,ghana,42,17.9,operator,other,female,2020-04-28,saturday,20.92,evening,5.4,rock_drill,drilling,other,laceration,torso,days_away,full
1834,INC-BA0904ED,formal_large,surface,ghana,38,20.0,contractor,truck_operator,male,2021-11-14,friday,12.12,morning,1.7,haul_truck,operating_equipment,hit_by_moving,laceration,head_face,restricted_work,partial
1835,INC-C3F0FC17,formal_large,surface,other,41,17.4,operator,welder,male,2021-01-22,thursday,13.74,morning,0.4,components_parts,other,hit_by_moving,burns,hand_finger,days_away,partial
1836,INC-CC321353,formal_large,surface,zimbabwe,36,12.1,operator,laborer,male,2021-06-23,sunday,14.85,evening,0.6,haul_truck,other,other,fracture,hand_finger,permanent_disability,full
1837,INC-EC78EF02,formal_small,surface,other,37,8.2,operator,welder,male,2021-08-28,monday,12.85,morning,6.9,mobile_equipment,other,other,laceration,multiple,days_away,full
1838,INC-00C5CB22,artisanal,underground,ethiopia,36,7.6,operator,driller,male,2020-11-23,thursday,15.7,evening,10.2,components_parts,other,other,fracture,head_face,temporary_disability,none
1839,INC-2497508F,artisanal,underground,south_africa,25,9.0,operator,other,male,2022-01-03,saturday,1.41,night,6.6,earth_moving,other,falling_object,laceration,upper_extremity,fatality,none
1840,INC-F133C612,formal_large,underground,other,37,17.5,contractor,other,male,2020-03-07,thursday,3.75,night,4.2,none,other,fall_from_height,multiple,multiple,days_away,partial
1841,INC-C3C859C4,formal_small,underground,other,40,8.1,operator,blaster,male,2023-11-18,wednesday,10.99,morning,4.5,none,drilling,fall_from_height,laceration,foot_lower_leg,days_away,full
1842,INC-D434D98B,formal_large,underground,ethiopia,49,26.5,operator,laborer,male,2023-06-21,tuesday,11.54,morning,10.5,components_parts,drilling,other,laceration,head_face,restricted_work,full
1843,INC-C279B9DE,artisanal,surface,zimbabwe,18,2.0,operator,truck_operator,male,2020-10-31,friday,11.69,morning,4.2,none,other,pit_collapse,abrasion,foot_lower_leg,temporary_disability,none
1844,INC-64295783,formal_large,surface,zimbabwe,46,17.5,operator,mechanic_repairman,male,2020-10-25,tuesday,12.04,morning,7.5,haul_truck,maintenance_repair,vehicle_motion,contusion,upper_extremity,temporary_disability,partial
1845,INC-7FF290D0,artisanal,surface,zimbabwe,34,14.8,contractor,other,male,2020-05-12,friday,12.03,morning,1.5,mobile_equipment,directing_equipment,other,laceration,upper_extremity,fatality,none
1846,INC-01A21BA5,formal_large,surface,drc,57,28.5,contractor,excavator_operator,female,2020-12-03,saturday,11.25,morning,5.4,light_vehicle,maintenance_repair,struck_by_object,amputation,hand_finger,days_away,partial
1847,INC-7629F496,artisanal,surface,zimbabwe,24,8.0,contractor,other,female,2022-12-09,friday,14.33,evening,0.2,haul_truck,other,falling,abrasion,multiple,days_away,none
1848,INC-63F913B2,formal_small,surface,south_africa,54,20.7,operator,laborer,male,2020-05-17,friday,12.81,morning,6.1,haul_truck,operating_equipment,hit_by_moving,multiple,torso,fatality,full
1849,INC-A148A4B2,artisanal,underground,south_africa,33,5.3,contractor,supervisor,female,2020-01-15,thursday,5.16,night,6.1,drill_rig,other,other,fracture,multiple,fatality,partial
1850,INC-5EBADC8E,formal_large,underground,south_africa,61,23.6,operator,driller,male,2022-11-08,monday,23.55,night,5.9,earth_moving,other,hit_by_moving,laceration,upper_extremity,permanent_disability,full
1851,INC-68CB6434,artisanal,surface,ghana,25,9.0,operator,mechanic_repairman,male,2024-08-26,monday,12.04,morning,2.4,light_vehicle,other,other,abrasion,hand_finger,days_away,none
1852,INC-82553E22,formal_small,underground,ghana,48,12.7,operator,driller,male,2022-05-06,wednesday,5.16,night,5.6,none,other,falling_object,laceration,head_face,permanent_disability,full
1853,INC-ED8E1882,artisanal,surface,other,35,5.5,operator,truck_operator,male,2021-04-12,sunday,13.6,morning,5.4,components_parts,other,falling,other,foot_lower_leg,days_away,none
1854,INC-E4057737,artisanal,surface,south_africa,32,6.4,operator,welder,female,2024-02-27,wednesday,10.51,morning,0.7,mobile_equipment,other,falling,abrasion,multiple,days_away,none
1855,INC-14853748,artisanal,surface,ghana,18,2.0,operator,laborer,male,2024-03-02,monday,6.92,morning,2.9,components_parts,directing_equipment,falling,laceration,upper_extremity,days_away,none
1856,INC-63B437EB,formal_large,surface,south_africa,48,16.9,contractor,excavator_operator,male,2024-03-06,monday,14.34,evening,5.0,mobile_equipment,cleaning_clearing,other,contusion,torso,days_away,partial
1857,INC-F9C88CA6,formal_large,surface,zimbabwe,38,20.0,operator,laborer,male,2021-11-24,friday,10.98,morning,2.6,components_parts,other,struck_by_object,contusion,hand_finger,days_away,none
1858,INC-7D60CF56,formal_large,surface,ethiopia,50,19.4,operator,supervisor,male,2020-03-15,saturday,9.93,morning,4.9,mobile_equipment,cleaning_clearing,vehicle_motion,laceration,torso,days_away,full
1859,INC-A670DEB5,formal_large,surface,zimbabwe,36,18.0,operator,truck_operator,male,2024-12-28,saturday,13.3,morning,6.6,mobile_equipment,other,struck_by_object,multiple,hand_finger,fatality,none
1860,INC-AB3C49AB,formal_small,surface,other,29,10.1,operator,other,male,2024-06-22,friday,10.58,morning,11.4,mobile_equipment,maintenance_repair,hit_by_moving,amputation,hand_finger,permanent_disability,full
1861,INC-DC5FC48C,artisanal,underground,other,33,5.9,operator,driller,male,2022-07-04,thursday,12.49,morning,6.8,drill_rig,other,hit_by_moving,contusion,foot_lower_leg,days_away,none
1862,INC-27091B9B,artisanal,surface,drc,28,2.3,operator,welder,female,2023-12-04,friday,12.12,morning,11.0,mobile_equipment,other,falling,contusion,foot_lower_leg,first_aid,none
1863,INC-9D68E4A8,formal_small,surface,drc,57,6.1,operator,laborer,female,2024-10-24,sunday,9.49,morning,11.8,mobile_equipment,other,hit_by_moving,laceration,hand_finger,permanent_disability,full
1864,INC-21DEE04B,artisanal,surface,ghana,40,6.5,operator,mechanic_repairman,male,2020-04-16,friday,13.44,morning,5.0,mobile_equipment,other,falling,abrasion,head_face,restricted_work,none
1865,INC-BCE389E6,artisanal,surface,ethiopia,33,6.4,contractor,truck_operator,male,2022-05-06,wednesday,11.11,morning,1.9,mobile_equipment,cleaning_clearing,struck_by_object,other,multiple,fatality,none
1866,INC-0A3EFDB2,artisanal,surface,ghana,36,3.7,contractor,laborer,male,2024-04-22,sunday,14.75,evening,0.8,mobile_equipment,other,pit_collapse,other,hand_finger,restricted_work,none
1867,INC-E5ECAB90,formal_large,surface,drc,31,9.7,operator,truck_operator,male,2023-07-28,sunday,11.59,morning,4.5,components_parts,lifting_lowering,other,multiple,hand_finger,temporary_disability,full
1868,INC-955F3B25,formal_small,surface,south_africa,47,3.5,operator,other,female,2020-07-20,friday,11.26,morning,3.1,mobile_equipment,operating_equipment,struck_by_object,fracture,upper_extremity,temporary_disability,partial
1869,INC-7FAD89BF,artisanal,surface,south_africa,25,7.9,operator,laborer,male,2020-04-26,friday,9.6,morning,4.0,mobile_equipment,cleaning_clearing,pit_collapse,laceration,torso,fatality,none
1870,INC-AC74F2AA,formal_large,surface,south_africa,34,6.7,operator,laborer,male,2021-08-16,sunday,11.68,morning,2.8,mobile_equipment,cleaning_clearing,other,fracture,head_face,days_away,full
1871,INC-EEFB05DF,formal_small,surface,ethiopia,53,21.3,contractor,truck_operator,male,2022-03-23,friday,14.78,evening,2.9,mobile_equipment,maintenance_repair,other,laceration,upper_extremity,temporary_disability,none
1872,INC-7E0C7ED5,artisanal,surface,tanzania,25,8.0,operator,other,female,2020-08-13,monday,12.59,morning,0.8,components_parts,maintenance_repair,other,laceration,upper_extremity,days_away,none
1873,INC-2A05C58E,artisanal,surface,south_africa,30,10.5,operator,other,male,2021-05-09,sunday,13.03,morning,11.4,components_parts,other,other,laceration,multiple,days_away,none
1874,INC-016944AA,artisanal,surface,zimbabwe,28,3.1,operator,truck_operator,female,2022-07-24,friday,10.53,morning,1.6,mobile_equipment,other,falling,laceration,hand_finger,fatality,none
1875,INC-ED98825F,artisanal,surface,ghana,40,3.3,contractor,excavator_operator,male,2023-12-19,friday,12.43,morning,0.3,mobile_equipment,operating_equipment,pit_collapse,contusion,multiple,restricted_work,full
1876,INC-4C50CCB0,formal_large,surface,drc,54,15.8,contractor,other,male,2022-11-01,thursday,14.52,evening,8.2,light_vehicle,other,hit_by_moving,laceration,hand_finger,days_away,full
1877,INC-4A3C9D71,formal_large,surface,south_africa,48,11.7,operator,mechanic_repairman,male,2022-08-30,monday,11.7,morning,10.9,mobile_equipment,operating_equipment,struck_by_object,amputation,head_face,first_aid,none
1878,INC-9BD8651A,formal_small,surface,south_africa,54,15.6,contractor,truck_operator,male,2023-09-16,wednesday,13.59,morning,8.5,mobile_equipment,directing_equipment,struck_by_object,laceration,hand_finger,temporary_disability,partial
1879,INC-4262F236,formal_small,surface,ethiopia,43,5.4,operator,other,male,2023-03-14,wednesday,13.31,morning,11.3,mobile_equipment,other,trapped_between,fracture,upper_extremity,days_away,none
1880,INC-0870E537,formal_small,surface,ethiopia,64,17.3,operator,welder,male,2021-02-16,thursday,10.28,morning,7.1,light_vehicle,other,other,amputation,multiple,fatality,partial
1881,INC-1E7E7D49,artisanal,surface,drc,29,13.0,operator,other,male,2021-04-08,friday,11.99,morning,0.3,mobile_equipment,cleaning_clearing,pit_collapse,fracture,hand_finger,first_aid,none
1882,INC-36575CEC,formal_small,surface,ethiopia,50,8.6,operator,truck_operator,male,2020-07-30,thursday,13.35,morning,8.4,mobile_equipment,other,vehicle_motion,laceration,torso,days_away,full
1883,INC-5739EC45,artisanal,underground,other,22,3.8,operator,blaster,male,2020-08-01,thursday,3.97,night,4.3,components_parts,walking,other,other,torso,days_away,none
1884,INC-0DE15D3F,formal_large,underground,ghana,34,16.0,operator,laborer,female,2024-02-23,thursday,3.08,night,1.8,earth_moving,drilling,other,laceration,foot_lower_leg,days_away,partial
1885,INC-072EB707,formal_large,underground,ghana,43,24.1,operator,driller,male,2023-05-27,sunday,10.56,morning,6.2,earth_moving,other,struck_by_rock,laceration,multiple,fatality,partial
1886,INC-52FEBB4D,formal_large,surface,other,41,23.0,operator,excavator_operator,female,2023-03-17,wednesday,10.76,morning,1.0,mobile_equipment,other,vehicle_motion,contusion,upper_extremity,temporary_disability,none
1887,INC-B032EB04,formal_large,surface,south_africa,40,19.2,operator,welder,male,2022-03-18,wednesday,11.27,morning,2.6,mobile_equipment,operating_equipment,other,amputation,foot_lower_leg,first_aid,partial
1888,INC-CBC572C2,artisanal,surface,drc,25,9.0,operator,welder,male,2020-06-14,friday,9.89,morning,5.9,components_parts,other,struck_by_object,laceration,head_face,first_aid,none
1889,INC-909AD5B2,formal_small,surface,south_africa,27,9.0,operator,other,male,2022-01-31,friday,11.38,morning,3.7,hand_tools,operating_equipment,vehicle_motion,amputation,torso,temporary_disability,full
1890,INC-B93F45D1,formal_large,surface,zimbabwe,46,17.3,operator,laborer,male,2020-10-07,wednesday,11.66,morning,1.7,mobile_equipment,operating_equipment,struck_by_object,amputation,torso,days_away,none
1891,INC-369450FB,artisanal,surface,south_africa,37,6.8,operator,other,male,2024-10-26,tuesday,13.47,morning,6.8,mobile_equipment,cleaning_clearing,struck_by_object,fracture,torso,fatality,none
1892,INC-0CB41E59,formal_small,surface,ethiopia,29,11.0,contractor,truck_operator,female,2022-01-05,tuesday,14.7,evening,0.5,mobile_equipment,cleaning_clearing,struck_by_object,amputation,multiple,days_away,full
1893,INC-E73BBD26,formal_large,surface,drc,19,1.0,operator,other,male,2020-08-03,friday,10.57,morning,9.2,hand_tools,maintenance_repair,other,laceration,hand_finger,fatality,full
1894,INC-9A9544E2,formal_large,surface,south_africa,39,21.0,operator,laborer,male,2021-06-01,friday,12.46,morning,0.8,mobile_equipment,operating_equipment,trapped_between,amputation,hand_finger,first_aid,full
1895,INC-43F7C4B9,formal_large,surface,south_africa,35,10.4,operator,mechanic_repairman,male,2023-03-21,friday,6.99,morning,1.8,mobile_equipment,other,other,multiple,multiple,first_aid,full
1896,INC-D861ADCE,artisanal,underground,ghana,29,4.5,operator,driller,female,2022-04-03,tuesday,8.97,morning,9.3,none,other,other,contusion,foot_lower_leg,days_away,none
1897,INC-95DF370F,formal_large,surface,ghana,34,7.2,operator,welder,male,2020-04-20,saturday,11.07,morning,1.9,hand_tools,cleaning_clearing,fall_slip,laceration,multiple,temporary_disability,none
1898,INC-A58CC343,formal_large,surface,ghana,18,0.0,operator,truck_operator,male,2021-10-22,friday,11.8,morning,11.7,hand_tools,other,struck_by_object,amputation,multiple,temporary_disability,partial
1899,INC-90209E65,formal_large,underground,other,34,16.0,operator,driller,male,2023-06-04,sunday,14.2,evening,12.0,earth_moving,charging_up,struck_by_rock,other,multiple,days_away,full
1900,INC-BF3E0FED,formal_small,surface,south_africa,41,18.3,contractor,truck_operator,female,2022-08-27,thursday,15.21,evening,2.2,mobile_equipment,other,struck_by_object,laceration,hand_finger,fatality,full
1901,INC-62B4C529,formal_large,surface,ghana,36,4.6,operator,other,male,2022-10-18,wednesday,16.96,evening,7.2,mobile_equipment,other,struck_by_object,laceration,hand_finger,fatality,partial
1902,INC-CE498920,artisanal,surface,zimbabwe,29,13.0,operator,other,male,2023-04-21,wednesday,15.1,evening,3.6,hand_tools,cleaning_clearing,struck_by_object,laceration,multiple,days_away,partial
1903,INC-E27BE7F1,formal_large,surface,ghana,46,20.6,operator,mechanic_repairman,male,2023-08-20,wednesday,13.99,morning,10.2,components_parts,directing_equipment,struck_by_object,laceration,foot_lower_leg,temporary_disability,none
1904,INC-514A628B,artisanal,surface,ghana,38,8.1,contractor,mechanic_repairman,male,2022-02-19,monday,13.54,morning,10.1,mobile_equipment,other,other,other,multiple,first_aid,none
1905,INC-82F53C34,formal_small,underground,tanzania,56,38.0,operator,other,male,2023-10-03,thursday,13.56,morning,3.6,components_parts,other,falling_object,contusion,torso,restricted_work,full
1906,INC-05620FA7,formal_small,underground,ethiopia,47,25.1,operator,other,male,2024-07-11,friday,12.74,morning,10.2,none,other,other,contusion,hand_finger,days_away,full
1907,INC-4B6FFC51,formal_large,underground,drc,52,24.0,operator,driller,female,2020-08-29,thursday,10.84,morning,2.6,drill_rig,other,fall_from_height,laceration,head_face,first_aid,none
1908,INC-4CB8990E,artisanal,underground,ghana,24,5.1,operator,other,female,2023-08-23,tuesday,2.94,night,7.7,none,other,fall_from_height,fracture,torso,temporary_disability,none
1909,INC-7FCE78AE,artisanal,surface,ethiopia,18,1.9,operator,truck_operator,male,2021-05-16,tuesday,16.32,evening,0.6,mobile_equipment,other,falling,fracture,hand_finger,first_aid,none
1910,INC-805515E5,formal_large,underground,other,53,17.6,operator,other,female,2020-07-16,friday,10.93,morning,0.7,earth_moving,drilling,other,multiple,multiple,days_away,full
1911,INC-FC98A859,formal_large,surface,other,33,15.0,operator,other,male,2021-04-05,monday,13.73,morning,5.1,haul_truck,lifting_lowering,fall_slip,fracture,foot_lower_leg,first_aid,partial
1912,INC-7637B8DF,artisanal,surface,other,24,8.0,operator,laborer,male,2024-08-24,tuesday,14.19,evening,4.2,mobile_equipment,other,other,abrasion,hand_finger,restricted_work,none
1913,INC-85350209,formal_small,underground,ghana,47,25.0,operator,other,male,2023-01-15,friday,4.69,night,1.2,none,other,other,laceration,multiple,first_aid,full
1914,INC-D393081C,formal_large,underground,other,52,19.8,contractor,other,female,2022-04-17,friday,10.95,morning,6.3,drill_rig,other,other,laceration,multiple,fatality,full
1915,INC-A288C31E,formal_large,underground,drc,38,16.3,operator,blaster,male,2021-04-16,saturday,0.49,night,10.6,earth_moving,other,fall_from_height,fracture,multiple,first_aid,full
1916,INC-B9F2C218,artisanal,surface,drc,32,3.8,contractor,excavator_operator,male,2022-08-31,saturday,11.68,morning,8.3,haul_truck,other,struck_by_object,other,hand_finger,first_aid,none
1917,INC-2F65DE01,artisanal,surface,tanzania,29,13.0,operator,laborer,male,2022-07-30,friday,14.26,evening,5.5,mobile_equipment,other,struck_by_object,fracture,hand_finger,restricted_work,none
1918,INC-9DF46424,formal_small,surface,other,35,17.0,operator,other,male,2022-01-14,wednesday,11.45,morning,5.8,components_parts,operating_equipment,other,fracture,hand_finger,first_aid,full
1919,INC-0F6B7088,artisanal,surface,ghana,19,3.0,operator,truck_operator,male,2022-03-18,tuesday,9.97,morning,9.2,hand_tools,other,struck_by_object,abrasion,upper_extremity,fatality,none
1920,INC-32D5F0FA,formal_small,underground,tanzania,48,19.5,operator,driller,male,2023-08-14,monday,10.17,morning,7.4,none,other,falling_object,laceration,torso,days_away,partial
1921,INC-BE7F73E1,formal_large,underground,tanzania,28,5.2,operator,other,male,2022-12-05,sunday,11.11,morning,5.4,components_parts,other,struck_by_rock,fracture,foot_lower_leg,first_aid,none
1922,INC-45194B5C,formal_small,surface,tanzania,32,14.0,operator,mechanic_repairman,male,2020-02-22,friday,12.35,morning,2.9,hand_tools,directing_equipment,other,laceration,upper_extremity,days_away,full
1923,INC-D27E7809,formal_small,surface,drc,36,18.0,operator,laborer,male,2021-10-03,sunday,13.1,morning,10.4,mobile_equipment,other,other,contusion,foot_lower_leg,days_away,full
1924,INC-9ADB1BD6,formal_large,surface,south_africa,47,29.0,operator,other,male,2020-04-23,wednesday,9.68,morning,6.2,mobile_equipment,maintenance_repair,other,amputation,hand_finger,temporary_disability,partial
1925,INC-38F6482C,formal_large,surface,ghana,45,21.0,contractor,laborer,female,2024-08-15,saturday,11.99,morning,3.4,haul_truck,cleaning_clearing,other,laceration,upper_extremity,fatality,full
1926,INC-F58AAE16,formal_small,surface,ghana,52,13.7,operator,other,male,2021-08-11,sunday,12.44,morning,8.9,mobile_equipment,other,other,multiple,hand_finger,temporary_disability,full
1927,INC-D76CBD7E,artisanal,underground,tanzania,37,21.0,contractor,other,male,2024-10-28,saturday,4.4,night,4.5,earth_moving,other,other,laceration,torso,days_away,none
1928,INC-6D0A2F2E,formal_large,surface,tanzania,34,16.0,contractor,other,male,2021-03-31,friday,12.06,morning,10.4,components_parts,other,trapped_between,amputation,upper_extremity,temporary_disability,full
1929,INC-C6C63787,formal_small,underground,drc,33,7.0,operator,supervisor,male,2021-10-02,saturday,11.22,morning,2.6,none,walking,other,multiple,upper_extremity,days_away,full
1930,INC-10AD9673,artisanal,surface,drc,31,6.4,operator,mechanic_repairman,male,2022-01-20,friday,13.31,morning,11.6,mobile_equipment,other,pit_collapse,laceration,hand_finger,first_aid,none
1931,INC-37E7D586,artisanal,underground,ethiopia,33,3.6,operator,mechanic_repairman,male,2024-07-27,thursday,11.94,morning,11.1,none,other,falling_object,contusion,foot_lower_leg,days_away,none
1932,INC-CD496948,artisanal,surface,south_africa,33,8.2,operator,laborer,male,2020-06-13,wednesday,10.02,morning,7.2,haul_truck,directing_equipment,other,contusion,multiple,permanent_disability,none
1933,INC-BAB87108,artisanal,surface,ethiopia,21,4.9,contractor,other,male,2023-12-19,monday,16.0,evening,10.1,mobile_equipment,other,pit_collapse,fracture,hand_finger,temporary_disability,none
1934,INC-B15CD43A,artisanal,surface,other,32,1.1,contractor,mechanic_repairman,male,2023-04-13,friday,13.1,morning,6.0,mobile_equipment,cleaning_clearing,pit_collapse,contusion,hand_finger,days_away,none
1935,INC-4874FF3B,formal_large,underground,ethiopia,47,24.5,operator,mechanic_repairman,male,2021-02-16,friday,14.74,evening,5.3,components_parts,drilling,struck_by_rock,contusion,foot_lower_leg,fatality,partial
1936,INC-FD2656E9,formal_small,underground,other,35,17.0,contractor,blaster,male,2024-03-19,thursday,23.63,night,5.7,components_parts,barring_scaling,struck_by_rock,other,upper_extremity,fatality,full
1937,INC-184E9099,artisanal,surface,other,37,14.2,operator,laborer,male,2022-10-24,sunday,12.02,morning,5.0,haul_truck,maintenance_repair,other,fracture,torso,first_aid,none
1938,INC-70F7A9CB,formal_large,surface,ghana,37,17.4,operator,truck_operator,female,2022-07-09,friday,14.35,evening,6.2,mobile_equipment,lifting_lowering,hit_by_moving,laceration,multiple,temporary_disability,full
1939,INC-27E1C2C3,formal_large,surface,tanzania,25,7.0,operator,supervisor,male,2021-11-20,monday,12.0,morning,9.1,haul_truck,other,struck_by_object,laceration,head_face,first_aid,full
1940,INC-E8DE974B,formal_large,underground,zimbabwe,45,5.2,operator,mechanic_repairman,male,2022-02-02,thursday,23.46,night,4.9,drill_rig,other,fall_from_height,multiple,upper_extremity,fatality,partial
1941,INC-88C4AD56,formal_small,surface,zimbabwe,57,23.8,operator,mechanic_repairman,male,2024-01-02,monday,10.76,morning,5.4,haul_truck,cleaning_clearing,other,fracture,hand_finger,days_away,partial
1942,INC-002A6F4E,formal_small,surface,south_africa,33,15.0,operator,truck_operator,male,2024-11-06,wednesday,16.4,evening,4.3,components_parts,lifting_lowering,hit_by_moving,laceration,multiple,days_away,full
1943,INC-1B1D7E7B,formal_large,surface,south_africa,52,23.4,operator,laborer,female,2024-06-20,sunday,11.79,morning,5.2,components_parts,other,struck_by_object,laceration,foot_lower_leg,days_away,full
1944,INC-A4FEE0FF,artisanal,surface,south_africa,38,9.8,contractor,excavator_operator,male,2021-09-03,monday,9.66,morning,5.5,mobile_equipment,maintenance_repair,pit_collapse,abrasion,torso,restricted_work,none
1945,INC-6E7E08FC,artisanal,underground,ethiopia,35,4.2,operator,driller,female,2023-02-10,saturday,10.95,morning,9.6,drill_rig,other,other,abrasion,torso,fatality,none
1946,INC-60C71345,formal_large,underground,south_africa,42,17.8,operator,blaster,male,2024-12-28,tuesday,2.7,night,8.3,earth_moving,drilling,falling_object,fracture,torso,restricted_work,full
1947,INC-E9AF5781,artisanal,underground,ghana,34,3.1,operator,supervisor,female,2023-02-24,friday,9.06,morning,7.1,components_parts,walking,fall_from_height,laceration,torso,days_away,none
1948,INC-FF2E6623,formal_large,underground,zimbabwe,26,8.0,operator,driller,male,2020-01-05,thursday,1.12,night,3.4,drill_rig,other,struck_by_rock,multiple,upper_extremity,days_away,full
1949,INC-FC62555A,artisanal,underground,ghana,18,2.0,operator,blaster,male,2023-08-10,wednesday,19.65,evening,6.6,drill_rig,walking,other,abrasion,upper_extremity,temporary_disability,none
1950,INC-5C56110F,artisanal,surface,other,30,7.9,operator,mechanic_repairman,male,2022-11-09,wednesday,11.76,morning,4.5,light_vehicle,maintenance_repair,other,other,multiple,days_away,none
1951,INC-8CAE2F16,formal_large,underground,ghana,34,16.0,operator,supervisor,male,2022-06-23,thursday,10.16,morning,1.0,none,charging_up,fall_from_height,laceration,hand_finger,days_away,full
1952,INC-0063C35A,artisanal,surface,south_africa,24,8.0,operator,truck_operator,female,2020-03-07,friday,12.99,morning,2.7,haul_truck,other,other,abrasion,hand_finger,first_aid,none
1953,INC-E6F20F88,artisanal,surface,other,39,6.7,operator,other,female,2022-05-09,monday,13.38,morning,8.6,mobile_equipment,operating_equipment,struck_by_object,abrasion,hand_finger,restricted_work,none
1954,INC-A289CF1D,artisanal,underground,drc,38,1.8,operator,blaster,male,2023-12-13,thursday,12.99,morning,6.4,rock_drill,other,other,contusion,multiple,fatality,none
1955,INC-C2D86949,artisanal,surface,tanzania,24,3.7,operator,other,male,2022-10-25,monday,12.18,morning,12.0,mobile_equipment,other,other,abrasion,hand_finger,fatality,none
1956,INC-65B5519E,formal_small,surface,drc,33,15.0,operator,laborer,female,2021-05-06,monday,12.46,morning,1.1,none,cleaning_clearing,struck_by_object,amputation,foot_lower_leg,days_away,full
1957,INC-5F963CA4,formal_large,surface,south_africa,39,17.4,operator,mechanic_repairman,female,2024-02-03,thursday,14.88,evening,11.7,mobile_equipment,lifting_lowering,struck_by_object,laceration,upper_extremity,days_away,none
1958,INC-F90DA430,artisanal,surface,drc,30,8.6,contractor,laborer,male,2022-03-29,wednesday,12.2,morning,5.8,haul_truck,other,other,abrasion,torso,first_aid,none
1959,INC-903DD934,artisanal,underground,south_africa,32,4.3,operator,driller,male,2023-03-28,tuesday,12.45,morning,5.7,none,charging_up,struck_by_rock,fracture,hand_finger,fatality,none
1960,INC-48D64DB2,artisanal,surface,zimbabwe,37,2.6,operator,laborer,male,2020-01-27,monday,10.61,morning,4.4,haul_truck,cleaning_clearing,struck_by_object,abrasion,multiple,restricted_work,none
1961,INC-6D35269D,formal_small,surface,south_africa,46,28.0,contractor,welder,male,2020-09-19,thursday,8.45,morning,6.3,mobile_equipment,other,other,fracture,hand_finger,fatality,none
1962,INC-2E8208CD,formal_small,surface,drc,60,32.9,operator,truck_operator,male,2021-01-01,friday,12.58,morning,4.7,mobile_equipment,other,other,laceration,torso,first_aid,full
1963,INC-A1B9BA55,formal_large,surface,south_africa,29,11.0,contractor,mechanic_repairman,male,2020-09-13,friday,10.03,morning,2.6,haul_truck,cleaning_clearing,struck_by_object,fracture,multiple,days_away,full
1964,INC-E6DA1137,artisanal,surface,ghana,19,3.0,operator,mechanic_repairman,male,2022-02-16,friday,12.44,morning,5.1,mobile_equipment,maintenance_repair,falling,laceration,hand_finger,permanent_disability,none
1965,INC-189E447F,formal_large,surface,south_africa,38,18.0,operator,laborer,male,2022-01-29,friday,11.9,morning,10.5,haul_truck,other,other,laceration,torso,fatality,full
1966,INC-C004DEF8,artisanal,surface,tanzania,18,2.0,contractor,truck_operator,male,2020-05-27,friday,12.58,morning,10.5,hand_tools,other,struck_by_object,laceration,multiple,restricted_work,none
1967,INC-B5C3300A,artisanal,surface,ghana,31,9.0,operator,excavator_operator,male,2023-04-18,monday,11.99,morning,9.1,haul_truck,operating_equipment,pit_collapse,other,upper_extremity,first_aid,none
1968,INC-B4811ACF,formal_small,surface,zimbabwe,34,13.2,operator,excavator_operator,male,2022-06-01,tuesday,14.12,evening,9.6,none,other,fall_slip,laceration,hand_finger,restricted_work,full
1969,INC-3C31698A,formal_small,surface,ghana,30,12.0,operator,laborer,female,2021-12-15,friday,13.18,morning,7.3,hand_tools,other,hit_by_moving,multiple,head_face,days_away,partial
1970,INC-9C4063CF,formal_large,underground,drc,43,15.5,operator,blaster,male,2021-03-19,friday,19.64,evening,8.8,none,charging_up,fall_from_height,other,multiple,days_away,partial
1971,INC-C7C1C065,artisanal,surface,south_africa,18,2.0,operator,laborer,male,2021-11-28,wednesday,9.89,morning,4.2,haul_truck,operating_equipment,struck_by_object,abrasion,hand_finger,days_away,none
1972,INC-4E3B76B4,artisanal,surface,other,31,11.2,operator,excavator_operator,male,2020-10-25,tuesday,14.0,evening,0.1,mobile_equipment,maintenance_repair,pit_collapse,abrasion,foot_lower_leg,days_away,none
1973,INC-28E647C9,formal_small,underground,ghana,43,19.3,contractor,supervisor,male,2024-06-23,thursday,20.76,evening,7.1,none,other,other,fracture,upper_extremity,days_away,partial
1974,INC-26C9CE0A,formal_large,surface,south_africa,25,5.6,operator,mechanic_repairman,female,2022-07-28,monday,15.34,evening,2.4,light_vehicle,other,hit_by_moving,fracture,torso,temporary_disability,none
1975,INC-351D562F,formal_large,surface,south_africa,43,14.9,operator,mechanic_repairman,male,2024-05-04,saturday,13.53,morning,3.6,mobile_equipment,cleaning_clearing,vehicle_motion,laceration,multiple,days_away,full
1976,INC-D53091AC,formal_small,underground,south_africa,31,13.0,operator,driller,male,2024-04-12,thursday,14.43,evening,5.6,components_parts,other,fall_from_height,fracture,head_face,permanent_disability,partial
1977,INC-E3ECCDA5,artisanal,surface,zimbabwe,34,12.5,operator,excavator_operator,female,2022-05-18,saturday,13.3,morning,11.8,mobile_equipment,maintenance_repair,other,contusion,foot_lower_leg,temporary_disability,none
1978,INC-5DC53698,artisanal,underground,ghana,39,4.1,operator,laborer,male,2021-12-27,tuesday,21.52,evening,1.0,none,drilling,fall_from_height,laceration,upper_extremity,permanent_disability,none
1979,INC-01D80E29,formal_large,underground,other,43,25.0,operator,mechanic_repairman,male,2023-08-04,monday,12.62,morning,5.1,none,other,falling_object,multiple,torso,fatality,partial
1980,INC-B29AEC1A,artisanal,underground,zimbabwe,26,10.0,contractor,blaster,male,2021-12-01,tuesday,20.4,evening,6.0,rock_drill,drilling,fall_from_height,fracture,hand_finger,restricted_work,none
1981,INC-5AB39915,formal_small,underground,south_africa,55,17.9,operator,mechanic_repairman,male,2022-04-05,tuesday,14.03,evening,11.3,none,other,fall_from_height,other,hand_finger,restricted_work,partial
1982,INC-BECA7071,artisanal,surface,zimbabwe,31,5.9,operator,welder,male,2022-01-18,monday,10.94,morning,5.1,components_parts,maintenance_repair,struck_by_object,abrasion,upper_extremity,fatality,none
1983,INC-36C0605A,formal_large,underground,south_africa,47,20.6,operator,supervisor,male,2023-01-06,friday,0.73,night,7.4,none,other,other,other,hand_finger,permanent_disability,full
1984,INC-C0C9D6DC,artisanal,surface,south_africa,35,1.4,operator,welder,male,2020-04-08,wednesday,12.32,morning,4.2,mobile_equipment,maintenance_repair,pit_collapse,other,multiple,first_aid,none
1985,INC-DE59C003,artisanal,surface,ghana,22,6.0,operator,welder,male,2021-05-16,tuesday,11.49,morning,3.5,haul_truck,maintenance_repair,other,fracture,foot_lower_leg,temporary_disability,none
1986,INC-C9910531,formal_large,surface,south_africa,44,14.7,operator,mechanic_repairman,male,2023-05-27,tuesday,11.15,morning,6.7,mobile_equipment,other,struck_by_object,amputation,hand_finger,days_away,full
1987,INC-C3CBA8A2,artisanal,surface,south_africa,37,18.6,operator,mechanic_repairman,male,2022-06-27,wednesday,13.66,morning,7.2,hand_tools,other,other,fracture,head_face,fatality,none
1988,INC-22D43D0D,artisanal,surface,other,32,6.6,operator,laborer,male,2023-06-18,wednesday,16.78,evening,4.9,mobile_equipment,other,falling,contusion,hand_finger,temporary_disability,none
1989,INC-750F9E30,formal_large,surface,tanzania,37,18.0,contractor,welder,male,2023-03-19,friday,16.94,evening,7.1,mobile_equipment,lifting_lowering,other,amputation,hand_finger,fatality,partial
1990,INC-3FBC8421,formal_large,surface,other,43,15.1,contractor,laborer,male,2021-08-30,sunday,13.46,morning,5.8,mobile_equipment,other,struck_by_object,multiple,hand_finger,days_away,full
1991,INC-AA687B03,artisanal,surface,ghana,26,10.0,operator,mechanic_repairman,female,2022-03-17,monday,10.09,morning,0.2,hand_tools,directing_equipment,pit_collapse,laceration,foot_lower_leg,permanent_disability,none
1992,INC-0F7E8F8B,formal_large,underground,other,48,19.4,operator,driller,male,2020-05-06,thursday,0.0,night,2.6,none,other,fall_from_height,fracture,upper_extremity,permanent_disability,none
1993,INC-EB9EAEE0,formal_large,surface,ghana,47,23.3,contractor,supervisor,male,2023-10-18,wednesday,9.99,morning,1.7,haul_truck,operating_equipment,other,laceration,hand_finger,days_away,none
1994,INC-CF2AD3E0,formal_small,underground,south_africa,42,8.8,operator,supervisor,male,2022-03-20,friday,10.66,morning,9.2,earth_moving,other,other,contusion,multiple,fatality,partial
1995,INC-33B06B6B,artisanal,underground,drc,31,7.0,operator,other,male,2021-05-03,friday,18.98,evening,9.5,rock_drill,drilling,other,laceration,foot_lower_leg,fatality,none
1996,INC-43A44AF3,formal_large,underground,south_africa,45,24.9,operator,mechanic_repairman,male,2022-09-01,wednesday,22.89,night,0.1,rock_drill,drilling,other,laceration,multiple,fatality,partial
1997,INC-D8AB3DC9,formal_large,surface,ghana,30,11.0,operator,truck_operator,male,2020-01-24,friday,16.71,evening,8.0,mobile_equipment,cleaning_clearing,other,amputation,torso,permanent_disability,none
1998,INC-455530B2,artisanal,underground,drc,29,5.0,contractor,other,male,2022-01-28,saturday,22.64,night,5.5,none,other,other,laceration,multiple,days_away,none
1999,INC-8752F025,formal_small,underground,ethiopia,36,18.0,operator,other,male,2024-07-27,friday,12.05,morning,5.3,none,other,falling_object,laceration,multiple,fatality,none
2000,INC-BC7DFC21,artisanal,underground,zimbabwe,36,7.1,operator,driller,male,2021-11-30,monday,20.61,evening,7.6,rock_drill,other,other,contusion,head_face,days_away,none
2001,INC-F0D2A982,formal_small,underground,ghana,49,19.2,operator,other,male,2021-10-21,thursday,10.79,morning,6.6,none,charging_up,other,laceration,foot_lower_leg,fatality,partial
2002,INC-EA3368AA,artisanal,surface,south_africa,28,7.6,operator,laborer,male,2022-04-01,wednesday,10.83,morning,7.1,haul_truck,lifting_lowering,other,abrasion,multiple,fatality,none
2003,INC-6E7DD80D,artisanal,surface,other,32,8.7,contractor,welder,female,2021-04-05,tuesday,11.97,morning,2.6,hand_tools,operating_equipment,other,abrasion,torso,temporary_disability,none
2004,INC-F537EEB7,formal_large,underground,south_africa,50,20.5,operator,laborer,male,2021-02-05,thursday,3.35,night,0.6,none,other,other,laceration,hand_finger,permanent_disability,full
2005,INC-2E7311B2,artisanal,surface,ghana,26,6.1,contractor,welder,male,2022-05-19,tuesday,11.86,morning,5.7,light_vehicle,other,pit_collapse,contusion,hand_finger,temporary_disability,none
2006,INC-C8579900,formal_small,underground,south_africa,43,20.9,operator,mechanic_repairman,male,2023-04-23,thursday,14.54,evening,2.0,drill_rig,drilling,fall_from_height,laceration,hand_finger,days_away,none
2007,INC-14063A78,formal_large,surface,other,57,18.6,contractor,supervisor,male,2021-03-31,friday,12.53,morning,8.0,mobile_equipment,operating_equipment,hit_by_moving,fracture,hand_finger,first_aid,full
2008,INC-61BE2B70,formal_large,surface,drc,47,12.5,contractor,mechanic_repairman,male,2021-01-22,tuesday,14.09,evening,1.0,light_vehicle,other,trapped_between,multiple,multiple,fatality,full
2009,INC-21D2A002,artisanal,surface,zimbabwe,24,8.0,operator,mechanic_repairman,male,2023-08-31,monday,12.45,morning,0.5,mobile_equipment,operating_equipment,falling,abrasion,head_face,days_away,none
2010,INC-8F3FD8E4,formal_large,surface,other,40,20.5,contractor,mechanic_repairman,male,2022-07-02,friday,13.96,morning,6.0,components_parts,lifting_lowering,vehicle_motion,burns,hand_finger,first_aid,full
2011,INC-FDFD27F2,formal_large,underground,south_africa,31,13.0,operator,blaster,male,2021-07-14,wednesday,12.31,morning,0.4,none,walking,fall_from_height,laceration,upper_extremity,days_away,full
2012,INC-D2EDA105,formal_large,surface,other,56,11.8,operator,other,male,2024-03-26,wednesday,16.51,evening,7.9,mobile_equipment,other,other,burns,multiple,days_away,partial
2013,INC-72C7D3B6,formal_small,underground,south_africa,50,8.9,operator,blaster,male,2024-12-15,thursday,22.57,night,6.2,rock_drill,barring_scaling,other,laceration,upper_extremity,fatality,full
2014,INC-C70C23DB,formal_small,surface,ghana,60,28.4,operator,other,male,2024-03-28,saturday,13.33,morning,7.0,hand_tools,other,trapped_between,fracture,head_face,days_away,full
2015,INC-069A35E8,formal_small,underground,south_africa,63,14.9,contractor,driller,male,2021-05-19,wednesday,14.52,evening,7.9,drill_rig,walking,hit_by_moving,fracture,foot_lower_leg,permanent_disability,full
2016,INC-95F28273,formal_large,surface,other,30,12.0,operator,laborer,male,2024-11-17,thursday,10.81,morning,9.1,mobile_equipment,operating_equipment,other,multiple,hand_finger,permanent_disability,full
2017,INC-01BA38D2,formal_large,surface,other,30,12.0,operator,welder,male,2021-10-22,monday,12.06,morning,2.5,light_vehicle,lifting_lowering,other,amputation,upper_extremity,days_away,full
2018,INC-766C9133,artisanal,surface,ethiopia,32,10.8,contractor,mechanic_repairman,male,2020-05-24,tuesday,12.25,morning,6.9,components_parts,other,other,other,upper_extremity,temporary_disability,none
2019,INC-96F9633E,formal_small,surface,south_africa,18,0.0,operator,supervisor,male,2022-09-10,saturday,11.57,morning,9.1,mobile_equipment,maintenance_repair,other,multiple,multiple,restricted_work,full
2020,INC-D49CF193,artisanal,underground,ghana,24,3.4,operator,driller,female,2024-10-10,thursday,11.6,morning,6.9,rock_drill,other,other,fracture,torso,days_away,none
2021,INC-4EB6E14B,formal_large,underground,ghana,51,21.4,contractor,supervisor,male,2020-01-07,thursday,22.92,night,8.6,rock_drill,other,fall_from_height,laceration,foot_lower_leg,fatality,full
2022,INC-A78AFEE6,formal_large,surface,ghana,49,17.2,operator,mechanic_repairman,male,2020-01-15,monday,12.13,morning,4.5,components_parts,other,other,burns,upper_extremity,temporary_disability,full
2023,INC-942F47B7,formal_large,surface,south_africa,43,18.0,contractor,truck_operator,male,2020-01-08,wednesday,12.01,morning,4.8,light_vehicle,other,other,laceration,hand_finger,days_away,full
2024,INC-C25C027B,formal_small,surface,tanzania,31,13.0,operator,other,male,2024-03-14,wednesday,11.03,morning,7.1,light_vehicle,other,vehicle_motion,multiple,foot_lower_leg,days_away,full
2025,INC-7D545037,formal_small,surface,ethiopia,42,19.6,operator,truck_operator,male,2021-03-02,sunday,11.75,morning,11.7,mobile_equipment,operating_equipment,struck_by_object,laceration,hand_finger,temporary_disability,none
2026,INC-964C0F29,artisanal,surface,other,36,5.3,operator,other,male,2022-06-23,sunday,11.96,morning,8.1,mobile_equipment,lifting_lowering,other,abrasion,foot_lower_leg,restricted_work,none
2027,INC-BF571059,formal_small,surface,zimbabwe,44,16.3,operator,supervisor,male,2020-05-29,friday,10.62,morning,0.8,mobile_equipment,directing_equipment,trapped_between,fracture,hand_finger,days_away,full
2028,INC-7E4157E4,formal_small,surface,ghana,50,10.5,operator,other,male,2024-09-19,tuesday,10.78,morning,10.2,haul_truck,operating_equipment,other,fracture,multiple,temporary_disability,full
2029,INC-3373D823,formal_small,underground,zimbabwe,45,20.8,operator,driller,male,2023-10-19,friday,10.05,morning,1.2,earth_moving,other,other,multiple,torso,temporary_disability,full
2030,INC-9F713DCB,formal_large,surface,south_africa,49,27.8,operator,laborer,male,2022-11-06,tuesday,12.03,morning,0.8,components_parts,other,struck_by_object,burns,hand_finger,temporary_disability,partial
2031,INC-4392D7B5,formal_small,surface,ethiopia,41,16.5,contractor,truck_operator,male,2024-05-10,monday,12.29,morning,7.9,haul_truck,maintenance_repair,trapped_between,laceration,multiple,temporary_disability,full
2032,INC-40357323,formal_large,surface,drc,54,27.7,operator,laborer,male,2021-01-07,monday,9.16,morning,5.7,mobile_equipment,lifting_lowering,struck_by_object,laceration,torso,days_away,none
2033,INC-596E53CC,formal_small,surface,south_africa,49,21.0,operator,other,male,2022-01-24,sunday,14.61,evening,0.5,haul_truck,maintenance_repair,trapped_between,laceration,multiple,days_away,full
2034,INC-9F261F00,formal_large,surface,ghana,31,13.0,operator,supervisor,male,2024-11-06,friday,13.01,morning,9.7,haul_truck,cleaning_clearing,struck_by_object,fracture,hand_finger,fatality,full
2035,INC-BA12CE7C,artisanal,surface,other,34,12.1,operator,other,male,2022-08-01,tuesday,10.87,morning,0.0,hand_tools,other,other,abrasion,foot_lower_leg,temporary_disability,none
2036,INC-0A15B745,artisanal,surface,zimbabwe,25,6.9,operator,other,male,2021-07-09,friday,10.33,morning,1.9,mobile_equipment,cleaning_clearing,struck_by_object,abrasion,head_face,temporary_disability,none
2037,INC-F972B2CE,formal_large,underground,zimbabwe,56,22.2,operator,driller,male,2023-01-23,tuesday,10.33,morning,7.0,rock_drill,other,other,multiple,multiple,days_away,partial
2038,INC-ED9C3D25,artisanal,underground,tanzania,32,4.3,operator,driller,male,2024-09-04,tuesday,18.0,evening,4.0,none,other,hit_by_moving,abrasion,hand_finger,temporary_disability,none
2039,INC-FA8CE021,artisanal,underground,ethiopia,25,6.7,contractor,other,male,2020-06-22,thursday,15.51,evening,3.1,none,barring_scaling,other,fracture,head_face,temporary_disability,none
2040,INC-B7692DB2,formal_large,surface,south_africa,54,9.0,operator,laborer,male,2024-12-21,monday,12.79,morning,9.6,light_vehicle,other,other,laceration,head_face,temporary_disability,full
2041,INC-59406402,artisanal,surface,drc,19,2.2,operator,other,male,2022-05-07,thursday,12.45,morning,0.3,haul_truck,other,pit_collapse,contusion,hand_finger,fatality,full
2042,INC-4A8CD968,artisanal,surface,other,26,10.0,operator,truck_operator,female,2020-06-11,tuesday,10.21,morning,4.5,mobile_equipment,other,struck_by_object,abrasion,hand_finger,first_aid,none
2043,INC-146C05DD,artisanal,surface,south_africa,30,7.8,operator,other,male,2024-10-17,thursday,12.53,morning,8.6,light_vehicle,other,falling,abrasion,hand_finger,first_aid,none
2044,INC-7D95BEB4,artisanal,underground,south_africa,34,4.9,operator,driller,male,2022-11-07,thursday,10.01,morning,11.2,none,drilling,other,abrasion,head_face,days_away,none
2045,INC-B4C79F3E,formal_large,underground,tanzania,47,15.0,operator,other,male,2021-01-14,thursday,12.41,morning,4.3,earth_moving,other,other,laceration,head_face,fatality,full
2046,INC-6A9850B6,formal_small,surface,ethiopia,45,15.3,operator,other,male,2020-11-30,tuesday,12.93,morning,0.7,none,other,other,contusion,upper_extremity,fatality,full
2047,INC-1C53CF12,formal_small,surface,ghana,58,16.9,contractor,mechanic_repairman,male,2020-06-02,monday,12.11,morning,3.6,haul_truck,operating_equipment,vehicle_motion,contusion,hand_finger,restricted_work,full
2048,INC-2B50BBB3,formal_large,surface,zimbabwe,27,9.0,operator,excavator_operator,male,2022-08-24,sunday,13.83,morning,4.4,mobile_equipment,other,struck_by_object,laceration,multiple,days_away,full
2049,INC-0C4A4301,formal_large,surface,tanzania,54,19.1,contractor,welder,female,2021-05-27,sunday,13.87,morning,9.3,mobile_equipment,operating_equipment,hit_by_moving,multiple,torso,temporary_disability,full
2050,INC-9A4F0CA6,artisanal,underground,zimbabwe,31,2.1,operator,mechanic_repairman,male,2021-08-02,thursday,12.05,morning,3.7,none,other,fall_from_height,abrasion,hand_finger,days_away,none
2051,INC-450AF732,formal_large,surface,south_africa,38,8.3,operator,supervisor,male,2022-09-27,thursday,8.26,morning,10.7,mobile_equipment,other,struck_by_object,multiple,hand_finger,restricted_work,full
2052,INC-E2D9B15D,formal_small,surface,south_africa,53,13.2,operator,mechanic_repairman,male,2024-10-16,friday,10.59,morning,9.3,mobile_equipment,cleaning_clearing,other,laceration,multiple,permanent_disability,full
2053,INC-11A01C38,artisanal,surface,ghana,37,21.0,contractor,excavator_operator,male,2024-05-04,tuesday,13.71,morning,11.6,light_vehicle,maintenance_repair,struck_by_object,abrasion,hand_finger,days_away,none
2054,INC-7786BBE3,formal_large,surface,other,44,18.0,operator,welder,male,2020-07-10,thursday,16.75,evening,3.8,mobile_equipment,other,struck_by_object,multiple,hand_finger,days_away,full
2055,INC-07F0BD0A,formal_small,surface,ethiopia,31,13.0,operator,truck_operator,male,2021-10-09,tuesday,7.26,morning,2.5,hand_tools,other,vehicle_motion,burns,upper_extremity,first_aid,full
2056,INC-8B57CF07,artisanal,underground,ghana,23,1.9,operator,driller,female,2021-02-07,wednesday,13.15,morning,4.2,none,charging_up,fall_from_height,laceration,hand_finger,days_away,none
2057,INC-A0F622B9,formal_small,surface,other,38,3.4,contractor,other,male,2021-09-21,monday,10.87,morning,4.1,mobile_equipment,other,trapped_between,contusion,torso,days_away,full
2058,INC-47135144,formal_large,surface,ghana,52,23.2,operator,excavator_operator,male,2024-07-05,thursday,16.59,evening,8.9,mobile_equipment,other,other,fracture,hand_finger,first_aid,full
2059,INC-8A22E467,formal_large,surface,zimbabwe,41,23.0,operator,welder,male,2021-09-18,friday,11.42,morning,11.3,haul_truck,other,other,laceration,foot_lower_leg,fatality,full
2060,INC-48DA367C,artisanal,surface,south_africa,28,10.0,contractor,other,female,2023-03-27,friday,12.5,morning,0.1,components_parts,other,falling,contusion,torso,days_away,none
2061,INC-6E9D9DF9,formal_large,surface,tanzania,37,10.2,contractor,mechanic_repairman,female,2024-03-15,thursday,14.9,evening,11.0,mobile_equipment,directing_equipment,vehicle_motion,amputation,multiple,fatality,full
2062,INC-8CBF0D97,formal_small,surface,tanzania,37,19.0,operator,truck_operator,male,2021-05-13,thursday,10.05,morning,11.5,mobile_equipment,maintenance_repair,trapped_between,amputation,upper_extremity,temporary_disability,full
2063,INC-6CAC08F1,formal_large,surface,drc,49,16.4,operator,truck_operator,female,2022-05-06,friday,10.53,morning,6.7,mobile_equipment,other,other,laceration,upper_extremity,days_away,full
2064,INC-6074C4CA,formal_small,surface,ghana,59,11.3,operator,other,male,2024-01-24,sunday,12.77,morning,5.8,mobile_equipment,lifting_lowering,struck_by_object,laceration,hand_finger,first_aid,full
2065,INC-DD33C554,artisanal,underground,ghana,42,6.1,contractor,driller,female,2021-08-28,thursday,13.21,morning,11.9,earth_moving,other,hit_by_moving,abrasion,head_face,days_away,none
2066,INC-8119B139,formal_small,underground,south_africa,22,4.0,operator,driller,male,2023-05-05,thursday,5.38,night,10.3,components_parts,other,fall_from_height,laceration,head_face,days_away,partial
2067,INC-2E2D96AC,artisanal,underground,other,18,2.0,operator,supervisor,male,2020-11-19,thursday,10.24,morning,10.9,rock_drill,other,fall_from_height,abrasion,multiple,temporary_disability,none
2068,INC-CCFB6801,formal_large,surface,south_africa,65,23.0,operator,other,male,2024-08-04,tuesday,9.83,morning,6.2,haul_truck,lifting_lowering,vehicle_motion,burns,hand_finger,first_aid,full
2069,INC-7BB22CC4,formal_small,underground,ethiopia,44,13.7,contractor,driller,male,2020-08-17,thursday,1.75,night,5.4,rock_drill,other,struck_by_rock,laceration,head_face,fatality,full
2070,INC-36C18636,artisanal,surface,tanzania,27,7.3,operator,laborer,male,2023-06-12,thursday,12.17,morning,10.3,haul_truck,other,other,abrasion,hand_finger,days_away,none
2071,INC-575E583D,formal_small,surface,south_africa,48,20.6,operator,truck_operator,female,2024-11-13,sunday,12.0,morning,0.5,mobile_equipment,other,struck_by_object,fracture,multiple,first_aid,full
2072,INC-DCB57D11,formal_large,surface,ghana,38,9.7,contractor,welder,female,2020-09-17,friday,14.35,evening,11.6,mobile_equipment,operating_equipment,struck_by_object,contusion,foot_lower_leg,fatality,full
2073,INC-CBBAC98A,artisanal,surface,south_africa,23,5.1,contractor,excavator_operator,female,2022-06-07,friday,12.45,morning,0.9,mobile_equipment,operating_equipment,struck_by_object,other,hand_finger,fatality,none
2074,INC-8F5826C0,formal_small,underground,ethiopia,42,15.4,contractor,other,male,2024-09-28,thursday,14.67,evening,5.6,none,other,fall_from_height,laceration,multiple,fatality,full
2075,INC-C561C7D8,formal_small,surface,other,44,22.2,operator,excavator_operator,male,2020-05-11,thursday,11.78,morning,4.6,hand_tools,operating_equipment,struck_by_object,laceration,upper_extremity,restricted_work,partial
2076,INC-E2D4DDC3,artisanal,surface,ghana,29,7.6,operator,truck_operator,male,2021-07-14,sunday,16.3,evening,1.4,components_parts,other,falling,fracture,hand_finger,permanent_disability,none
2077,INC-B545DD69,formal_large,underground,other,33,15.0,operator,supervisor,male,2024-07-13,thursday,22.47,night,6.6,none,other,fall_from_height,laceration,multiple,days_away,full
2078,INC-78577289,formal_large,surface,south_africa,35,17.0,operator,mechanic_repairman,male,2020-08-31,saturday,11.49,morning,1.4,haul_truck,cleaning_clearing,struck_by_object,fracture,upper_extremity,permanent_disability,full
2079,INC-AD7C825B,formal_large,underground,ghana,54,30.3,operator,blaster,male,2024-10-08,friday,13.87,morning,0.7,earth_moving,other,other,laceration,torso,days_away,full
2080,INC-54FC5633,formal_small,underground,other,28,10.0,operator,blaster,male,2023-09-24,thursday,11.13,morning,0.7,rock_drill,drilling,other,contusion,hand_finger,days_away,full
2081,INC-9D678B21,formal_large,underground,other,47,20.7,operator,laborer,male,2021-03-09,saturday,14.67,evening,3.8,none,other,hit_by_moving,contusion,upper_extremity,fatality,none
2082,INC-18FFADB9,artisanal,underground,ghana,27,8.5,operator,other,male,2021-01-13,saturday,21.41,evening,4.5,none,charging_up,fall_from_height,abrasion,hand_finger,days_away,none
2083,INC-A9D2D4D4,formal_large,surface,tanzania,39,9.5,operator,other,male,2021-07-31,thursday,11.51,morning,7.5,components_parts,directing_equipment,fall_slip,fracture,multiple,first_aid,partial
2084,INC-59E5A871,artisanal,surface,other,35,11.6,contractor,laborer,male,2022-08-25,monday,14.32,evening,0.4,haul_truck,lifting_lowering,pit_collapse,abrasion,hand_finger,permanent_disability,none
2085,INC-F9A99702,formal_large,underground,drc,33,13.4,operator,blaster,male,2024-10-19,wednesday,11.42,morning,0.1,drill_rig,other,falling_object,fracture,upper_extremity,permanent_disability,full
2086,INC-6A7FB207,formal_small,underground,ethiopia,61,31.8,operator,supervisor,male,2023-12-18,saturday,11.72,morning,5.1,earth_moving,other,other,laceration,head_face,fatality,full
2087,INC-75AF5801,formal_large,surface,south_africa,33,12.5,operator,mechanic_repairman,female,2020-01-29,friday,11.44,morning,0.1,mobile_equipment,other,other,multiple,multiple,permanent_disability,none
2088,INC-F9D0CAD5,artisanal,surface,south_africa,32,10.8,operator,other,male,2022-12-11,tuesday,9.64,morning,5.0,mobile_equipment,directing_equipment,struck_by_object,abrasion,hand_finger,temporary_disability,none
2089,INC-763788CA,formal_small,surface,ethiopia,32,2.8,operator,welder,male,2021-08-15,tuesday,12.31,morning,4.8,mobile_equipment,other,other,burns,hand_finger,days_away,partial
2090,INC-67879011,formal_small,surface,zimbabwe,41,15.7,contractor,laborer,male,2022-08-25,thursday,7.9,morning,10.5,haul_truck,directing_equipment,other,amputation,head_face,restricted_work,full
2091,INC-AF1A2473,artisanal,surface,south_africa,21,3.5,operator,mechanic_repairman,male,2022-02-24,thursday,11.44,morning,2.2,mobile_equipment,lifting_lowering,other,contusion,multiple,days_away,none
2092,INC-AE96918F,formal_small,underground,ghana,35,17.0,contractor,other,male,2022-12-11,thursday,18.0,evening,0.9,drill_rig,walking,hit_by_moving,contusion,head_face,fatality,full
2093,INC-8C45E46F,formal_large,underground,ghana,43,13.2,operator,other,female,2023-11-07,sunday,23.03,night,1.9,none,drilling,falling_object,contusion,multiple,permanent_disability,full
2094,INC-BF22C262,artisanal,surface,zimbabwe,26,4.0,operator,other,female,2021-03-10,saturday,13.49,morning,11.4,components_parts,maintenance_repair,other,other,hand_finger,days_away,none
2095,INC-8291B516,formal_large,surface,ghana,44,26.0,contractor,mechanic_repairman,male,2021-11-02,monday,11.48,morning,4.4,haul_truck,cleaning_clearing,other,fracture,hand_finger,first_aid,full
2096,INC-9B4926B3,formal_large,surface,ghana,45,27.0,operator,other,male,2020-03-25,wednesday,14.58,evening,5.0,haul_truck,operating_equipment,trapped_between,laceration,head_face,fatality,none
2097,INC-828049FE,formal_small,surface,south_africa,41,20.5,operator,laborer,male,2021-09-09,friday,11.02,morning,8.0,mobile_equipment,directing_equipment,vehicle_motion,amputation,hand_finger,fatality,partial
2098,INC-FDF0033E,formal_large,surface,other,36,18.0,operator,truck_operator,female,2024-12-10,friday,12.46,morning,4.1,hand_tools,operating_equipment,vehicle_motion,multiple,multiple,fatality,none
2099,INC-633BF063,formal_large,surface,ethiopia,49,31.0,operator,mechanic_repairman,female,2023-08-24,wednesday,9.74,morning,9.1,mobile_equipment,operating_equipment,other,amputation,multiple,days_away,full
2100,INC-7133127C,artisanal,surface,south_africa,30,14.0,operator,other,female,2023-05-19,tuesday,14.91,evening,1.9,mobile_equipment,other,other,abrasion,head_face,restricted_work,none
2101,INC-91FA6951,formal_large,surface,ghana,41,23.0,operator,mechanic_repairman,male,2024-03-30,wednesday,14.11,evening,6.0,light_vehicle,operating_equipment,fall_slip,contusion,upper_extremity,days_away,full
2102,INC-CE1C28C6,artisanal,surface,ghana,35,5.6,operator,mechanic_repairman,female,2022-11-05,saturday,14.25,evening,8.2,haul_truck,other,pit_collapse,contusion,foot_lower_leg,days_away,none
2103,INC-D3D1A671,artisanal,surface,ethiopia,47,9.6,operator,laborer,male,2020-06-19,wednesday,16.0,evening,3.6,mobile_equipment,other,struck_by_object,contusion,hand_finger,fatality,none
2104,INC-A0986504,artisanal,surface,ethiopia,35,15.9,operator,mechanic_repairman,male,2023-04-16,thursday,10.06,morning,0.6,mobile_equipment,operating_equipment,struck_by_object,fracture,torso,permanent_disability,none
2105,INC-F4458E25,artisanal,surface,ethiopia,23,7.0,operator,excavator_operator,male,2020-09-17,sunday,12.86,morning,1.2,components_parts,cleaning_clearing,pit_collapse,fracture,upper_extremity,temporary_disability,none
2106,INC-7D1D7870,artisanal,surface,tanzania,30,3.3,operator,excavator_operator,male,2020-12-22,monday,11.77,morning,8.4,mobile_equipment,other,falling,other,hand_finger,days_away,none
2107,INC-040C161C,artisanal,surface,south_africa,32,3.4,operator,mechanic_repairman,male,2023-04-19,saturday,9.48,morning,10.6,light_vehicle,cleaning_clearing,struck_by_object,fracture,hand_finger,days_away,none
2108,INC-E651F68F,formal_large,surface,ghana,38,20.0,operator,truck_operator,male,2024-08-14,friday,14.33,evening,5.4,mobile_equipment,maintenance_repair,other,multiple,upper_extremity,fatality,partial
2109,INC-EE134E5E,formal_large,surface,south_africa,57,20.9,operator,mechanic_repairman,male,2021-07-27,thursday,14.22,evening,11.3,mobile_equipment,lifting_lowering,struck_by_object,laceration,hand_finger,temporary_disability,none
2110,INC-E62D3047,formal_small,underground,zimbabwe,41,17.4,operator,laborer,male,2021-07-02,saturday,13.78,morning,2.7,earth_moving,other,struck_by_rock,multiple,upper_extremity,permanent_disability,none
2111,INC-23CCD50D,formal_small,surface,ghana,53,24.1,operator,other,male,2023-05-05,sunday,11.82,morning,7.1,components_parts,lifting_lowering,other,fracture,multiple,first_aid,full
2112,INC-4D3F87B9,formal_large,surface,tanzania,54,5.5,operator,mechanic_repairman,male,2021-07-25,monday,13.36,morning,6.5,mobile_equipment,operating_equipment,trapped_between,burns,multiple,days_away,full
2113,INC-A99AB9BB,artisanal,surface,south_africa,27,6.1,operator,laborer,male,2020-11-13,saturday,12.12,morning,2.1,mobile_equipment,maintenance_repair,other,fracture,hand_finger,restricted_work,none
2114,INC-C6EEDD71,formal_large,underground,ethiopia,55,37.0,operator,other,male,2021-02-24,thursday,21.62,evening,4.1,components_parts,other,other,fracture,multiple,fatality,full
2115,INC-5B3F8D03,artisanal,underground,ghana,34,6.1,contractor,supervisor,male,2024-01-08,wednesday,1.22,night,4.3,rock_drill,other,struck_by_rock,fracture,multiple,days_away,none
2116,INC-75ABC81A,formal_large,surface,ghana,49,31.0,contractor,laborer,male,2023-01-24,tuesday,9.91,morning,6.6,mobile_equipment,cleaning_clearing,fall_slip,burns,foot_lower_leg,first_aid,partial
2117,INC-FB1B93E0,formal_large,surface,tanzania,42,5.2,operator,supervisor,male,2021-08-09,wednesday,9.39,morning,9.0,hand_tools,other,other,laceration,foot_lower_leg,fatality,partial
2118,INC-0441F839,formal_large,surface,south_africa,42,24.0,operator,truck_operator,female,2024-12-24,monday,12.8,morning,2.3,haul_truck,other,struck_by_object,multiple,hand_finger,days_away,partial
2119,INC-0FE07216,formal_large,surface,ghana,40,22.0,contractor,mechanic_repairman,female,2021-09-03,thursday,12.42,morning,1.9,haul_truck,other,struck_by_object,laceration,foot_lower_leg,first_aid,full
2120,INC-4391E4B1,formal_large,surface,ghana,22,4.0,operator,excavator_operator,female,2023-06-07,tuesday,13.6,morning,10.4,mobile_equipment,cleaning_clearing,other,laceration,multiple,temporary_disability,full
2121,INC-DC0A0874,formal_large,surface,tanzania,49,17.0,operator,laborer,male,2020-11-22,wednesday,11.2,morning,6.8,components_parts,maintenance_repair,struck_by_object,laceration,multiple,temporary_disability,partial
2122,INC-C8B83F9E,formal_large,underground,south_africa,45,15.1,operator,mechanic_repairman,male,2024-09-11,thursday,13.48,morning,6.6,earth_moving,drilling,falling_object,fracture,hand_finger,days_away,partial
2123,INC-805D19C7,formal_large,underground,other,50,13.6,operator,supervisor,male,2021-01-20,wednesday,19.11,evening,6.6,earth_moving,other,fall_from_height,laceration,hand_finger,days_away,full
2124,INC-36D13413,formal_small,surface,other,41,21.4,operator,supervisor,female,2022-02-25,monday,10.28,morning,10.1,mobile_equipment,other,struck_by_object,laceration,hand_finger,permanent_disability,partial
2125,INC-741427B3,formal_small,underground,drc,49,31.0,contractor,mechanic_repairman,male,2022-12-28,thursday,11.04,morning,3.3,drill_rig,other,hit_by_moving,laceration,upper_extremity,days_away,full
2126,INC-F52FAF1C,formal_large,surface,ghana,29,5.9,operator,mechanic_repairman,male,2022-08-09,wednesday,10.96,morning,0.5,mobile_equipment,other,other,laceration,multiple,days_away,partial
2127,INC-E4E93676,formal_large,surface,tanzania,31,10.7,contractor,supervisor,male,2022-11-28,tuesday,10.98,morning,7.3,mobile_equipment,maintenance_repair,vehicle_motion,burns,multiple,first_aid,partial
2128,INC-DEFF6859,formal_large,underground,south_africa,19,1.0,operator,other,male,2023-11-14,thursday,9.92,morning,3.8,none,charging_up,struck_by_rock,laceration,head_face,temporary_disability,none
2129,INC-C85E8DBF,formal_large,surface,other,41,7.6,contractor,mechanic_repairman,male,2024-02-14,friday,12.41,morning,10.6,none,cleaning_clearing,other,amputation,hand_finger,first_aid,full
2130,INC-7848E748,formal_large,surface,zimbabwe,35,17.0,contractor,excavator_operator,male,2021-09-11,friday,11.89,morning,0.7,mobile_equipment,directing_equipment,other,amputation,hand_finger,fatality,partial
2131,INC-05720499,artisanal,surface,south_africa,18,2.0,operator,excavator_operator,male,2023-02-24,friday,9.67,morning,5.5,mobile_equipment,directing_equipment,pit_collapse,contusion,upper_extremity,fatality,none
2132,INC-A6575051,artisanal,surface,ghana,34,3.9,operator,mechanic_repairman,female,2022-11-05,friday,13.24,morning,5.3,components_parts,other,struck_by_object,abrasion,multiple,fatality,none
2133,INC-12C51087,artisanal,surface,drc,27,10.9,operator,other,female,2022-02-20,monday,14.62,evening,0.7,haul_truck,other,falling,contusion,upper_extremity,first_aid,none
2134,INC-0451C544,formal_small,surface,other,34,16.0,operator,laborer,male,2022-07-13,tuesday,14.61,evening,0.9,components_parts,maintenance_repair,struck_by_object,fracture,multiple,temporary_disability,full
2135,INC-4207ECFC,formal_small,surface,zimbabwe,46,28.0,operator,mechanic_repairman,male,2024-01-07,friday,13.7,morning,3.0,components_parts,other,struck_by_object,amputation,multiple,first_aid,full
2136,INC-8B42F918,formal_large,surface,zimbabwe,38,4.6,operator,mechanic_repairman,male,2023-05-25,thursday,17.29,evening,7.3,mobile_equipment,operating_equipment,struck_by_object,laceration,multiple,fatality,full
2137,INC-F8A95A50,artisanal,surface,drc,30,14.0,contractor,supervisor,male,2020-01-31,friday,11.49,morning,2.4,mobile_equipment,directing_equipment,falling,other,hand_finger,days_away,none
2138,INC-7E7C5F63,artisanal,underground,drc,41,5.7,operator,supervisor,male,2020-04-27,thursday,22.1,night,8.9,drill_rig,charging_up,falling_object,laceration,multiple,days_away,none
2139,INC-DEDAC372,artisanal,surface,drc,21,0.3,operator,other,male,2023-07-05,monday,13.76,morning,5.3,none,directing_equipment,pit_collapse,abrasion,upper_extremity,fatality,none
2140,INC-34A2C068,artisanal,surface,ghana,32,10.3,operator,mechanic_repairman,male,2022-08-28,wednesday,10.49,morning,0.4,hand_tools,other,other,contusion,hand_finger,days_away,none
2141,INC-4DA78626,formal_small,underground,ethiopia,29,11.0,operator,mechanic_repairman,female,2022-09-18,wednesday,21.77,evening,3.5,none,drilling,other,contusion,multiple,days_away,none
2142,INC-F2FE6377,artisanal,underground,other,36,1.7,contractor,laborer,male,2024-03-25,friday,10.29,morning,4.0,none,other,fall_from_height,other,hand_finger,days_away,none
2143,INC-0F44CB14,artisanal,surface,south_africa,31,2.3,operator,truck_operator,male,2021-02-07,thursday,12.54,morning,8.9,mobile_equipment,operating_equipment,pit_collapse,fracture,hand_finger,first_aid,none
2144,INC-9121D54B,formal_large,underground,ghana,65,32.4,operator,driller,male,2021-04-10,thursday,22.31,night,11.1,earth_moving,other,other,laceration,foot_lower_leg,days_away,full
2145,INC-1DD10357,artisanal,underground,south_africa,19,3.0,contractor,mechanic_repairman,male,2023-03-10,thursday,10.45,morning,7.8,rock_drill,other,struck_by_rock,contusion,upper_extremity,days_away,none
2146,INC-0E9A0F85,formal_large,surface,ghana,42,24.0,operator,laborer,male,2023-11-27,friday,10.99,morning,6.9,mobile_equipment,maintenance_repair,hit_by_moving,multiple,hand_finger,temporary_disability,full
2147,INC-344B1BD9,artisanal,underground,drc,40,16.5,contractor,laborer,male,2024-12-06,friday,18.6,evening,6.8,drill_rig,charging_up,fall_from_height,contusion,head_face,days_away,none
2148,INC-29909888,artisanal,underground,south_africa,29,12.0,operator,driller,male,2024-08-23,friday,14.18,evening,7.6,components_parts,walking,fall_from_height,abrasion,hand_finger,temporary_disability,none
2149,INC-A6CA2296,formal_large,surface,zimbabwe,32,14.0,operator,welder,male,2021-09-24,sunday,15.51,evening,8.2,mobile_equipment,other,struck_by_object,multiple,multiple,fatality,full
2150,INC-8E502071,artisanal,surface,south_africa,27,11.0,operator,truck_operator,male,2020-11-20,friday,10.01,morning,2.0,haul_truck,maintenance_repair,struck_by_object,abrasion,multiple,fatality,none
2151,INC-94679B6A,formal_large,underground,other,36,17.3,contractor,driller,male,2023-03-11,thursday,13.76,morning,10.8,none,charging_up,falling_object,other,upper_extremity,temporary_disability,full
2152,INC-552A72AA,artisanal,underground,drc,28,6.6,operator,driller,male,2020-12-08,wednesday,4.31,night,0.1,none,drilling,other,other,multiple,days_away,none
2153,INC-A8B16E0A,artisanal,surface,zimbabwe,28,2.7,contractor,welder,male,2022-03-13,friday,12.88,morning,2.0,mobile_equipment,operating_equipment,pit_collapse,abrasion,torso,days_away,none
2154,INC-704EEC44,artisanal,underground,tanzania,22,6.0,contractor,driller,male,2021-07-04,wednesday,13.89,morning,8.3,earth_moving,drilling,other,laceration,multiple,days_away,none
2155,INC-2FB3BA8B,artisanal,underground,south_africa,31,2.8,contractor,blaster,male,2021-12-17,thursday,14.15,evening,7.1,none,other,hit_by_moving,other,torso,days_away,none
2156,INC-BD750276,formal_large,underground,drc,41,22.5,contractor,laborer,male,2024-06-05,wednesday,8.85,morning,2.3,none,other,other,multiple,head_face,days_away,full
2157,INC-32FD4EA7,formal_large,underground,tanzania,41,21.1,contractor,supervisor,male,2021-07-14,friday,11.93,morning,0.8,earth_moving,charging_up,fall_from_height,fracture,head_face,days_away,none
2158,INC-7425014B,formal_small,surface,south_africa,55,13.3,contractor,welder,male,2024-04-05,friday,12.5,morning,0.1,mobile_equipment,maintenance_repair,other,fracture,multiple,temporary_disability,full
2159,INC-2DA2A08D,formal_large,surface,other,42,4.9,operator,mechanic_repairman,male,2021-02-22,sunday,12.23,morning,1.9,mobile_equipment,lifting_lowering,other,laceration,hand_finger,restricted_work,partial
2160,INC-6E142E49,formal_small,surface,south_africa,60,14.3,contractor,truck_operator,male,2021-06-29,saturday,12.14,morning,8.4,mobile_equipment,directing_equipment,vehicle_motion,fracture,multiple,first_aid,full
2161,INC-E7F5E6D1,formal_large,surface,ethiopia,38,20.0,contractor,mechanic_repairman,male,2021-03-06,wednesday,11.24,morning,4.2,none,lifting_lowering,hit_by_moving,laceration,hand_finger,restricted_work,partial
2162,INC-A6D0E7CF,formal_small,surface,south_africa,47,5.4,operator,mechanic_repairman,male,2023-09-28,tuesday,13.17,morning,5.8,components_parts,maintenance_repair,vehicle_motion,contusion,head_face,days_away,full
2163,INC-C6E6FF6F,formal_small,underground,tanzania,52,21.0,operator,mechanic_repairman,male,2023-11-14,wednesday,2.67,night,9.0,drill_rig,charging_up,other,laceration,head_face,days_away,partial
2164,INC-82DF0F40,artisanal,underground,south_africa,26,9.5,operator,driller,male,2020-03-04,wednesday,4.38,night,3.5,none,other,fall_from_height,laceration,upper_extremity,days_away,none
2165,INC-9C3BD4B9,formal_large,surface,south_africa,54,36.0,contractor,other,male,2021-08-14,sunday,11.45,morning,1.0,haul_truck,other,other,amputation,hand_finger,days_away,full
2166,INC-F1A78425,artisanal,underground,zimbabwe,35,8.3,contractor,other,male,2024-09-07,thursday,1.04,night,5.5,drill_rig,drilling,other,laceration,multiple,temporary_disability,none
2167,INC-AB43D80D,formal_small,surface,other,55,28.8,operator,mechanic_repairman,female,2022-08-25,friday,9.93,morning,5.7,mobile_equipment,maintenance_repair,struck_by_object,laceration,foot_lower_leg,temporary_disability,partial
2168,INC-EBC91E39,formal_large,surface,ghana,40,22.0,contractor,mechanic_repairman,male,2020-11-20,thursday,10.27,morning,1.5,none,other,struck_by_object,contusion,head_face,fatality,full
2169,INC-7902C5FE,formal_small,surface,ethiopia,42,24.0,operator,other,female,2021-01-24,friday,11.63,morning,5.1,components_parts,cleaning_clearing,hit_by_moving,amputation,upper_extremity,days_away,full
2170,INC-E99978DC,formal_small,surface,zimbabwe,19,1.0,operator,other,male,2022-04-29,wednesday,10.38,morning,4.9,haul_truck,directing_equipment,fall_slip,laceration,upper_extremity,days_away,full
2171,INC-22389141,formal_large,surface,drc,41,23.0,contractor,other,male,2021-01-22,saturday,15.23,evening,3.6,mobile_equipment,other,other,multiple,multiple,days_away,full
2172,INC-AE7E5BC2,formal_small,underground,ghana,53,35.0,contractor,supervisor,male,2022-03-07,thursday,3.48,night,6.2,none,charging_up,hit_by_moving,fracture,hand_finger,days_away,full
2173,INC-AB36EE0E,formal_large,surface,ethiopia,51,9.1,operator,mechanic_repairman,male,2022-12-08,thursday,12.19,morning,7.0,mobile_equipment,lifting_lowering,other,laceration,upper_extremity,days_away,full
2174,INC-C89F50E3,formal_small,surface,other,42,15.0,contractor,laborer,male,2022-04-30,saturday,14.84,evening,9.4,mobile_equipment,other,struck_by_object,laceration,torso,fatality,full
2175,INC-70E70D1B,formal_small,surface,ghana,59,19.6,contractor,laborer,female,2022-11-30,friday,13.62,morning,11.9,components_parts,other,hit_by_moving,multiple,hand_finger,permanent_disability,full
2176,INC-546DC049,formal_small,surface,ghana,39,15.1,contractor,supervisor,male,2020-04-13,wednesday,10.21,morning,2.4,mobile_equipment,directing_equipment,hit_by_moving,laceration,hand_finger,fatality,partial
2177,INC-398B1EF0,artisanal,underground,other,34,2.5,contractor,laborer,female,2022-07-11,thursday,12.01,morning,2.3,drill_rig,walking,struck_by_rock,abrasion,multiple,fatality,none
2178,INC-34A59206,formal_large,underground,ghana,36,12.7,operator,driller,female,2020-04-10,friday,21.05,evening,4.7,rock_drill,other,other,laceration,head_face,days_away,partial
2179,INC-A96E2671,artisanal,surface,ghana,42,1.6,operator,mechanic_repairman,male,2023-06-19,sunday,11.45,morning,5.1,components_parts,maintenance_repair,falling,abrasion,torso,fatality,none
2180,INC-05A6EDE9,artisanal,surface,ghana,29,11.2,operator,truck_operator,female,2022-08-15,thursday,11.2,morning,9.8,components_parts,other,struck_by_object,fracture,foot_lower_leg,days_away,none
2181,INC-A9A149C5,artisanal,surface,drc,25,7.5,operator,truck_operator,male,2023-03-09,friday,10.89,morning,9.7,mobile_equipment,other,falling,other,head_face,first_aid,none
2182,INC-11FBA9D2,artisanal,surface,other,20,4.0,operator,laborer,female,2021-09-03,wednesday,11.95,morning,6.7,haul_truck,other,pit_collapse,abrasion,multiple,first_aid,none
2183,INC-3987F573,formal_large,surface,ethiopia,38,12.8,operator,truck_operator,male,2020-12-31,thursday,9.1,morning,11.1,mobile_equipment,lifting_lowering,struck_by_object,amputation,head_face,fatality,full
2184,INC-9A869732,formal_small,surface,ethiopia,32,14.0,operator,welder,male,2023-05-21,friday,14.14,evening,6.7,mobile_equipment,operating_equipment,other,amputation,upper_extremity,fatality,partial
2185,INC-B66D96E5,formal_large,surface,ghana,48,30.0,operator,laborer,male,2020-04-11,friday,8.79,morning,4.3,none,operating_equipment,vehicle_motion,laceration,torso,fatality,full
2186,INC-DDA0586C,artisanal,surface,south_africa,46,9.2,operator,other,female,2022-06-01,sunday,16.6,evening,4.3,mobile_equipment,cleaning_clearing,struck_by_object,other,hand_finger,days_away,none
2187,INC-21298273,formal_small,surface,south_africa,45,12.9,operator,other,female,2021-05-07,saturday,12.18,morning,6.0,components_parts,other,fall_slip,laceration,multiple,days_away,full
2188,INC-773B15A6,formal_large,surface,south_africa,48,30.0,operator,laborer,male,2021-10-10,wednesday,10.62,morning,1.3,components_parts,other,trapped_between,laceration,foot_lower_leg,permanent_disability,none
2189,INC-77B979C4,artisanal,surface,south_africa,35,8.4,operator,mechanic_repairman,male,2022-02-26,saturday,10.98,morning,3.8,light_vehicle,directing_equipment,falling,abrasion,hand_finger,days_away,none
2190,INC-E96D613F,formal_large,surface,tanzania,39,15.1,operator,other,male,2022-04-17,sunday,12.29,morning,2.8,mobile_equipment,other,vehicle_motion,fracture,head_face,days_away,full
2191,INC-6635DF95,formal_small,surface,south_africa,42,9.5,contractor,mechanic_repairman,male,2021-01-15,sunday,13.44,morning,7.3,haul_truck,lifting_lowering,struck_by_object,fracture,hand_finger,fatality,full
2192,INC-15B4D3FC,artisanal,surface,south_africa,25,1.1,operator,mechanic_repairman,male,2020-08-18,sunday,11.31,morning,4.9,none,lifting_lowering,falling,other,multiple,first_aid,none
2193,INC-46F1750C,formal_large,surface,ghana,22,4.0,operator,welder,male,2022-05-30,friday,15.67,evening,0.4,mobile_equipment,other,other,multiple,upper_extremity,days_away,full
2194,INC-28B27C20,formal_small,underground,south_africa,46,19.2,contractor,other,male,2021-06-01,saturday,10.43,morning,9.1,components_parts,other,falling_object,other,multiple,fatality,partial
2195,INC-48FE386B,artisanal,underground,south_africa,42,8.2,operator,blaster,female,2020-03-08,tuesday,20.03,evening,8.0,drill_rig,drilling,fall_from_height,other,foot_lower_leg,fatality,none
2196,INC-9B071C4E,formal_large,surface,south_africa,43,22.6,operator,laborer,male,2024-04-13,friday,8.5,morning,8.0,mobile_equipment,lifting_lowering,struck_by_object,fracture,multiple,temporary_disability,full
2197,INC-8D2559B5,formal_small,underground,ghana,32,14.0,operator,other,male,2022-05-21,saturday,21.26,evening,0.2,earth_moving,other,other,laceration,torso,days_away,full
2198,INC-820EA9D3,formal_large,underground,zimbabwe,42,21.2,operator,supervisor,male,2020-06-11,thursday,18.95,evening,2.5,rock_drill,other,falling_object,multiple,foot_lower_leg,temporary_disability,full
2199,INC-09C594C1,artisanal,surface,drc,40,7.0,operator,mechanic_repairman,female,2021-10-03,friday,6.84,morning,6.4,mobile_equipment,operating_equipment,falling,abrasion,upper_extremity,days_away,none
2200,INC-3FB5D519,formal_large,surface,other,40,18.0,contractor,truck_operator,male,2020-08-04,wednesday,11.82,morning,7.8,mobile_equipment,cleaning_clearing,fall_slip,laceration,multiple,fatality,full
2201,INC-F3D9F337,artisanal,surface,drc,21,5.0,operator,mechanic_repairman,male,2024-10-17,saturday,7.86,morning,10.4,mobile_equipment,operating_equipment,struck_by_object,laceration,multiple,days_away,none
2202,INC-72AF73F1,artisanal,surface,ethiopia,25,7.0,contractor,laborer,female,2022-06-02,tuesday,14.59,evening,5.6,light_vehicle,operating_equipment,other,abrasion,upper_extremity,days_away,none
2203,INC-0B458F53,formal_large,underground,other,59,30.1,operator,other,male,2024-05-19,thursday,12.8,morning,1.1,none,other,other,multiple,upper_extremity,days_away,none
2204,INC-6657B4D3,formal_large,surface,zimbabwe,32,14.0,contractor,laborer,female,2021-09-16,thursday,11.81,morning,6.0,mobile_equipment,directing_equipment,other,burns,head_face,fatality,partial
2205,INC-4049DE64,formal_small,surface,ethiopia,46,15.4,operator,excavator_operator,male,2024-10-02,wednesday,11.4,morning,10.8,mobile_equipment,maintenance_repair,hit_by_moving,fracture,torso,days_away,partial
2206,INC-5FD655B6,artisanal,surface,ghana,29,6.8,operator,welder,male,2024-08-31,tuesday,12.21,morning,11.4,mobile_equipment,operating_equipment,pit_collapse,other,torso,restricted_work,none
2207,INC-FF102023,formal_small,surface,ghana,32,14.0,operator,other,female,2023-04-18,saturday,11.36,morning,8.5,mobile_equipment,other,trapped_between,burns,head_face,days_away,full
2208,INC-9ED44774,formal_large,surface,ghana,37,7.3,operator,welder,male,2022-02-03,thursday,12.13,morning,10.6,mobile_equipment,operating_equipment,other,contusion,hand_finger,first_aid,full
2209,INC-253FC113,formal_large,surface,south_africa,45,8.0,operator,welder,female,2024-11-09,thursday,9.69,morning,0.4,mobile_equipment,other,struck_by_object,laceration,torso,days_away,full
2210,INC-50F16E3F,artisanal,surface,drc,23,6.5,contractor,excavator_operator,female,2022-11-11,thursday,13.32,morning,6.8,mobile_equipment,other,struck_by_object,abrasion,foot_lower_leg,days_away,none
2211,INC-B54A19CF,formal_small,underground,south_africa,40,17.4,operator,supervisor,male,2020-12-12,friday,5.22,night,4.3,rock_drill,other,other,multiple,multiple,temporary_disability,full
2212,INC-3E76AC4A,artisanal,surface,tanzania,30,4.5,operator,laborer,male,2020-05-08,friday,10.1,morning,8.0,components_parts,other,pit_collapse,fracture,hand_finger,days_away,none
2213,INC-82675E18,formal_small,surface,other,42,24.0,operator,supervisor,male,2022-08-30,tuesday,13.46,morning,10.0,mobile_equipment,lifting_lowering,struck_by_object,multiple,foot_lower_leg,restricted_work,partial
2214,INC-FD155D4F,artisanal,underground,zimbabwe,35,11.1,operator,driller,female,2021-03-28,friday,13.93,morning,7.1,earth_moving,other,hit_by_moving,laceration,multiple,first_aid,none
2215,INC-99CE6E5E,formal_large,surface,south_africa,46,11.7,operator,mechanic_repairman,male,2023-09-19,thursday,12.84,morning,2.9,haul_truck,other,struck_by_object,amputation,foot_lower_leg,temporary_disability,full
2216,INC-2EA9EA92,formal_large,surface,ghana,38,20.0,operator,other,male,2022-09-30,wednesday,12.48,morning,7.7,haul_truck,other,struck_by_object,laceration,upper_extremity,days_away,partial
2217,INC-F0EC5A4E,artisanal,underground,ghana,21,5.0,contractor,laborer,male,2022-05-30,thursday,0.93,night,9.4,none,other,other,fracture,foot_lower_leg,restricted_work,none
2218,INC-6467E480,artisanal,surface,other,32,2.6,operator,welder,male,2021-05-29,sunday,13.99,morning,6.3,haul_truck,other,pit_collapse,fracture,hand_finger,restricted_work,none
2219,INC-8AB89523,formal_large,surface,tanzania,51,20.9,contractor,other,male,2021-01-25,monday,7.37,morning,3.5,mobile_equipment,operating_equipment,hit_by_moving,multiple,multiple,days_away,partial
2220,INC-963CCF2B,formal_small,surface,tanzania,40,12.1,operator,excavator_operator,male,2021-01-02,sunday,11.46,morning,4.9,haul_truck,cleaning_clearing,other,laceration,hand_finger,days_away,none
2221,INC-6FBD438C,formal_small,surface,zimbabwe,42,19.5,operator,welder,female,2023-04-08,monday,13.91,morning,4.5,mobile_equipment,lifting_lowering,struck_by_object,fracture,hand_finger,temporary_disability,full
2222,INC-DE0C6B18,formal_small,surface,tanzania,46,19.2,operator,mechanic_repairman,male,2023-12-02,monday,14.93,evening,11.3,mobile_equipment,operating_equipment,other,burns,head_face,restricted_work,none
2223,INC-C2878240,formal_large,surface,tanzania,45,12.4,operator,welder,male,2024-11-08,sunday,10.12,morning,4.9,mobile_equipment,operating_equipment,vehicle_motion,contusion,multiple,days_away,full
2224,INC-42AB5FDF,artisanal,surface,south_africa,38,3.6,operator,welder,male,2023-05-20,friday,14.48,evening,4.8,mobile_equipment,maintenance_repair,other,laceration,hand_finger,days_away,none
2225,INC-7252DED0,formal_large,surface,south_africa,49,25.4,operator,other,male,2022-08-13,wednesday,11.68,morning,1.8,mobile_equipment,cleaning_clearing,fall_slip,amputation,foot_lower_leg,days_away,partial
2226,INC-5713020C,artisanal,surface,south_africa,33,11.0,operator,other,male,2023-06-13,friday,12.8,morning,7.4,hand_tools,cleaning_clearing,other,other,hand_finger,fatality,none
2227,INC-CFD815CC,formal_large,surface,zimbabwe,46,28.0,contractor,welder,female,2021-03-29,tuesday,12.25,morning,1.2,mobile_equipment,other,hit_by_moving,contusion,multiple,permanent_disability,full
2228,INC-C3A5327A,formal_large,surface,other,47,16.1,contractor,other,male,2024-05-20,monday,11.2,morning,4.5,mobile_equipment,other,other,amputation,upper_extremity,fatality,partial
2229,INC-45959F6E,artisanal,underground,ethiopia,30,6.0,operator,driller,female,2020-03-14,thursday,14.48,evening,10.9,none,other,struck_by_rock,abrasion,upper_extremity,days_away,none
2230,INC-364F7550,formal_large,surface,zimbabwe,39,10.0,operator,other,male,2024-07-11,monday,9.11,morning,10.8,mobile_equipment,operating_equipment,other,laceration,hand_finger,days_away,full
2231,INC-DD44AB16,artisanal,surface,other,26,5.1,operator,other,male,2020-07-09,wednesday,12.27,morning,7.9,mobile_equipment,other,pit_collapse,other,upper_extremity,days_away,none
2232,INC-A7EC15D5,formal_large,surface,south_africa,32,14.0,operator,truck_operator,male,2024-09-23,tuesday,14.76,evening,7.1,components_parts,maintenance_repair,struck_by_object,burns,torso,days_away,full
2233,INC-53A15529,artisanal,surface,south_africa,36,1.6,operator,mechanic_repairman,male,2023-11-20,thursday,13.14,morning,8.7,mobile_equipment,operating_equipment,falling,fracture,hand_finger,fatality,none
2234,INC-0816F014,artisanal,surface,other,22,3.7,operator,other,male,2022-02-05,saturday,12.61,morning,9.2,haul_truck,operating_equipment,falling,other,multiple,days_away,none
2235,INC-F11ECA13,artisanal,underground,other,32,3.2,operator,other,male,2022-06-05,wednesday,11.39,morning,6.9,none,drilling,hit_by_moving,contusion,torso,permanent_disability,none
2236,INC-FC367220,formal_large,surface,tanzania,29,7.7,operator,excavator_operator,male,2021-06-21,wednesday,11.77,morning,6.5,mobile_equipment,maintenance_repair,other,burns,torso,days_away,full
2237,INC-4E76EF2D,formal_large,surface,south_africa,27,9.0,contractor,welder,male,2021-01-16,thursday,14.77,evening,4.2,haul_truck,other,fall_slip,laceration,hand_finger,fatality,full
2238,INC-0B0FB05E,formal_small,surface,other,59,11.7,operator,welder,male,2021-07-26,monday,13.64,morning,6.9,hand_tools,cleaning_clearing,other,fracture,hand_finger,fatality,partial
2239,INC-5DED389D,formal_small,underground,drc,21,3.0,operator,supervisor,male,2024-04-19,wednesday,2.02,night,5.5,drill_rig,drilling,other,laceration,foot_lower_leg,days_away,full
2240,INC-20D1B71D,formal_large,surface,tanzania,54,14.2,operator,mechanic_repairman,female,2021-04-08,sunday,12.15,morning,9.2,mobile_equipment,operating_equipment,trapped_between,fracture,torso,fatality,partial
2241,INC-2EE58EFC,formal_large,surface,south_africa,35,17.0,operator,mechanic_repairman,male,2022-03-07,tuesday,11.6,morning,4.5,mobile_equipment,other,struck_by_object,multiple,upper_extremity,days_away,full
2242,INC-EED100F1,formal_small,underground,zimbabwe,54,10.6,operator,laborer,male,2023-06-05,thursday,1.96,night,7.3,earth_moving,charging_up,falling_object,fracture,multiple,days_away,full
2243,INC-AAFE7075,formal_large,underground,drc,22,4.0,operator,blaster,male,2023-12-24,thursday,12.35,morning,0.5,components_parts,other,other,multiple,hand_finger,temporary_disability,partial
2244,INC-3FD8048F,formal_small,surface,other,40,6.3,operator,truck_operator,male,2021-07-09,wednesday,11.33,morning,5.3,mobile_equipment,lifting_lowering,vehicle_motion,multiple,hand_finger,days_away,partial
2245,INC-6F349C84,formal_large,underground,ethiopia,56,38.0,operator,mechanic_repairman,male,2024-01-21,saturday,13.55,morning,6.4,drill_rig,other,hit_by_moving,laceration,multiple,days_away,partial
2246,INC-4BB3250D,formal_large,underground,zimbabwe,49,22.7,operator,laborer,male,2020-11-15,thursday,12.28,morning,2.7,rock_drill,other,fall_from_height,fracture,multiple,days_away,full
2247,INC-066D1C57,artisanal,surface,tanzania,30,1.7,operator,excavator_operator,male,2023-08-03,sunday,11.45,morning,8.8,mobile_equipment,other,struck_by_object,contusion,upper_extremity,days_away,none
2248,INC-CE6781B4,formal_small,underground,zimbabwe,39,12.2,operator,laborer,male,2020-07-19,thursday,3.62,night,9.7,none,drilling,falling_object,laceration,foot_lower_leg,fatality,full
2249,INC-4C858E1D,formal_large,surface,ghana,24,6.0,contractor,excavator_operator,male,2024-11-10,thursday,10.94,morning,9.7,mobile_equipment,other,struck_by_object,amputation,foot_lower_leg,fatality,partial
2250,INC-59A27136,formal_small,surface,south_africa,30,12.0,contractor,excavator_operator,male,2020-07-01,wednesday,10.39,morning,0.1,haul_truck,other,trapped_between,laceration,upper_extremity,fatality,full
2251,INC-B3513FFA,artisanal,surface,south_africa,38,13.6,operator,mechanic_repairman,male,2024-06-25,friday,14.38,evening,4.6,components_parts,other,other,laceration,foot_lower_leg,first_aid,none
2252,INC-AB06EA4F,formal_small,underground,drc,56,26.7,operator,laborer,male,2023-10-20,thursday,13.67,morning,2.7,none,other,other,laceration,hand_finger,fatality,partial
2253,INC-EB38E222,formal_small,surface,south_africa,39,16.8,operator,mechanic_repairman,female,2020-08-17,monday,10.6,morning,4.5,mobile_equipment,other,other,multiple,upper_extremity,restricted_work,full
2254,INC-B03289D2,artisanal,surface,south_africa,26,8.0,contractor,welder,male,2023-11-15,wednesday,11.36,morning,3.8,mobile_equipment,cleaning_clearing,falling,abrasion,foot_lower_leg,days_away,none
2255,INC-111B5624,formal_small,surface,other,42,24.0,operator,mechanic_repairman,male,2021-09-19,friday,16.76,evening,5.8,mobile_equipment,maintenance_repair,trapped_between,laceration,torso,fatality,full
2256,INC-628F410F,artisanal,surface,tanzania,27,11.0,operator,other,male,2024-11-29,sunday,14.08,evening,1.6,mobile_equipment,lifting_lowering,struck_by_object,other,head_face,days_away,none
2257,INC-1FC3C6D7,artisanal,underground,south_africa,22,6.0,operator,laborer,male,2024-10-08,friday,11.37,morning,2.9,none,other,falling_object,abrasion,multiple,restricted_work,none
2258,INC-81C9A1AD,formal_large,underground,ghana,45,13.1,operator,mechanic_repairman,male,2024-08-21,sunday,9.47,morning,4.2,rock_drill,other,struck_by_rock,fracture,hand_finger,days_away,full
2259,INC-37AEACEC,formal_small,surface,drc,30,12.0,contractor,welder,male,2023-04-12,sunday,15.19,evening,0.2,mobile_equipment,lifting_lowering,struck_by_object,amputation,foot_lower_leg,days_away,full
2260,INC-8789B025,artisanal,underground,ghana,33,2.8,operator,other,female,2024-06-25,friday,11.7,morning,9.4,none,charging_up,other,abrasion,upper_extremity,days_away,none
2261,INC-D02FAE27,artisanal,underground,zimbabwe,27,9.1,operator,supervisor,female,2022-03-21,monday,12.5,morning,1.4,none,charging_up,falling_object,contusion,torso,days_away,none
2262,INC-D74F7159,formal_small,surface,zimbabwe,46,28.0,contractor,truck_operator,male,2020-04-17,friday,12.3,morning,6.5,mobile_equipment,operating_equipment,trapped_between,fracture,upper_extremity,days_away,none
2263,INC-270D85AD,formal_large,surface,south_africa,39,21.0,operator,excavator_operator,male,2024-04-23,wednesday,11.83,morning,1.8,mobile_equipment,operating_equipment,hit_by_moving,laceration,head_face,first_aid,full
2264,INC-FAD663EF,formal_small,surface,tanzania,45,27.0,operator,laborer,male,2020-03-28,friday,15.6,evening,4.3,light_vehicle,cleaning_clearing,other,laceration,upper_extremity,days_away,full
2265,INC-3D6DA19F,formal_large,surface,south_africa,37,19.0,operator,mechanic_repairman,male,2023-03-12,sunday,12.11,morning,2.6,mobile_equipment,cleaning_clearing,vehicle_motion,laceration,torso,temporary_disability,partial
2266,INC-43819CF5,artisanal,surface,zimbabwe,24,8.0,operator,laborer,female,2022-09-14,friday,11.67,morning,11.2,mobile_equipment,other,pit_collapse,contusion,hand_finger,temporary_disability,none
2267,INC-7D057DAB,formal_small,surface,south_africa,28,10.0,operator,mechanic_repairman,male,2021-11-07,tuesday,14.33,evening,10.8,light_vehicle,operating_equipment,other,laceration,hand_finger,temporary_disability,none
2268,INC-FCF688C0,artisanal,underground,south_africa,25,4.8,operator,driller,male,2023-09-11,friday,4.39,night,11.2,components_parts,other,other,other,foot_lower_leg,days_away,none
2269,INC-33A95632,artisanal,surface,south_africa,34,10.3,operator,truck_operator,male,2021-05-10,sunday,14.39,evening,1.2,light_vehicle,maintenance_repair,other,contusion,foot_lower_leg,restricted_work,none
2270,INC-B3146704,artisanal,underground,other,23,7.0,operator,laborer,female,2024-08-26,sunday,1.48,night,6.1,rock_drill,drilling,other,contusion,foot_lower_leg,temporary_disability,none
2271,INC-0A10CA52,artisanal,underground,south_africa,23,3.9,operator,mechanic_repairman,male,2024-04-03,monday,14.48,evening,11.2,none,other,other,abrasion,multiple,days_away,none
2272,INC-ECC1AF74,artisanal,surface,ghana,37,11.6,operator,truck_operator,male,2024-08-04,sunday,8.85,morning,5.4,hand_tools,operating_equipment,struck_by_object,fracture,multiple,days_away,none
2273,INC-7DB0CD4D,artisanal,surface,south_africa,29,8.9,operator,excavator_operator,male,2024-03-26,tuesday,13.62,morning,2.6,mobile_equipment,operating_equipment,struck_by_object,other,torso,permanent_disability,none
2274,INC-2D7F1CD3,artisanal,underground,tanzania,37,7.5,operator,other,male,2024-02-18,thursday,6.0,morning,5.3,rock_drill,other,hit_by_moving,other,torso,fatality,none
2275,INC-B43CE388,formal_large,underground,ghana,38,15.5,operator,other,male,2024-08-03,thursday,19.82,evening,8.9,drill_rig,other,other,fracture,upper_extremity,days_away,full
2276,INC-E3D50F43,formal_small,surface,other,49,21.0,operator,laborer,female,2024-08-04,friday,7.09,morning,2.9,haul_truck,directing_equipment,trapped_between,fracture,upper_extremity,permanent_disability,full
2277,INC-0871FF76,formal_large,surface,tanzania,46,28.0,operator,supervisor,male,2023-12-03,saturday,11.87,morning,0.6,components_parts,cleaning_clearing,struck_by_object,laceration,upper_extremity,restricted_work,full
2278,INC-4A39141F,artisanal,surface,zimbabwe,28,8.0,operator,excavator_operator,male,2023-12-27,tuesday,12.54,morning,7.1,mobile_equipment,directing_equipment,pit_collapse,other,hand_finger,temporary_disability,none
2279,INC-D8E162CA,artisanal,underground,tanzania,30,2.8,contractor,other,male,2020-12-03,thursday,23.81,night,3.4,none,other,other,contusion,torso,first_aid,none
2280,INC-A04F3212,formal_small,underground,south_africa,43,14.5,operator,mechanic_repairman,male,2020-11-14,saturday,12.03,morning,5.9,earth_moving,charging_up,hit_by_moving,laceration,head_face,days_away,partial
2281,INC-84C609D8,formal_large,surface,other,51,11.5,contractor,mechanic_repairman,male,2021-12-10,sunday,12.52,morning,4.8,hand_tools,operating_equipment,other,multiple,multiple,temporary_disability,none
2282,INC-471CAE02,formal_large,surface,other,41,14.5,operator,laborer,male,2021-10-29,tuesday,15.18,evening,5.5,mobile_equipment,directing_equipment,struck_by_object,laceration,head_face,restricted_work,full
2283,INC-A9A61865,artisanal,surface,ghana,31,15.0,contractor,welder,male,2021-08-22,wednesday,15.58,evening,2.7,mobile_equipment,maintenance_repair,pit_collapse,laceration,hand_finger,days_away,none
2284,INC-DA0D6B18,formal_large,underground,ethiopia,43,14.1,contractor,laborer,male,2021-06-27,friday,23.24,night,5.5,rock_drill,other,other,other,hand_finger,temporary_disability,partial
2285,INC-77F3E5FC,formal_large,underground,south_africa,38,20.0,contractor,supervisor,male,2021-04-15,tuesday,2.58,night,6.1,rock_drill,other,other,laceration,head_face,days_away,full
2286,INC-4A4F48D4,artisanal,underground,zimbabwe,40,5.9,operator,driller,male,2022-11-03,monday,1.65,night,6.6,earth_moving,other,hit_by_moving,abrasion,head_face,days_away,none
2287,INC-B2C9F6B3,artisanal,surface,drc,39,5.5,operator,excavator_operator,female,2023-12-22,sunday,13.05,morning,5.2,mobile_equipment,directing_equipment,pit_collapse,abrasion,multiple,first_aid,none
2288,INC-AC22F8C7,formal_large,surface,other,52,34.0,operator,welder,female,2024-01-20,sunday,13.0,morning,5.3,light_vehicle,maintenance_repair,other,multiple,hand_finger,temporary_disability,none
2289,INC-418A069E,formal_large,surface,ghana,45,7.9,operator,welder,male,2020-08-15,monday,6.31,morning,7.2,mobile_equipment,other,other,laceration,multiple,days_away,full
2290,INC-E7809770,artisanal,surface,tanzania,38,9.4,operator,laborer,male,2022-09-15,saturday,12.96,morning,4.0,haul_truck,other,pit_collapse,abrasion,hand_finger,days_away,none
2291,INC-A85637A4,artisanal,surface,tanzania,26,10.0,contractor,excavator_operator,male,2022-05-25,friday,13.18,morning,11.8,mobile_equipment,lifting_lowering,falling,abrasion,foot_lower_leg,fatality,none
2292,INC-848C4D4F,artisanal,underground,south_africa,23,7.0,operator,laborer,male,2023-12-31,tuesday,15.21,evening,4.7,none,other,other,fracture,multiple,fatality,none
2293,INC-0A586149,formal_large,surface,ethiopia,37,4.5,operator,other,male,2024-04-29,saturday,10.59,morning,6.6,mobile_equipment,maintenance_repair,fall_slip,laceration,head_face,permanent_disability,partial
2294,INC-1EC59FC9,formal_large,surface,tanzania,28,10.0,contractor,laborer,female,2021-08-28,thursday,12.2,morning,8.0,mobile_equipment,operating_equipment,struck_by_object,contusion,torso,temporary_disability,partial
2295,INC-71289023,formal_large,underground,drc,53,10.7,operator,laborer,female,2023-12-11,saturday,10.85,morning,3.1,none,drilling,hit_by_moving,other,foot_lower_leg,temporary_disability,full
2296,INC-C30C8D15,artisanal,surface,other,36,6.0,contractor,welder,male,2022-12-23,sunday,10.31,morning,7.1,mobile_equipment,maintenance_repair,falling,abrasion,multiple,permanent_disability,none
2297,INC-3B1AA25F,formal_large,surface,south_africa,35,17.0,operator,mechanic_repairman,male,2021-05-03,friday,12.0,morning,3.0,mobile_equipment,maintenance_repair,struck_by_object,amputation,hand_finger,temporary_disability,full
2298,INC-70C0814F,formal_large,underground,south_africa,43,23.6,operator,driller,male,2022-10-20,monday,12.0,morning,5.1,none,other,hit_by_moving,contusion,head_face,permanent_disability,partial
2299,INC-DE588D81,artisanal,surface,south_africa,40,9.3,operator,mechanic_repairman,female,2020-03-05,friday,14.56,evening,10.6,mobile_equipment,other,pit_collapse,abrasion,foot_lower_leg,days_away,none
2300,INC-6BE42B77,artisanal,surface,south_africa,38,9.3,contractor,mechanic_repairman,male,2020-04-08,thursday,11.77,morning,4.1,haul_truck,other,falling,laceration,foot_lower_leg,restricted_work,none
2301,INC-BB4226F6,artisanal,surface,zimbabwe,30,7.4,operator,truck_operator,female,2022-01-25,wednesday,12.38,morning,0.1,light_vehicle,other,falling,fracture,foot_lower_leg,days_away,none
2302,INC-ED3605ED,formal_small,underground,other,65,14.1,contractor,other,male,2024-10-15,thursday,22.96,night,11.2,none,other,fall_from_height,contusion,torso,restricted_work,full
2303,INC-0EA6C1C3,formal_small,surface,ghana,50,25.0,operator,mechanic_repairman,male,2022-12-19,tuesday,10.13,morning,5.2,mobile_equipment,maintenance_repair,other,fracture,foot_lower_leg,days_away,full
2304,INC-64782285,formal_small,surface,tanzania,58,12.9,operator,laborer,male,2023-05-11,monday,8.87,morning,1.7,mobile_equipment,maintenance_repair,struck_by_object,fracture,hand_finger,permanent_disability,full
2305,INC-FFB6CAA1,formal_large,surface,ghana,37,12.9,operator,truck_operator,male,2024-04-09,sunday,12.68,morning,4.0,components_parts,operating_equipment,trapped_between,fracture,multiple,fatality,full
2306,INC-5DB64F35,formal_small,surface,ghana,53,11.8,operator,mechanic_repairman,female,2022-03-29,friday,10.89,morning,6.3,mobile_equipment,cleaning_clearing,other,fracture,foot_lower_leg,fatality,full
2307,INC-D0D68310,formal_small,underground,drc,43,14.6,operator,other,male,2022-08-22,thursday,11.66,morning,5.8,earth_moving,other,fall_from_height,laceration,hand_finger,days_away,full
2308,INC-0D788A12,formal_small,surface,tanzania,46,18.4,operator,welder,female,2021-05-24,friday,11.29,morning,6.4,components_parts,operating_equipment,other,laceration,foot_lower_leg,permanent_disability,full
2309,INC-86563E57,artisanal,surface,ghana,35,2.9,operator,supervisor,male,2021-04-30,wednesday,12.12,morning,11.7,components_parts,other,pit_collapse,other,multiple,restricted_work,none
2310,INC-D74EA83F,artisanal,surface,other,36,12.1,operator,truck_operator,male,2024-08-02,friday,11.05,morning,1.2,light_vehicle,maintenance_repair,pit_collapse,laceration,foot_lower_leg,permanent_disability,none
2311,INC-401555FC,formal_large,surface,zimbabwe,62,17.3,contractor,other,male,2023-06-15,thursday,10.42,morning,7.2,components_parts,lifting_lowering,struck_by_object,multiple,upper_extremity,days_away,full
2312,INC-F73BB78B,formal_small,surface,south_africa,40,20.2,operator,other,male,2020-08-28,saturday,10.81,morning,4.9,light_vehicle,other,other,laceration,upper_extremity,temporary_disability,full
2313,INC-1D9564BF,formal_large,surface,zimbabwe,43,24.3,operator,other,male,2022-01-03,monday,10.83,morning,11.3,mobile_equipment,other,struck_by_object,fracture,upper_extremity,temporary_disability,full
2314,INC-759EF6B1,formal_small,surface,tanzania,34,16.0,operator,laborer,female,2023-11-11,wednesday,14.37,evening,3.1,hand_tools,operating_equipment,hit_by_moving,fracture,foot_lower_leg,days_away,full
2315,INC-F0AF5CAD,formal_large,surface,ghana,51,33.0,operator,supervisor,male,2024-02-15,wednesday,8.11,morning,2.6,mobile_equipment,other,vehicle_motion,burns,upper_extremity,days_away,full
2316,INC-548F911B,formal_large,underground,drc,37,19.0,operator,supervisor,male,2023-04-18,tuesday,14.14,evening,10.2,earth_moving,drilling,fall_from_height,fracture,foot_lower_leg,days_away,full
2317,INC-3F6E5E13,artisanal,underground,zimbabwe,31,5.2,contractor,driller,male,2020-02-13,wednesday,23.71,night,9.9,none,other,other,laceration,multiple,days_away,none
2318,INC-0162E41C,formal_small,surface,zimbabwe,52,27.1,operator,truck_operator,male,2021-11-15,monday,10.56,morning,5.5,mobile_equipment,other,trapped_between,contusion,upper_extremity,permanent_disability,full
2319,INC-87784124,artisanal,surface,other,32,4.2,contractor,laborer,female,2022-02-04,friday,11.91,morning,5.8,light_vehicle,operating_equipment,struck_by_object,fracture,multiple,fatality,none
2320,INC-625EC137,formal_large,surface,zimbabwe,27,7.3,contractor,mechanic_repairman,male,2020-11-28,friday,12.7,morning,10.2,mobile_equipment,directing_equipment,other,laceration,foot_lower_leg,fatality,full
2321,INC-28AA2AA6,formal_large,surface,ghana,48,20.2,operator,mechanic_repairman,male,2022-02-09,thursday,11.3,morning,7.1,components_parts,other,other,multiple,upper_extremity,days_away,partial
2322,INC-06AC91CC,formal_small,surface,south_africa,36,17.2,operator,other,male,2021-11-02,friday,10.44,morning,2.0,mobile_equipment,other,struck_by_object,laceration,head_face,fatality,full
2323,INC-E8738B7E,formal_large,underground,ghana,49,16.4,operator,other,female,2022-12-08,friday,4.64,night,11.5,drill_rig,drilling,other,laceration,torso,days_away,full
2324,INC-26685A94,formal_large,underground,ghana,42,24.0,operator,driller,female,2021-07-25,thursday,18.7,evening,5.8,none,drilling,other,contusion,multiple,days_away,full
2325,INC-EF070CBD,artisanal,surface,south_africa,31,5.6,operator,excavator_operator,male,2021-10-16,sunday,12.53,morning,1.5,mobile_equipment,other,other,fracture,upper_extremity,days_away,none
2326,INC-ED5EC173,formal_large,underground,ethiopia,37,19.0,operator,driller,male,2024-05-05,thursday,21.42,evening,4.8,rock_drill,drilling,struck_by_rock,laceration,foot_lower_leg,fatality,partial
2327,INC-09343DFC,formal_large,surface,south_africa,39,21.0,operator,mechanic_repairman,female,2022-01-04,friday,10.93,morning,8.3,mobile_equipment,directing_equipment,other,laceration,hand_finger,restricted_work,full
2328,INC-DFC3498C,formal_small,surface,south_africa,34,6.3,operator,mechanic_repairman,male,2020-12-14,friday,14.59,evening,9.5,light_vehicle,other,struck_by_object,fracture,upper_extremity,first_aid,full
2329,INC-32897416,formal_small,surface,ethiopia,50,13.8,operator,welder,male,2023-09-03,thursday,12.0,morning,0.4,haul_truck,operating_equipment,hit_by_moving,laceration,multiple,first_aid,none
2330,INC-00D949E2,formal_small,surface,ghana,33,8.0,operator,other,male,2021-04-24,friday,12.43,morning,1.3,components_parts,other,other,amputation,hand_finger,first_aid,partial
2331,INC-9E121277,formal_small,underground,ethiopia,40,20.0,operator,mechanic_repairman,male,2020-11-08,thursday,11.47,morning,7.6,components_parts,drilling,other,laceration,hand_finger,days_away,full
2332,INC-BB724FAA,artisanal,surface,tanzania,25,9.0,operator,other,male,2023-10-26,wednesday,17.8,evening,4.3,components_parts,other,pit_collapse,laceration,upper_extremity,permanent_disability,none
2333,INC-656F9803,formal_large,surface,ghana,46,22.9,operator,mechanic_repairman,male,2021-03-11,wednesday,11.4,morning,9.1,hand_tools,cleaning_clearing,struck_by_object,burns,hand_finger,first_aid,full
2334,INC-CD362CDA,formal_small,surface,south_africa,58,6.9,operator,mechanic_repairman,male,2020-01-13,monday,17.1,evening,6.6,mobile_equipment,other,struck_by_object,multiple,head_face,fatality,partial
2335,INC-85C070A1,artisanal,underground,zimbabwe,25,5.1,operator,other,male,2020-07-05,tuesday,21.87,evening,2.4,rock_drill,other,falling_object,fracture,multiple,days_away,none
2336,INC-4D6E0AE4,artisanal,surface,south_africa,25,6.9,contractor,mechanic_repairman,male,2023-09-18,thursday,10.58,morning,5.2,mobile_equipment,operating_equipment,falling,laceration,upper_extremity,temporary_disability,none
2337,INC-D7FAA4D5,formal_small,surface,zimbabwe,42,24.0,operator,laborer,male,2021-04-15,tuesday,10.01,morning,1.2,haul_truck,other,vehicle_motion,laceration,hand_finger,fatality,partial
2338,INC-C0C47CF5,formal_small,surface,tanzania,40,9.4,operator,excavator_operator,male,2021-12-21,thursday,17.4,evening,6.0,haul_truck,other,vehicle_motion,amputation,foot_lower_leg,days_away,full
2339,INC-4DB54AE7,formal_large,underground,ethiopia,45,22.4,operator,laborer,male,2022-07-11,thursday,2.71,night,7.9,none,other,other,laceration,head_face,fatality,none
2340,INC-C77700A1,formal_large,surface,ghana,23,5.0,operator,laborer,male,2021-05-21,saturday,14.86,evening,6.4,components_parts,maintenance_repair,vehicle_motion,laceration,upper_extremity,restricted_work,full
2341,INC-AAA9077C,formal_large,surface,other,31,13.0,operator,excavator_operator,female,2020-12-11,wednesday,13.28,morning,6.7,light_vehicle,operating_equipment,fall_slip,laceration,torso,restricted_work,full
2342,INC-51C697D5,artisanal,underground,south_africa,19,3.0,contractor,laborer,male,2020-05-08,wednesday,13.35,morning,0.5,none,drilling,fall_from_height,abrasion,torso,temporary_disability,none
2343,INC-B9F8A975,formal_large,surface,other,39,12.5,operator,mechanic_repairman,male,2020-05-14,wednesday,16.34,evening,9.8,mobile_equipment,other,other,amputation,multiple,restricted_work,full
2344,INC-4F009507,artisanal,surface,drc,31,5.4,operator,truck_operator,male,2024-07-28,thursday,11.32,morning,0.1,mobile_equipment,other,pit_collapse,other,foot_lower_leg,restricted_work,none
2345,INC-03E54148,formal_large,surface,ghana,36,12.1,operator,truck_operator,male,2024-12-24,thursday,14.52,evening,3.6,mobile_equipment,cleaning_clearing,other,multiple,torso,permanent_disability,none
2346,INC-BF29E057,artisanal,surface,south_africa,30,6.7,contractor,laborer,male,2023-03-14,wednesday,12.67,morning,0.9,mobile_equipment,operating_equipment,pit_collapse,abrasion,multiple,first_aid,none
2347,INC-80D1F81A,artisanal,surface,south_africa,36,7.3,operator,laborer,male,2022-04-11,friday,13.35,morning,6.6,mobile_equipment,maintenance_repair,pit_collapse,contusion,hand_finger,days_away,none
2348,INC-AD73F3DA,formal_large,surface,other,27,9.0,operator,other,male,2024-01-20,monday,13.46,morning,10.4,none,other,other,burns,foot_lower_leg,permanent_disability,none
2349,INC-357533B5,formal_large,surface,south_africa,51,27.2,contractor,mechanic_repairman,male,2024-02-27,thursday,12.57,morning,11.1,mobile_equipment,cleaning_clearing,trapped_between,amputation,foot_lower_leg,days_away,partial
2350,INC-50A0DFC6,formal_large,surface,other,45,22.0,operator,other,male,2022-03-18,friday,10.78,morning,6.9,mobile_equipment,cleaning_clearing,vehicle_motion,fracture,torso,days_away,full
2351,INC-5E2F8ED1,artisanal,surface,zimbabwe,39,5.3,contractor,mechanic_repairman,male,2023-09-11,thursday,14.75,evening,5.8,mobile_equipment,maintenance_repair,falling,fracture,foot_lower_leg,fatality,none
2352,INC-2F4FE762,formal_large,underground,zimbabwe,44,11.9,operator,other,male,2020-06-25,wednesday,1.94,night,3.7,earth_moving,drilling,fall_from_height,laceration,multiple,days_away,partial
2353,INC-313A4655,formal_small,surface,ethiopia,36,17.0,operator,truck_operator,male,2020-10-29,sunday,11.48,morning,4.1,mobile_equipment,cleaning_clearing,struck_by_object,laceration,multiple,permanent_disability,full
2354,INC-BBE7CA60,formal_small,surface,south_africa,43,11.0,operator,mechanic_repairman,male,2024-03-25,tuesday,14.52,evening,0.1,mobile_equipment,other,other,laceration,hand_finger,days_away,partial
2355,INC-85DBE625,artisanal,surface,ghana,40,6.7,operator,truck_operator,male,2022-07-24,thursday,16.04,evening,1.7,mobile_equipment,lifting_lowering,falling,contusion,upper_extremity,first_aid,none
2356,INC-354C190B,formal_small,underground,other,47,11.0,operator,laborer,male,2024-01-28,tuesday,10.55,morning,8.0,earth_moving,barring_scaling,struck_by_rock,laceration,multiple,fatality,partial
2357,INC-D222A9FD,formal_small,surface,south_africa,40,10.6,operator,mechanic_repairman,male,2022-11-02,wednesday,10.64,morning,7.6,mobile_equipment,other,other,laceration,hand_finger,permanent_disability,full
2358,INC-102A9037,artisanal,surface,other,40,8.0,operator,mechanic_repairman,male,2020-08-01,sunday,12.72,morning,9.7,mobile_equipment,other,falling,abrasion,upper_extremity,days_away,none
2359,INC-CCB4BD71,formal_large,surface,other,47,15.1,operator,excavator_operator,female,2020-10-15,tuesday,11.57,morning,6.2,components_parts,other,struck_by_object,contusion,head_face,first_aid,full
2360,INC-F505EA57,artisanal,surface,south_africa,25,5.2,operator,supervisor,male,2022-08-30,thursday,14.68,evening,7.7,mobile_equipment,other,falling,abrasion,head_face,days_away,none
2361,INC-1FFDE827,formal_large,underground,zimbabwe,35,17.0,operator,laborer,male,2020-07-23,thursday,20.92,evening,6.9,none,barring_scaling,other,laceration,multiple,days_away,full
2362,INC-4B6870A2,formal_small,underground,south_africa,43,19.0,operator,driller,male,2024-03-23,wednesday,1.69,night,9.2,drill_rig,other,other,laceration,head_face,days_away,partial
2363,INC-FB64EEF0,artisanal,underground,ethiopia,20,1.5,contractor,blaster,male,2021-04-25,tuesday,5.65,night,2.0,components_parts,other,hit_by_moving,laceration,multiple,fatality,none
2364,INC-260453F5,artisanal,surface,other,37,2.2,operator,supervisor,male,2023-06-23,thursday,12.17,morning,1.6,components_parts,other,falling,other,hand_finger,fatality,none
2365,INC-F4AEC938,artisanal,surface,other,40,7.1,operator,other,male,2021-04-22,sunday,11.74,morning,7.0,none,directing_equipment,falling,abrasion,upper_extremity,days_away,none
2366,INC-F94966C8,formal_large,surface,other,53,21.4,operator,laborer,male,2023-11-14,friday,13.8,morning,6.6,mobile_equipment,other,other,laceration,torso,permanent_disability,none
2367,INC-365AFC3C,formal_small,underground,south_africa,54,12.3,operator,blaster,male,2021-05-21,friday,13.32,morning,7.8,rock_drill,other,fall_from_height,contusion,upper_extremity,permanent_disability,partial
2368,INC-120A03B7,formal_small,underground,zimbabwe,55,18.1,operator,driller,male,2022-08-01,thursday,14.13,evening,10.9,components_parts,charging_up,falling_object,multiple,foot_lower_leg,days_away,partial
2369,INC-ADCB5A32,formal_small,underground,south_africa,45,19.3,operator,supervisor,male,2021-04-05,friday,1.01,night,9.1,earth_moving,other,falling_object,laceration,head_face,restricted_work,full
2370,INC-33E2F223,formal_small,surface,other,43,25.0,operator,other,male,2024-05-17,thursday,12.26,morning,7.2,hand_tools,other,fall_slip,laceration,hand_finger,permanent_disability,partial
2371,INC-C698EF1D,formal_large,underground,south_africa,38,7.0,contractor,driller,male,2022-09-25,friday,13.47,morning,5.7,drill_rig,other,fall_from_height,other,head_face,days_away,full
2372,INC-680CEBFC,formal_large,surface,south_africa,25,7.0,contractor,mechanic_repairman,male,2022-08-11,friday,17.24,evening,5.1,mobile_equipment,other,vehicle_motion,contusion,hand_finger,fatality,partial
2373,INC-B73EBC4F,formal_large,underground,south_africa,30,12.0,operator,driller,male,2021-06-21,wednesday,11.4,morning,5.6,drill_rig,other,other,laceration,multiple,fatality,full
2374,INC-D122193A,formal_small,surface,south_africa,41,23.0,contractor,other,male,2020-11-30,friday,10.92,morning,8.9,mobile_equipment,other,fall_slip,amputation,hand_finger,fatality,partial
2375,INC-7CCDEC6B,formal_large,surface,south_africa,41,23.0,operator,welder,male,2023-11-10,monday,17.29,evening,0.4,hand_tools,lifting_lowering,struck_by_object,contusion,foot_lower_leg,days_away,partial
2376,INC-7FEA5C69,artisanal,surface,south_africa,41,19.0,operator,welder,male,2020-04-07,wednesday,12.74,morning,3.5,mobile_equipment,maintenance_repair,pit_collapse,fracture,torso,temporary_disability,none
2377,INC-D3B94A47,artisanal,underground,other,34,5.9,operator,mechanic_repairman,male,2020-04-05,thursday,13.89,morning,4.7,drill_rig,drilling,other,contusion,head_face,fatality,none
2378,INC-F8D1E8E1,formal_large,surface,drc,56,23.8,operator,excavator_operator,male,2023-04-11,tuesday,12.67,morning,3.7,mobile_equipment,other,other,fracture,torso,days_away,full
2379,INC-1D5F0FB9,artisanal,surface,ghana,18,2.0,operator,mechanic_repairman,male,2023-02-08,thursday,11.33,morning,3.0,components_parts,lifting_lowering,pit_collapse,abrasion,hand_finger,days_away,none
2380,INC-84AA501A,artisanal,surface,drc,33,14.9,operator,mechanic_repairman,male,2021-08-21,friday,12.27,morning,0.4,mobile_equipment,other,pit_collapse,abrasion,head_face,days_away,none
2381,INC-2B54A4E4,formal_large,surface,ghana,55,7.4,operator,welder,female,2023-11-11,sunday,15.04,evening,8.7,mobile_equipment,cleaning_clearing,vehicle_motion,laceration,hand_finger,fatality,none
2382,INC-BA33AE04,formal_large,underground,drc,36,18.0,operator,driller,male,2020-04-18,sunday,18.71,evening,10.0,drill_rig,walking,falling_object,laceration,hand_finger,fatality,full
2383,INC-F7F282DC,formal_large,surface,ghana,50,29.7,operator,supervisor,male,2022-03-09,friday,12.53,morning,5.0,mobile_equipment,other,fall_slip,contusion,foot_lower_leg,fatality,full
2384,INC-BF2FDB1E,formal_large,surface,ethiopia,38,7.5,contractor,other,male,2024-07-14,tuesday,11.0,morning,4.6,mobile_equipment,other,struck_by_object,burns,torso,first_aid,full
2385,INC-8E0EDAA2,artisanal,underground,ghana,34,10.2,contractor,driller,female,2021-08-06,wednesday,22.83,night,1.0,earth_moving,other,fall_from_height,laceration,torso,days_away,none
2386,INC-22AD4020,artisanal,surface,south_africa,39,7.3,operator,mechanic_repairman,male,2023-12-03,thursday,12.0,morning,8.2,mobile_equipment,maintenance_repair,falling,abrasion,upper_extremity,days_away,none
2387,INC-3B393CCA,formal_large,surface,ethiopia,49,15.9,operator,truck_operator,male,2021-07-07,thursday,12.0,morning,1.2,mobile_equipment,operating_equipment,other,laceration,upper_extremity,first_aid,partial
2388,INC-F62FEC20,artisanal,surface,drc,40,6.7,operator,laborer,female,2021-02-26,friday,17.98,evening,4.2,hand_tools,other,falling,abrasion,multiple,days_away,none
2389,INC-EF65A87C,formal_large,surface,drc,50,15.4,operator,truck_operator,male,2021-08-21,friday,13.94,morning,5.6,mobile_equipment,lifting_lowering,other,amputation,torso,permanent_disability,full
2390,INC-7963A63C,formal_small,surface,ghana,54,17.3,operator,truck_operator,female,2021-06-14,friday,10.72,morning,3.8,mobile_equipment,other,struck_by_object,multiple,foot_lower_leg,days_away,none
2391,INC-3452C53A,artisanal,surface,zimbabwe,37,4.4,contractor,truck_operator,male,2020-08-02,sunday,8.99,morning,7.0,none,lifting_lowering,pit_collapse,abrasion,torso,temporary_disability,none
2392,INC-9ECEFA34,formal_small,surface,drc,38,14.4,operator,laborer,male,2024-07-19,monday,12.69,morning,4.3,mobile_equipment,cleaning_clearing,vehicle_motion,multiple,foot_lower_leg,fatality,full
2393,INC-BC0297E9,formal_large,underground,south_africa,52,9.8,contractor,other,male,2022-11-27,wednesday,10.99,morning,6.6,components_parts,drilling,falling_object,laceration,upper_extremity,days_away,full
2394,INC-A2463A0A,formal_small,underground,south_africa,25,7.0,contractor,other,male,2024-10-22,tuesday,13.14,morning,7.9,earth_moving,other,other,other,upper_extremity,days_away,full
2395,INC-F06AF5DE,artisanal,underground,ghana,26,10.0,operator,laborer,male,2023-02-12,saturday,22.43,night,3.2,none,drilling,other,laceration,upper_extremity,restricted_work,none
2396,INC-4764E289,formal_large,surface,south_africa,55,32.4,contractor,mechanic_repairman,male,2024-06-17,friday,12.0,morning,10.8,components_parts,operating_equipment,struck_by_object,fracture,upper_extremity,permanent_disability,partial
2397,INC-AEEECB71,formal_large,surface,ghana,42,14.2,operator,mechanic_repairman,male,2021-12-12,saturday,10.29,morning,5.8,haul_truck,other,trapped_between,laceration,head_face,fatality,full
2398,INC-629E8C8B,formal_large,underground,south_africa,42,21.3,contractor,driller,female,2020-12-09,wednesday,20.57,evening,5.1,none,other,hit_by_moving,multiple,upper_extremity,days_away,full
2399,INC-EB3E338A,formal_small,underground,ethiopia,23,5.0,operator,mechanic_repairman,female,2024-10-11,saturday,11.88,morning,1.7,earth_moving,other,other,laceration,upper_extremity,temporary_disability,none
2400,INC-7157BB2D,formal_small,surface,tanzania,39,21.0,operator,mechanic_repairman,male,2024-02-15,wednesday,13.32,morning,6.5,mobile_equipment,other,vehicle_motion,multiple,head_face,days_away,full
2401,INC-9D446D16,artisanal,surface,drc,23,7.0,operator,excavator_operator,male,2024-07-22,friday,9.02,morning,6.7,mobile_equipment,other,pit_collapse,laceration,multiple,first_aid,none
2402,INC-B7D4910F,artisanal,surface,tanzania,34,0.1,operator,truck_operator,female,2024-08-12,monday,15.47,evening,2.0,mobile_equipment,other,struck_by_object,other,hand_finger,days_away,none
2403,INC-4F822F0A,artisanal,surface,ghana,25,9.0,contractor,excavator_operator,male,2021-06-27,friday,10.85,morning,3.2,mobile_equipment,maintenance_repair,other,laceration,hand_finger,days_away,none
2404,INC-AF677FAD,artisanal,surface,other,41,10.6,contractor,other,male,2022-09-23,wednesday,13.68,morning,5.2,hand_tools,other,pit_collapse,fracture,hand_finger,fatality,none
2405,INC-5FED7247,formal_large,surface,tanzania,55,16.7,operator,truck_operator,male,2023-08-30,tuesday,12.11,morning,5.6,none,maintenance_repair,other,fracture,hand_finger,permanent_disability,none
2406,INC-3B1608F5,formal_small,underground,zimbabwe,38,13.1,contractor,laborer,male,2024-05-25,thursday,22.77,night,0.2,earth_moving,other,falling_object,other,hand_finger,fatality,partial
2407,INC-17D1331A,formal_large,surface,south_africa,49,14.6,operator,mechanic_repairman,male,2020-07-31,friday,11.58,morning,11.5,mobile_equipment,other,fall_slip,laceration,hand_finger,restricted_work,partial
2408,INC-247E12B0,formal_large,surface,ethiopia,43,25.0,operator,mechanic_repairman,female,2024-08-29,thursday,13.82,morning,8.8,haul_truck,lifting_lowering,vehicle_motion,laceration,multiple,days_away,none
2409,INC-989EB9AF,artisanal,surface,ethiopia,18,2.0,operator,other,male,2023-10-15,tuesday,12.97,morning,7.8,hand_tools,operating_equipment,struck_by_object,laceration,upper_extremity,temporary_disability,none
2410,INC-19EA0E17,artisanal,underground,tanzania,34,4.4,contractor,driller,male,2022-05-14,thursday,21.69,evening,1.6,earth_moving,drilling,fall_from_height,abrasion,torso,fatality,none
2411,INC-D5C0EDCF,artisanal,underground,drc,33,9.7,operator,driller,female,2023-09-05,thursday,10.91,morning,6.1,rock_drill,other,other,laceration,foot_lower_leg,restricted_work,none
2412,INC-7B9A9EB6,formal_small,surface,other,53,18.7,operator,excavator_operator,male,2021-05-31,friday,13.49,morning,10.0,mobile_equipment,other,struck_by_object,amputation,hand_finger,temporary_disability,none
2413,INC-9EDCC30E,formal_small,surface,other,44,18.4,operator,supervisor,female,2021-10-13,thursday,13.28,morning,0.2,haul_truck,other,other,amputation,head_face,fatality,full
2414,INC-5168E810,formal_small,surface,ethiopia,34,16.0,contractor,other,male,2020-12-30,monday,10.54,morning,3.7,components_parts,other,hit_by_moving,laceration,foot_lower_leg,fatality,full
2415,INC-14684990,formal_large,underground,other,43,25.0,operator,blaster,female,2021-12-07,thursday,22.45,night,7.9,components_parts,other,other,laceration,hand_finger,temporary_disability,partial
2416,INC-358ED097,formal_large,surface,other,58,4.6,operator,other,male,2021-07-18,saturday,13.81,morning,1.8,mobile_equipment,operating_equipment,struck_by_object,laceration,upper_extremity,restricted_work,full
2417,INC-3B2F22C3,formal_small,underground,south_africa,47,8.3,operator,blaster,male,2022-12-06,wednesday,20.13,evening,6.0,earth_moving,other,fall_from_height,multiple,foot_lower_leg,days_away,full
2418,INC-B273E87A,formal_large,surface,ethiopia,41,23.0,operator,other,male,2022-03-03,sunday,11.57,morning,11.5,mobile_equipment,other,hit_by_moving,burns,upper_extremity,days_away,partial
2419,INC-709147EB,artisanal,surface,south_africa,29,2.2,operator,truck_operator,female,2021-05-26,wednesday,11.13,morning,4.7,mobile_equipment,operating_equipment,pit_collapse,laceration,hand_finger,days_away,none
2420,INC-47D08490,formal_large,surface,ghana,64,19.1,operator,excavator_operator,male,2021-12-06,sunday,8.49,morning,7.2,haul_truck,maintenance_repair,struck_by_object,multiple,foot_lower_leg,fatality,partial
2421,INC-7ABB150A,formal_large,surface,ghana,54,34.3,operator,other,male,2022-11-11,sunday,7.43,morning,7.4,mobile_equipment,maintenance_repair,vehicle_motion,fracture,torso,days_away,none
2422,INC-3101E652,artisanal,surface,zimbabwe,24,5.8,contractor,laborer,female,2023-12-18,thursday,9.93,morning,4.1,haul_truck,other,pit_collapse,other,foot_lower_leg,days_away,none
2423,INC-B459AA44,formal_large,surface,south_africa,50,7.1,contractor,supervisor,male,2024-06-08,sunday,11.16,morning,0.7,mobile_equipment,maintenance_repair,other,fracture,hand_finger,days_away,partial
2424,INC-386E0F36,artisanal,underground,south_africa,18,2.0,operator,driller,female,2021-04-29,friday,15.0,evening,4.9,none,other,other,other,multiple,fatality,none
2425,INC-8615DD3D,artisanal,surface,south_africa,27,11.0,operator,other,male,2022-03-23,friday,10.38,morning,5.8,mobile_equipment,other,pit_collapse,abrasion,multiple,first_aid,none
2426,INC-84DCDC67,formal_large,underground,tanzania,46,20.5,operator,driller,male,2023-07-26,friday,21.86,evening,3.9,earth_moving,drilling,falling_object,laceration,head_face,days_away,none
2427,INC-F8B28E0D,artisanal,surface,other,27,11.0,operator,laborer,male,2021-01-07,saturday,17.62,evening,11.4,haul_truck,other,falling,abrasion,hand_finger,days_away,none
2428,INC-7D2C554D,artisanal,surface,other,38,3.2,operator,laborer,female,2023-09-05,monday,12.24,morning,7.7,none,other,pit_collapse,fracture,torso,days_away,none
2429,INC-3BB59401,artisanal,underground,ghana,25,9.0,operator,blaster,male,2022-10-15,thursday,10.79,morning,7.5,drill_rig,drilling,struck_by_rock,contusion,multiple,fatality,none
2430,INC-FE8A965F,artisanal,underground,ghana,33,7.3,contractor,blaster,male,2020-09-08,thursday,13.27,morning,6.6,drill_rig,drilling,fall_from_height,laceration,multiple,days_away,none
2431,INC-73D0F721,artisanal,surface,other,21,5.0,contractor,excavator_operator,male,2023-04-07,friday,9.89,morning,7.1,haul_truck,operating_equipment,falling,contusion,foot_lower_leg,permanent_disability,none
2432,INC-AB365B7A,formal_small,underground,south_africa,49,24.4,operator,mechanic_repairman,male,2020-10-19,thursday,4.19,night,3.5,components_parts,drilling,other,laceration,upper_extremity,temporary_disability,full
2433,INC-8A439E42,formal_large,surface,other,50,15.5,contractor,truck_operator,male,2022-08-18,tuesday,11.22,morning,4.6,components_parts,other,vehicle_motion,amputation,multiple,first_aid,full
2434,INC-2C1D6203,artisanal,surface,tanzania,34,6.5,contractor,truck_operator,male,2021-07-20,friday,9.99,morning,2.0,haul_truck,other,other,contusion,torso,restricted_work,none
2435,INC-59DE78D5,artisanal,surface,zimbabwe,18,2.0,operator,laborer,female,2020-02-13,tuesday,13.23,morning,6.3,hand_tools,directing_equipment,pit_collapse,contusion,head_face,restricted_work,none
2436,INC-2F71925F,formal_small,surface,south_africa,22,4.0,operator,other,female,2023-05-17,friday,15.16,evening,3.7,haul_truck,other,trapped_between,laceration,foot_lower_leg,permanent_disability,full
2437,INC-DC3E4535,artisanal,surface,south_africa,45,8.6,contractor,other,male,2023-05-07,saturday,13.07,morning,7.1,none,maintenance_repair,falling,abrasion,upper_extremity,temporary_disability,none
2438,INC-1EAA10A1,formal_small,surface,zimbabwe,46,27.1,contractor,mechanic_repairman,male,2021-05-12,thursday,12.71,morning,4.9,mobile_equipment,maintenance_repair,other,contusion,torso,fatality,none
2439,INC-A0B747BA,artisanal,underground,ghana,29,4.8,operator,other,female,2020-03-08,thursday,9.86,morning,0.7,none,drilling,other,abrasion,torso,fatality,none
2440,INC-0A02AFD6,artisanal,underground,drc,18,2.0,operator,driller,male,2024-05-28,friday,1.28,night,3.1,rock_drill,other,other,abrasion,torso,restricted_work,none
2441,INC-924468D0,formal_large,underground,ethiopia,41,17.6,operator,other,male,2022-02-01,monday,21.87,evening,11.1,none,walking,other,laceration,hand_finger,days_away,full
2442,INC-04CB5B72,formal_large,underground,ghana,38,17.0,operator,supervisor,male,2024-04-09,saturday,13.71,morning,3.1,none,drilling,fall_from_height,multiple,foot_lower_leg,days_away,full
2443,INC-FA6B950A,formal_small,surface,south_africa,41,23.0,contractor,other,male,2022-01-26,thursday,10.51,morning,2.4,mobile_equipment,operating_equipment,trapped_between,fracture,hand_finger,days_away,partial
2444,INC-BE24FC35,formal_small,surface,zimbabwe,28,10.0,contractor,mechanic_repairman,male,2023-09-16,tuesday,11.87,morning,8.7,components_parts,operating_equipment,other,laceration,upper_extremity,permanent_disability,partial
2445,INC-B15A0CCB,formal_small,surface,south_africa,25,7.0,operator,excavator_operator,male,2024-03-25,tuesday,13.42,morning,4.5,components_parts,maintenance_repair,trapped_between,contusion,foot_lower_leg,permanent_disability,full
2446,INC-85302B2F,formal_large,surface,tanzania,54,20.3,operator,other,male,2023-05-31,sunday,14.46,evening,1.6,mobile_equipment,directing_equipment,hit_by_moving,amputation,head_face,restricted_work,full
2447,INC-E2B2CBD0,formal_small,surface,ethiopia,47,19.8,operator,other,male,2024-04-24,friday,12.34,morning,1.1,mobile_equipment,maintenance_repair,trapped_between,contusion,hand_finger,first_aid,none
2448,INC-697CE901,formal_small,surface,drc,20,2.0,operator,laborer,male,2020-04-27,friday,13.16,morning,6.4,mobile_equipment,other,other,multiple,multiple,days_away,partial
2449,INC-7D6412EB,formal_small,surface,ghana,37,19.0,contractor,laborer,male,2023-11-16,saturday,11.92,morning,7.7,mobile_equipment,maintenance_repair,struck_by_object,burns,multiple,first_aid,full
2450,INC-363CA05B,artisanal,surface,ghana,25,6.7,operator,truck_operator,male,2023-08-04,friday,17.03,evening,2.6,haul_truck,cleaning_clearing,pit_collapse,laceration,torso,days_away,none
2451,INC-794A6056,artisanal,surface,drc,24,7.7,operator,laborer,male,2024-02-05,thursday,7.29,morning,7.9,mobile_equipment,cleaning_clearing,falling,laceration,head_face,restricted_work,none
2452,INC-0BC7D527,artisanal,surface,tanzania,26,3.7,operator,truck_operator,male,2023-03-04,wednesday,11.27,morning,1.3,mobile_equipment,maintenance_repair,struck_by_object,abrasion,foot_lower_leg,fatality,none
2453,INC-4C123308,artisanal,surface,tanzania,28,6.1,operator,mechanic_repairman,male,2021-02-03,monday,7.76,morning,0.5,haul_truck,other,pit_collapse,fracture,hand_finger,days_away,none
2454,INC-C1F62526,artisanal,underground,zimbabwe,26,10.0,operator,laborer,male,2023-01-12,thursday,11.05,morning,9.7,earth_moving,other,other,abrasion,head_face,days_away,none
2455,INC-96F049C7,formal_small,surface,other,51,11.7,contractor,other,male,2023-07-31,saturday,13.77,morning,11.9,mobile_equipment,maintenance_repair,other,laceration,head_face,days_away,full
2456,INC-68F75060,artisanal,underground,south_africa,25,4.9,operator,laborer,male,2024-12-20,thursday,10.37,morning,5.7,earth_moving,walking,other,abrasion,upper_extremity,days_away,none
2457,INC-E485F312,formal_large,underground,ghana,40,7.3,operator,mechanic_repairman,male,2023-09-30,thursday,21.15,evening,5.9,rock_drill,charging_up,other,contusion,hand_finger,days_away,full
2458,INC-BC410801,formal_large,surface,drc,54,18.3,operator,mechanic_repairman,male,2024-03-16,saturday,14.01,evening,6.5,none,operating_equipment,fall_slip,laceration,hand_finger,days_away,full
2459,INC-1E168D59,formal_small,surface,south_africa,52,34.0,operator,laborer,male,2023-11-21,wednesday,15.65,evening,3.4,components_parts,cleaning_clearing,other,amputation,multiple,fatality,full
2460,INC-6C2E6647,artisanal,surface,drc,22,6.0,operator,welder,male,2020-07-05,thursday,7.96,morning,4.2,components_parts,other,falling,laceration,foot_lower_leg,permanent_disability,none
2461,INC-E28F38ED,artisanal,surface,ghana,36,7.9,contractor,mechanic_repairman,male,2023-12-22,friday,9.68,morning,6.2,light_vehicle,lifting_lowering,falling,fracture,hand_finger,permanent_disability,none
2462,INC-897319E8,formal_large,surface,south_africa,30,12.0,operator,mechanic_repairman,female,2023-07-12,friday,12.67,morning,6.5,mobile_equipment,operating_equipment,struck_by_object,multiple,hand_finger,temporary_disability,full
2463,INC-48DD523C,formal_small,underground,south_africa,41,16.2,operator,mechanic_repairman,male,2020-10-25,thursday,12.1,morning,4.5,none,other,falling_object,fracture,hand_finger,days_away,full
2464,INC-7032115F,formal_large,underground,drc,38,15.1,operator,laborer,female,2020-12-08,wednesday,12.74,morning,3.2,drill_rig,other,struck_by_rock,contusion,upper_extremity,days_away,none
2465,INC-7A64DA04,artisanal,surface,drc,39,8.9,operator,mechanic_repairman,male,2021-04-14,friday,12.59,morning,7.3,mobile_equipment,lifting_lowering,other,contusion,hand_finger,temporary_disability,none
2466,INC-EAE83EF3,artisanal,surface,ghana,29,4.2,operator,mechanic_repairman,male,2022-12-07,tuesday,10.33,morning,9.0,haul_truck,other,pit_collapse,laceration,hand_finger,temporary_disability,none
2467,INC-78708D5E,formal_small,surface,south_africa,29,11.0,operator,laborer,male,2023-12-02,friday,17.9,evening,6.1,mobile_equipment,cleaning_clearing,vehicle_motion,fracture,hand_finger,temporary_disability,full
2468,INC-BBB7899D,formal_small,underground,south_africa,29,3.2,operator,laborer,female,2024-05-26,thursday,1.57,night,7.5,rock_drill,other,struck_by_rock,laceration,upper_extremity,fatality,full
2469,INC-B353F3DD,formal_large,surface,south_africa,35,17.0,operator,excavator_operator,male,2020-09-26,friday,12.47,morning,1.2,mobile_equipment,operating_equipment,struck_by_object,multiple,hand_finger,fatality,full
2470,INC-2AC5497F,formal_small,surface,tanzania,36,13.9,operator,welder,male,2024-11-26,monday,8.45,morning,6.2,mobile_equipment,operating_equipment,struck_by_object,fracture,head_face,days_away,full
2471,INC-C8FA2713,artisanal,underground,south_africa,30,11.9,operator,driller,female,2020-08-14,thursday,2.38,night,5.2,rock_drill,other,falling_object,contusion,head_face,fatality,none
2472,INC-CDA9B686,artisanal,surface,south_africa,22,2.1,operator,other,male,2022-12-08,friday,12.61,morning,5.5,components_parts,other,falling,laceration,foot_lower_leg,days_away,none
2473,INC-7B709A9B,formal_small,surface,south_africa,45,18.5,operator,supervisor,male,2024-11-19,thursday,10.01,morning,7.8,none,operating_equipment,trapped_between,amputation,hand_finger,restricted_work,partial
2474,INC-3559CAD9,formal_small,surface,ethiopia,52,15.7,operator,laborer,male,2022-01-29,saturday,16.24,evening,8.5,haul_truck,lifting_lowering,struck_by_object,laceration,hand_finger,fatality,full
2475,INC-589332B6,formal_large,surface,tanzania,47,12.6,operator,laborer,male,2024-11-02,sunday,12.37,morning,0.0,none,other,fall_slip,laceration,foot_lower_leg,fatality,full
2476,INC-E9922A4B,formal_large,surface,tanzania,50,32.0,operator,laborer,male,2023-02-28,friday,10.28,morning,5.8,haul_truck,maintenance_repair,fall_slip,laceration,multiple,days_away,none
2477,INC-4136A64A,formal_large,surface,ethiopia,40,10.1,operator,truck_operator,male,2021-09-06,thursday,10.26,morning,1.0,components_parts,maintenance_repair,other,amputation,multiple,fatality,partial
2478,INC-96418FB0,formal_small,surface,other,48,24.7,operator,truck_operator,male,2024-05-18,sunday,11.11,morning,2.3,haul_truck,other,other,fracture,multiple,permanent_disability,none
2479,INC-B9F03DB8,artisanal,underground,zimbabwe,31,6.2,operator,supervisor,male,2020-01-16,wednesday,3.2,night,6.0,rock_drill,drilling,other,contusion,hand_finger,days_away,none
2480,INC-019465F4,formal_small,surface,other,41,7.9,operator,truck_operator,male,2023-10-27,wednesday,10.14,morning,7.0,mobile_equipment,other,hit_by_moving,amputation,multiple,first_aid,full
2481,INC-A97EF90B,formal_large,underground,ethiopia,38,17.1,operator,other,male,2021-12-28,tuesday,13.85,morning,7.3,components_parts,other,other,other,multiple,temporary_disability,none
2482,INC-6FEB87F5,formal_large,surface,south_africa,61,30.7,operator,laborer,male,2023-07-30,thursday,12.42,morning,7.7,mobile_equipment,other,other,laceration,head_face,fatality,partial
2483,INC-859C3C8A,formal_large,underground,drc,20,2.0,operator,mechanic_repairman,male,2020-02-17,friday,11.69,morning,6.8,earth_moving,barring_scaling,hit_by_moving,laceration,torso,permanent_disability,full
2484,INC-F906892E,artisanal,surface,ethiopia,32,4.3,operator,welder,male,2024-07-10,wednesday,14.42,evening,2.8,mobile_equipment,directing_equipment,pit_collapse,abrasion,hand_finger,temporary_disability,none
2485,INC-B40C49E3,formal_small,underground,tanzania,25,7.0,operator,driller,male,2020-09-18,friday,12.05,morning,9.7,components_parts,other,hit_by_moving,contusion,torso,days_away,partial
2486,INC-9705EF01,artisanal,surface,south_africa,29,2.5,contractor,other,male,2023-01-11,tuesday,10.9,morning,8.6,mobile_equipment,operating_equipment,struck_by_object,laceration,multiple,restricted_work,none
2487,INC-3840C362,artisanal,surface,ghana,33,11.0,operator,mechanic_repairman,female,2021-02-13,saturday,12.63,morning,1.6,components_parts,lifting_lowering,falling,fracture,hand_finger,fatality,none
2488,INC-85D56CD5,formal_large,surface,other,46,14.0,operator,truck_operator,male,2024-08-14,wednesday,12.0,morning,9.9,hand_tools,other,struck_by_object,laceration,hand_finger,first_aid,full
2489,INC-1CA9EB10,artisanal,surface,south_africa,32,6.4,operator,mechanic_repairman,male,2024-03-12,friday,11.59,morning,10.5,haul_truck,directing_equipment,falling,fracture,head_face,days_away,none
2490,INC-32AE65A9,artisanal,underground,south_africa,23,7.0,contractor,other,male,2024-03-07,thursday,12.15,morning,3.4,none,barring_scaling,other,laceration,multiple,restricted_work,none
2491,INC-58158643,formal_small,underground,ghana,40,15.5,operator,other,male,2021-11-16,wednesday,0.03,night,5.2,earth_moving,other,struck_by_rock,other,foot_lower_leg,fatality,full
2492,INC-7A09007B,formal_large,underground,zimbabwe,29,11.0,operator,blaster,male,2020-11-27,thursday,1.68,night,1.0,none,other,hit_by_moving,laceration,foot_lower_leg,first_aid,full
2493,INC-A1428199,artisanal,surface,drc,39,4.4,operator,supervisor,male,2020-01-16,friday,13.65,morning,4.6,light_vehicle,lifting_lowering,pit_collapse,abrasion,torso,fatality,none
2494,INC-75A74DF8,artisanal,underground,ethiopia,29,12.5,operator,blaster,male,2021-01-05,saturday,12.6,morning,3.8,components_parts,drilling,fall_from_height,fracture,multiple,first_aid,none
2495,INC-8F2DCC6D,formal_small,underground,other,32,14.0,operator,supervisor,female,2023-03-08,friday,12.67,morning,2.6,earth_moving,charging_up,fall_from_height,multiple,head_face,days_away,full
2496,INC-A03FC842,formal_small,surface,zimbabwe,34,16.0,operator,welder,male,2021-09-14,friday,11.0,morning,5.8,haul_truck,directing_equipment,other,contusion,upper_extremity,fatality,none
2497,INC-8AE9ABFD,formal_large,surface,ghana,51,14.3,operator,laborer,male,2020-05-08,monday,11.07,morning,3.0,components_parts,operating_equipment,fall_slip,fracture,foot_lower_leg,fatality,partial
2498,INC-DDAC1D05,artisanal,surface,south_africa,42,8.6,operator,laborer,male,2024-12-29,thursday,14.82,evening,4.4,components_parts,cleaning_clearing,falling,abrasion,multiple,fatality,none
2499,INC-A92E7732,formal_small,surface,south_africa,54,21.7,operator,mechanic_repairman,male,2024-06-20,sunday,12.29,morning,9.6,mobile_equipment,cleaning_clearing,hit_by_moving,burns,torso,days_away,full
2500,INC-6149761A,formal_large,surface,tanzania,58,19.1,contractor,supervisor,male,2022-03-10,wednesday,10.87,morning,7.7,components_parts,other,other,multiple,multiple,fatality,partial
2501,INC-ABF3768F,artisanal,underground,south_africa,33,17.0,operator,blaster,female,2021-03-24,friday,10.44,morning,9.0,drill_rig,other,hit_by_moving,laceration,upper_extremity,temporary_disability,none
2502,INC-CE629758,artisanal,surface,south_africa,44,4.6,operator,supervisor,male,2022-03-24,monday,12.79,morning,2.2,haul_truck,lifting_lowering,other,abrasion,multiple,restricted_work,none
2503,INC-0BF47F8C,artisanal,surface,other,39,4.6,operator,laborer,male,2021-03-10,friday,10.35,morning,7.9,mobile_equipment,cleaning_clearing,struck_by_object,laceration,hand_finger,restricted_work,none
2504,INC-2B79BCC2,formal_large,surface,ethiopia,27,9.0,operator,truck_operator,male,2020-05-12,friday,13.95,morning,4.0,haul_truck,other,hit_by_moving,burns,upper_extremity,restricted_work,full
2505,INC-7549CB14,formal_large,underground,south_africa,30,12.0,operator,other,male,2021-12-26,thursday,13.73,morning,6.1,earth_moving,other,fall_from_height,other,upper_extremity,days_away,none
2506,INC-226EC4AD,artisanal,underground,tanzania,32,10.3,operator,driller,male,2020-10-25,friday,11.65,morning,4.2,earth_moving,other,other,other,upper_extremity,fatality,none
2507,INC-15DFB32B,artisanal,underground,zimbabwe,25,9.0,operator,supervisor,male,2020-07-15,tuesday,4.04,night,5.2,none,other,falling_object,laceration,multiple,days_away,none
2508,INC-89E5C264,formal_small,surface,other,29,11.0,operator,laborer,male,2024-11-30,friday,10.78,morning,5.6,components_parts,operating_equipment,trapped_between,multiple,torso,days_away,full
2509,INC-65F7998E,artisanal,surface,tanzania,25,5.1,operator,laborer,female,2020-02-12,wednesday,13.01,morning,5.6,mobile_equipment,other,other,fracture,hand_finger,first_aid,none
2510,INC-DCFF0BD6,formal_small,surface,south_africa,55,21.3,contractor,other,male,2024-02-22,wednesday,10.47,morning,0.7,none,maintenance_repair,other,burns,foot_lower_leg,restricted_work,partial
2511,INC-01E6DBC5,formal_small,surface,south_africa,46,28.0,operator,mechanic_repairman,male,2024-07-27,tuesday,10.44,morning,1.8,mobile_equipment,cleaning_clearing,hit_by_moving,multiple,hand_finger,days_away,full
2512,INC-E501C074,formal_large,surface,ghana,43,19.1,contractor,other,male,2022-02-28,friday,15.61,evening,1.1,mobile_equipment,maintenance_repair,struck_by_object,fracture,hand_finger,temporary_disability,full
2513,INC-5A764C93,formal_large,surface,tanzania,45,26.3,operator,other,male,2024-04-25,sunday,6.68,morning,9.8,mobile_equipment,lifting_lowering,other,burns,hand_finger,first_aid,full
2514,INC-CACA9E72,formal_large,underground,zimbabwe,42,5.9,contractor,other,male,2022-07-14,wednesday,15.15,evening,11.2,components_parts,other,other,other,foot_lower_leg,fatality,none
2515,INC-09664324,artisanal,surface,tanzania,34,0.9,contractor,truck_operator,male,2024-07-31,friday,12.56,morning,1.1,components_parts,lifting_lowering,struck_by_object,fracture,foot_lower_leg,fatality,none
2516,INC-52BC8598,formal_large,underground,zimbabwe,32,14.0,operator,supervisor,male,2024-02-22,friday,18.0,evening,6.8,none,other,struck_by_rock,fracture,torso,days_away,partial
2517,INC-4212DD2F,formal_large,surface,ghana,47,14.7,operator,laborer,male,2023-05-20,friday,11.14,morning,3.2,mobile_equipment,cleaning_clearing,struck_by_object,laceration,multiple,first_aid,full
2518,INC-B023687A,formal_small,surface,south_africa,41,4.0,operator,truck_operator,male,2022-11-14,friday,12.5,morning,7.9,mobile_equipment,maintenance_repair,struck_by_object,laceration,hand_finger,restricted_work,full
2519,INC-E16214C6,formal_large,surface,south_africa,31,13.0,operator,truck_operator,male,2020-01-24,friday,10.55,morning,2.3,components_parts,operating_equipment,struck_by_object,laceration,foot_lower_leg,days_away,full
2520,INC-C0036545,formal_large,surface,ghana,48,21.4,contractor,laborer,female,2021-05-29,thursday,15.0,evening,11.3,mobile_equipment,operating_equipment,other,contusion,torso,temporary_disability,full
2521,INC-C2B3F3A3,formal_small,surface,ethiopia,38,11.8,operator,mechanic_repairman,female,2024-11-12,saturday,12.99,morning,0.4,mobile_equipment,cleaning_clearing,hit_by_moving,multiple,foot_lower_leg,permanent_disability,full
2522,INC-F0004077,formal_small,surface,other,45,8.4,operator,mechanic_repairman,male,2024-08-09,friday,12.97,morning,4.1,mobile_equipment,cleaning_clearing,other,laceration,hand_finger,temporary_disability,none
2523,INC-0E0E44F7,artisanal,surface,south_africa,31,2.8,operator,laborer,male,2023-07-18,wednesday,9.83,morning,3.7,mobile_equipment,operating_equipment,falling,abrasion,hand_finger,temporary_disability,none
2524,INC-3FD36973,artisanal,surface,tanzania,26,10.0,operator,other,male,2022-06-21,friday,13.38,morning,7.9,mobile_equipment,directing_equipment,other,abrasion,hand_finger,temporary_disability,none
2525,INC-C5B76C49,formal_large,surface,south_africa,41,23.0,operator,mechanic_repairman,male,2022-01-28,wednesday,12.83,morning,0.6,mobile_equipment,cleaning_clearing,fall_slip,contusion,foot_lower_leg,restricted_work,partial
2526,INC-974265BD,artisanal,underground,tanzania,36,6.0,operator,other,male,2022-02-04,tuesday,9.92,morning,2.8,earth_moving,charging_up,other,laceration,foot_lower_leg,temporary_disability,none
2527,INC-353FABAA,artisanal,underground,south_africa,31,15.0,contractor,supervisor,male,2023-08-30,monday,13.46,morning,8.0,none,other,struck_by_rock,fracture,multiple,fatality,none
2528,INC-E07D798D,artisanal,surface,tanzania,36,3.2,operator,mechanic_repairman,female,2021-05-01,thursday,12.78,morning,7.7,components_parts,operating_equipment,falling,contusion,torso,restricted_work,none
2529,INC-9D3241BA,artisanal,surface,south_africa,23,7.0,operator,mechanic_repairman,male,2022-11-01,saturday,14.03,evening,7.4,haul_truck,maintenance_repair,struck_by_object,fracture,head_face,fatality,none
2530,INC-706C7090,artisanal,surface,south_africa,37,10.5,operator,mechanic_repairman,female,2023-02-18,friday,17.33,evening,5.7,mobile_equipment,maintenance_repair,pit_collapse,fracture,hand_finger,days_away,none
2531,INC-B23D20EF,artisanal,surface,ethiopia,34,2.2,contractor,other,male,2023-05-11,wednesday,11.23,morning,2.7,hand_tools,maintenance_repair,pit_collapse,laceration,head_face,fatality,none
2532,INC-BF49E6D9,artisanal,surface,ghana,39,2.3,operator,welder,male,2020-10-30,friday,10.68,morning,8.2,components_parts,maintenance_repair,falling,abrasion,foot_lower_leg,days_away,none
2533,INC-5778E7B7,formal_large,surface,zimbabwe,51,22.2,contractor,laborer,male,2024-02-13,monday,10.49,morning,3.3,light_vehicle,maintenance_repair,trapped_between,laceration,head_face,temporary_disability,full
2534,INC-37F3949C,artisanal,surface,ghana,37,6.1,contractor,welder,male,2022-03-02,friday,13.5,morning,5.6,mobile_equipment,operating_equipment,falling,contusion,upper_extremity,fatality,none
2535,INC-07D3114E,formal_small,underground,other,45,22.0,operator,driller,male,2024-09-05,friday,12.15,morning,11.7,drill_rig,other,struck_by_rock,laceration,head_face,permanent_disability,partial
2536,INC-26C679CB,artisanal,surface,ghana,30,10.9,operator,other,male,2022-03-20,wednesday,10.73,morning,5.9,components_parts,lifting_lowering,pit_collapse,other,upper_extremity,first_aid,none
2537,INC-E6C3B488,formal_small,underground,zimbabwe,34,12.8,operator,other,male,2023-12-25,friday,11.19,morning,6.6,none,other,other,multiple,head_face,days_away,partial
2538,INC-D46E4D06,formal_large,surface,other,46,15.7,operator,welder,male,2020-07-22,friday,13.5,morning,2.6,mobile_equipment,lifting_lowering,other,laceration,torso,fatality,full
2539,INC-72A0826E,formal_small,surface,tanzania,46,28.0,operator,other,female,2024-06-23,saturday,11.62,morning,1.5,mobile_equipment,other,fall_slip,laceration,upper_extremity,days_away,partial
2540,INC-65181B08,formal_small,underground,ghana,47,19.3,operator,driller,male,2020-02-19,tuesday,12.17,morning,0.8,none,walking,falling_object,laceration,upper_extremity,days_away,full
2541,INC-A788BF7E,formal_small,surface,ethiopia,52,33.5,operator,laborer,female,2022-11-02,monday,6.96,morning,5.1,components_parts,other,struck_by_object,multiple,hand_finger,permanent_disability,full
2542,INC-805EF16C,formal_large,surface,south_africa,37,19.0,operator,other,male,2023-09-28,friday,13.45,morning,8.9,haul_truck,maintenance_repair,other,laceration,torso,permanent_disability,full
2543,INC-E4C0021C,formal_large,underground,zimbabwe,49,30.0,operator,laborer,female,2021-09-09,thursday,21.76,evening,5.6,none,charging_up,hit_by_moving,multiple,head_face,temporary_disability,full
2544,INC-5EE90A94,formal_small,surface,ghana,26,5.6,contractor,welder,male,2024-10-12,friday,10.34,morning,2.2,components_parts,other,hit_by_moving,multiple,torso,temporary_disability,full
2545,INC-6D0CAD61,formal_small,surface,drc,41,12.4,operator,other,male,2023-05-07,friday,11.19,morning,0.1,haul_truck,directing_equipment,trapped_between,amputation,hand_finger,first_aid,full
2546,INC-9BF16A29,artisanal,surface,drc,29,9.4,contractor,truck_operator,female,2024-07-05,sunday,12.39,morning,2.1,haul_truck,other,falling,fracture,hand_finger,days_away,partial
2547,INC-72CF0AD0,formal_large,surface,south_africa,40,19.1,operator,laborer,male,2022-10-12,thursday,6.98,morning,9.6,mobile_equipment,other,vehicle_motion,fracture,head_face,days_away,full
2548,INC-D97C819B,formal_large,surface,south_africa,56,16.4,contractor,laborer,male,2023-07-14,monday,13.39,morning,0.7,none,cleaning_clearing,other,amputation,hand_finger,restricted_work,full
2549,INC-B061E492,formal_large,surface,ghana,41,23.0,operator,welder,male,2020-04-12,friday,14.12,evening,7.8,hand_tools,cleaning_clearing,trapped_between,laceration,upper_extremity,permanent_disability,partial
2550,INC-220BF850,formal_small,underground,zimbabwe,48,8.4,operator,driller,male,2020-04-30,monday,13.08,morning,8.4,none,drilling,fall_from_height,laceration,multiple,restricted_work,none
2551,INC-A919A03D,formal_small,surface,ghana,26,8.0,operator,welder,male,2022-11-17,friday,10.95,morning,9.3,mobile_equipment,other,hit_by_moving,multiple,upper_extremity,days_away,full
2552,INC-7E32A2E9,artisanal,surface,ethiopia,43,6.5,operator,mechanic_repairman,male,2021-11-09,saturday,11.55,morning,2.6,light_vehicle,other,struck_by_object,abrasion,upper_extremity,days_away,none
2553,INC-DB1655E7,artisanal,surface,zimbabwe,28,6.4,contractor,other,male,2022-02-01,friday,10.44,morning,11.0,mobile_equipment,cleaning_clearing,struck_by_object,contusion,hand_finger,days_away,none
2554,INC-69CC6E1B,formal_large,surface,other,39,21.0,operator,welder,male,2023-01-26,friday,12.6,morning,1.6,mobile_equipment,operating_equipment,other,amputation,hand_finger,first_aid,full
2555,INC-3208A915,artisanal,underground,ghana,36,1.2,operator,laborer,male,2021-11-05,tuesday,21.86,evening,8.2,rock_drill,walking,fall_from_height,fracture,multiple,days_away,none
2556,INC-1797B780,formal_large,surface,south_africa,34,16.0,operator,mechanic_repairman,male,2024-12-24,thursday,14.94,evening,3.0,none,other,trapped_between,multiple,upper_extremity,first_aid,partial
2557,INC-306C4419,formal_large,surface,ghana,65,15.7,operator,laborer,male,2023-08-15,thursday,12.56,morning,2.4,mobile_equipment,other,struck_by_object,contusion,foot_lower_leg,days_away,full
2558,INC-D580EDC4,formal_small,underground,ethiopia,36,18.0,operator,driller,male,2023-01-08,wednesday,4.04,night,9.8,drill_rig,other,hit_by_moving,contusion,head_face,permanent_disability,full
2559,INC-8148FCF1,formal_large,underground,ghana,43,25.0,operator,other,male,2024-06-04,friday,2.06,night,4.3,drill_rig,other,fall_from_height,fracture,foot_lower_leg,first_aid,none
2560,INC-144CA214,artisanal,underground,ghana,28,3.8,operator,other,male,2020-02-13,wednesday,0.74,night,10.5,none,drilling,falling_object,fracture,hand_finger,days_away,none
2561,INC-6A9D14B3,artisanal,surface,ghana,18,1.9,operator,laborer,male,2020-12-25,sunday,11.41,morning,4.8,mobile_equipment,other,pit_collapse,fracture,hand_finger,fatality,none
2562,INC-61017934,artisanal,surface,tanzania,22,6.0,operator,mechanic_repairman,female,2024-02-22,thursday,11.33,morning,4.2,hand_tools,cleaning_clearing,other,laceration,hand_finger,days_away,none
2563,INC-9F978C30,formal_small,surface,other,44,18.1,operator,truck_operator,male,2023-12-22,friday,17.23,evening,6.4,mobile_equipment,maintenance_repair,other,multiple,foot_lower_leg,days_away,full
2564,INC-982493E1,artisanal,surface,ghana,33,2.8,contractor,excavator_operator,male,2022-12-01,friday,15.53,evening,6.1,none,lifting_lowering,struck_by_object,fracture,hand_finger,fatality,none
2565,INC-5693E56C,formal_small,underground,south_africa,27,9.0,operator,driller,female,2020-11-05,friday,10.6,morning,2.0,drill_rig,drilling,hit_by_moving,fracture,hand_finger,days_away,full
2566,INC-8F175AE6,formal_large,surface,ghana,38,13.6,operator,supervisor,female,2021-06-24,monday,7.52,morning,4.3,components_parts,operating_equipment,struck_by_object,laceration,hand_finger,days_away,full
2567,INC-F8EFAF8B,formal_large,surface,ghana,46,12.4,contractor,truck_operator,male,2022-11-18,friday,14.74,evening,2.6,haul_truck,operating_equipment,other,amputation,hand_finger,days_away,partial
2568,INC-6830C7B0,artisanal,underground,other,35,15.9,contractor,supervisor,female,2020-06-02,monday,13.73,morning,0.9,drill_rig,charging_up,other,laceration,multiple,fatality,none
2569,INC-1FD60EFD,artisanal,underground,zimbabwe,33,7.7,contractor,laborer,male,2024-03-28,monday,20.08,evening,3.7,drill_rig,other,struck_by_rock,fracture,multiple,permanent_disability,none
2570,INC-27A75E67,formal_large,surface,tanzania,43,25.0,operator,truck_operator,male,2021-08-25,monday,12.02,morning,0.3,none,other,other,laceration,head_face,temporary_disability,full
2571,INC-16D94747,formal_small,underground,other,21,3.0,contractor,other,male,2024-07-12,wednesday,2.82,night,1.4,rock_drill,other,hit_by_moving,fracture,head_face,temporary_disability,full
2572,INC-A71D6F16,artisanal,surface,ethiopia,38,3.7,operator,laborer,male,2022-09-02,sunday,11.41,morning,5.8,mobile_equipment,operating_equipment,pit_collapse,laceration,hand_finger,days_away,none
2573,INC-13997E48,artisanal,surface,south_africa,33,14.3,operator,mechanic_repairman,male,2021-07-17,friday,12.0,morning,4.8,haul_truck,other,pit_collapse,laceration,foot_lower_leg,days_away,none
2574,INC-6767A56D,formal_small,surface,ethiopia,37,10.4,operator,other,male,2020-03-16,tuesday,11.57,morning,0.2,components_parts,cleaning_clearing,vehicle_motion,contusion,foot_lower_leg,fatality,partial
2575,INC-64AC7CDB,artisanal,underground,ghana,25,2.6,operator,supervisor,male,2024-02-04,friday,3.75,night,6.6,earth_moving,other,struck_by_rock,abrasion,torso,fatality,none
2576,INC-EFC832C4,artisanal,underground,ghana,34,2.6,contractor,other,male,2023-04-24,sunday,22.36,night,9.1,none,other,other,fracture,multiple,days_away,none
2577,INC-52315990,artisanal,surface,other,31,3.6,operator,supervisor,female,2024-05-23,friday,9.93,morning,11.3,mobile_equipment,maintenance_repair,other,laceration,hand_finger,temporary_disability,none
2578,INC-C49E8BA6,formal_large,surface,ghana,52,12.1,operator,other,male,2021-02-01,saturday,10.66,morning,7.2,mobile_equipment,cleaning_clearing,struck_by_object,laceration,head_face,days_away,partial
2579,INC-3F7F62E8,artisanal,surface,zimbabwe,26,10.0,contractor,truck_operator,male,2020-11-11,tuesday,12.84,morning,4.4,haul_truck,operating_equipment,falling,abrasion,torso,restricted_work,none
2580,INC-D44099C1,formal_large,surface,south_africa,48,18.2,operator,mechanic_repairman,male,2021-03-05,monday,14.21,evening,7.0,haul_truck,operating_equipment,hit_by_moving,multiple,upper_extremity,days_away,full
2581,INC-138DC807,artisanal,underground,south_africa,34,18.0,operator,other,female,2021-12-03,wednesday,2.77,night,5.8,rock_drill,other,falling_object,contusion,multiple,permanent_disability,none
2582,INC-D213FD7F,formal_large,surface,ethiopia,54,18.9,operator,excavator_operator,male,2021-11-18,thursday,13.36,morning,6.1,haul_truck,operating_equipment,other,multiple,torso,fatality,full
2583,INC-13B065E3,formal_large,underground,drc,33,15.0,operator,laborer,male,2023-11-18,thursday,11.52,morning,5.8,rock_drill,other,struck_by_rock,laceration,upper_extremity,fatality,partial
2584,INC-AEDDA908,formal_large,surface,ethiopia,55,17.4,operator,mechanic_repairman,male,2024-10-07,friday,7.42,morning,8.0,mobile_equipment,operating_equipment,other,burns,hand_finger,fatality,partial
2585,INC-83272108,formal_small,surface,ghana,42,8.1,operator,truck_operator,male,2020-01-27,tuesday,6.12,morning,6.9,mobile_equipment,other,other,burns,multiple,days_away,none
2586,INC-F7CC8D22,formal_large,surface,south_africa,58,15.1,contractor,truck_operator,male,2022-09-02,friday,15.86,evening,6.8,mobile_equipment,other,other,laceration,foot_lower_leg,days_away,full
2587,INC-E40D20AD,formal_large,underground,zimbabwe,43,18.4,operator,supervisor,male,2023-02-16,monday,14.31,evening,9.7,none,other,struck_by_rock,fracture,multiple,days_away,full
2588,INC-4C571164,formal_small,surface,zimbabwe,23,5.0,contractor,welder,male,2021-03-12,thursday,10.46,morning,11.4,light_vehicle,cleaning_clearing,struck_by_object,fracture,foot_lower_leg,fatality,full
2589,INC-D25EF00B,formal_small,surface,drc,51,21.3,operator,truck_operator,male,2022-01-27,saturday,7.08,morning,6.3,mobile_equipment,operating_equipment,struck_by_object,burns,torso,fatality,partial
2590,INC-109A26D1,artisanal,surface,ethiopia,31,1.9,contractor,truck_operator,male,2023-08-29,saturday,12.75,morning,4.9,mobile_equipment,other,pit_collapse,fracture,torso,first_aid,none
2591,INC-82E35953,artisanal,underground,other,26,10.0,operator,mechanic_repairman,male,2022-08-02,monday,9.69,morning,8.5,drill_rig,other,other,fracture,multiple,fatality,none
2592,INC-30A349E0,artisanal,underground,drc,29,11.2,operator,laborer,male,2020-04-26,monday,12.21,morning,5.5,earth_moving,other,other,fracture,multiple,days_away,none
2593,INC-A222196B,formal_large,underground,ghana,38,4.2,operator,laborer,male,2022-02-02,monday,21.87,evening,8.8,earth_moving,other,other,laceration,multiple,days_away,full
2594,INC-7D435FAF,formal_large,surface,ethiopia,39,17.3,operator,truck_operator,male,2021-08-17,monday,11.57,morning,2.3,mobile_equipment,other,other,fracture,hand_finger,days_away,partial
2595,INC-CD26ECA1,artisanal,underground,tanzania,40,5.3,contractor,supervisor,male,2020-12-22,saturday,13.72,morning,10.6,earth_moving,charging_up,falling_object,fracture,multiple,days_away,none
2596,INC-8A446C3E,formal_large,surface,other,29,11.0,contractor,laborer,male,2020-07-08,friday,12.8,morning,7.3,mobile_equipment,directing_equipment,vehicle_motion,fracture,hand_finger,days_away,full
2597,INC-8281372C,formal_small,underground,ghana,58,28.9,operator,mechanic_repairman,male,2021-09-28,thursday,22.11,night,1.5,none,other,struck_by_rock,multiple,head_face,days_away,none
2598,INC-228BE16F,artisanal,surface,ethiopia,40,10.5,operator,truck_operator,female,2024-04-20,thursday,13.24,morning,0.2,mobile_equipment,other,pit_collapse,abrasion,hand_finger,days_away,none
2599,INC-463330EF,artisanal,surface,ghana,32,14.5,operator,laborer,male,2024-04-21,thursday,13.24,morning,5.3,none,cleaning_clearing,pit_collapse,abrasion,foot_lower_leg,days_away,none
2600,INC-12658CBD,formal_small,underground,tanzania,38,19.6,operator,other,male,2020-10-12,saturday,20.93,evening,2.7,components_parts,other,other,fracture,torso,permanent_disability,full
2601,INC-0F092F7F,artisanal,underground,other,31,3.8,contractor,blaster,male,2023-01-20,friday,4.61,night,3.8,none,other,other,contusion,multiple,permanent_disability,none
2602,INC-33637048,formal_small,surface,other,57,18.8,operator,laborer,male,2023-09-08,tuesday,12.19,morning,0.4,haul_truck,other,other,laceration,foot_lower_leg,days_away,full
2603,INC-89DE06DF,artisanal,surface,south_africa,20,4.0,contractor,laborer,male,2022-05-21,friday,11.79,morning,0.9,mobile_equipment,lifting_lowering,struck_by_object,contusion,head_face,days_away,none
2604,INC-A69C30F3,formal_large,underground,south_africa,38,20.0,contractor,mechanic_repairman,female,2020-03-04,friday,2.1,night,1.1,rock_drill,barring_scaling,fall_from_height,multiple,torso,days_away,full
2605,INC-C41E3F65,formal_large,underground,drc,34,10.5,operator,supervisor,male,2023-07-13,wednesday,18.94,evening,7.7,none,other,other,laceration,multiple,days_away,partial
2606,INC-A36A0323,artisanal,underground,ethiopia,42,7.3,operator,driller,male,2020-10-29,tuesday,18.97,evening,5.2,earth_moving,other,hit_by_moving,abrasion,foot_lower_leg,temporary_disability,none
2607,INC-E03A3215,formal_large,surface,other,55,27.8,operator,other,male,2020-12-01,saturday,12.13,morning,6.2,mobile_equipment,operating_equipment,struck_by_object,multiple,torso,days_away,partial
2608,INC-DB825C15,artisanal,surface,ghana,38,1.8,contractor,other,female,2021-06-03,tuesday,17.16,evening,6.4,components_parts,maintenance_repair,struck_by_object,contusion,upper_extremity,fatality,none
2609,INC-5BFCFB0B,formal_small,underground,drc,42,24.0,operator,driller,male,2020-06-01,monday,22.53,night,2.7,drill_rig,other,fall_from_height,multiple,foot_lower_leg,days_away,none
2610,INC-FCEE0A7F,artisanal,underground,tanzania,36,11.1,operator,supervisor,female,2024-09-05,monday,9.26,morning,9.3,earth_moving,other,other,abrasion,head_face,days_away,none
2611,INC-C60FE327,artisanal,underground,south_africa,18,2.0,operator,mechanic_repairman,male,2022-09-28,tuesday,19.86,evening,9.0,none,other,struck_by_rock,contusion,multiple,days_away,none
2612,INC-B8949F76,formal_small,surface,south_africa,42,17.2,operator,mechanic_repairman,male,2024-01-28,monday,10.7,morning,10.1,hand_tools,maintenance_repair,fall_slip,fracture,upper_extremity,temporary_disability,partial
2613,INC-591B1161,artisanal,surface,tanzania,31,9.7,operator,truck_operator,male,2020-01-22,friday,10.88,morning,1.5,hand_tools,lifting_lowering,falling,laceration,multiple,days_away,none
2614,INC-771004CB,formal_large,surface,south_africa,30,12.0,contractor,supervisor,male,2020-12-11,sunday,6.63,morning,10.5,mobile_equipment,operating_equipment,trapped_between,laceration,multiple,restricted_work,full
2615,INC-57895254,formal_small,underground,drc,38,20.0,operator,laborer,male,2020-09-27,monday,0.52,night,4.7,components_parts,other,other,fracture,head_face,days_away,partial
2616,INC-9DED91A3,formal_large,surface,ethiopia,47,12.5,operator,supervisor,male,2020-05-10,friday,7.41,morning,6.0,mobile_equipment,other,other,multiple,hand_finger,days_away,full
2617,INC-D876EF47,artisanal,surface,zimbabwe,29,3.1,operator,mechanic_repairman,male,2023-08-02,wednesday,16.45,evening,10.9,mobile_equipment,operating_equipment,falling,abrasion,multiple,fatality,none
2618,INC-217D32DC,artisanal,underground,ghana,35,9.9,contractor,driller,male,2020-10-31,thursday,13.61,morning,3.0,none,other,struck_by_rock,abrasion,multiple,temporary_disability,none
2619,INC-C5430A8E,artisanal,underground,other,27,8.8,operator,supervisor,female,2024-07-04,thursday,12.21,morning,5.0,none,other,other,fracture,hand_finger,days_away,none
2620,INC-B01503D6,artisanal,surface,tanzania,29,10.4,operator,other,male,2023-09-26,saturday,11.19,morning,1.9,mobile_equipment,maintenance_repair,other,fracture,head_face,days_away,none
2621,INC-9D4410D0,artisanal,underground,drc,35,1.7,operator,other,male,2021-06-04,thursday,10.51,morning,0.1,none,other,fall_from_height,fracture,multiple,days_away,none
2622,INC-2624BB5D,formal_large,surface,drc,30,12.0,operator,other,male,2021-05-07,friday,9.33,morning,9.5,light_vehicle,other,struck_by_object,fracture,hand_finger,restricted_work,full
2623,INC-42CB40D5,artisanal,surface,ethiopia,25,2.0,operator,other,male,2021-11-29,thursday,11.84,morning,5.0,components_parts,other,struck_by_object,other,foot_lower_leg,days_away,none
2624,INC-3D5D38E5,formal_small,surface,other,37,19.0,contractor,mechanic_repairman,male,2022-09-12,monday,13.14,morning,6.0,haul_truck,operating_equipment,struck_by_object,multiple,hand_finger,fatality,none
2625,INC-D5F01545,formal_small,surface,ethiopia,39,21.0,contractor,welder,male,2023-05-28,monday,12.68,morning,5.2,components_parts,other,trapped_between,laceration,hand_finger,fatality,full
2626,INC-63C7BF67,formal_small,underground,zimbabwe,43,25.0,operator,driller,male,2022-03-29,thursday,11.45,morning,10.4,none,other,struck_by_rock,laceration,multiple,days_away,full
2627,INC-309065F8,formal_large,underground,ghana,57,9.8,operator,other,male,2024-01-09,wednesday,20.3,evening,6.4,components_parts,drilling,other,other,head_face,days_away,full
2628,INC-3DD700D4,formal_large,surface,ghana,40,21.0,operator,welder,male,2023-11-05,friday,11.07,morning,0.7,none,other,fall_slip,laceration,hand_finger,days_away,full
2629,INC-75D8AA48,formal_large,underground,tanzania,36,6.1,operator,mechanic_repairman,male,2021-04-20,monday,1.61,night,1.3,rock_drill,drilling,fall_from_height,multiple,head_face,restricted_work,full
2630,INC-FE6BD462,formal_large,surface,ghana,65,15.1,operator,truck_operator,male,2021-12-24,saturday,12.77,morning,2.5,mobile_equipment,lifting_lowering,struck_by_object,fracture,torso,days_away,partial
2631,INC-4BC62BFF,formal_small,underground,tanzania,38,15.2,operator,other,male,2024-02-17,thursday,10.19,morning,6.8,earth_moving,other,falling_object,laceration,hand_finger,days_away,full
2632,INC-B45A8D25,artisanal,underground,other,26,4.8,operator,laborer,male,2023-08-17,friday,14.2,evening,2.7,none,drilling,other,laceration,multiple,fatality,none
2633,INC-614D6249,artisanal,surface,ghana,32,12.8,operator,truck_operator,male,2024-11-11,friday,12.96,morning,2.6,components_parts,directing_equipment,struck_by_object,fracture,foot_lower_leg,restricted_work,none
2634,INC-2C3C777D,formal_small,surface,south_africa,41,13.3,operator,mechanic_repairman,male,2020-06-26,sunday,14.6,evening,6.9,components_parts,other,other,amputation,torso,days_away,full
2635,INC-CD98B7C8,formal_small,surface,tanzania,39,9.9,operator,other,male,2020-06-09,thursday,8.21,morning,0.2,mobile_equipment,lifting_lowering,other,laceration,torso,days_away,full
2636,INC-E3803645,formal_small,surface,south_africa,40,22.0,operator,excavator_operator,male,2022-07-12,friday,11.62,morning,4.8,mobile_equipment,cleaning_clearing,struck_by_object,laceration,upper_extremity,fatality,full
2637,INC-208DF00A,formal_large,underground,drc,43,12.0,operator,other,male,2021-02-13,friday,22.76,night,11.7,rock_drill,other,hit_by_moving,laceration,multiple,fatality,none
2638,INC-F9B2CB38,artisanal,surface,zimbabwe,40,11.6,contractor,laborer,male,2023-09-13,friday,10.93,morning,11.8,haul_truck,other,pit_collapse,laceration,foot_lower_leg,first_aid,none
2639,INC-D76DEE18,formal_large,surface,zimbabwe,51,23.7,operator,truck_operator,male,2023-08-18,wednesday,11.4,morning,10.5,haul_truck,other,other,contusion,multiple,fatality,full
2640,INC-081503EF,artisanal,surface,ethiopia,36,13.8,operator,other,male,2022-03-22,monday,12.0,morning,5.3,mobile_equipment,other,other,fracture,hand_finger,first_aid,none
2641,INC-046DCA96,artisanal,underground,zimbabwe,38,10.6,contractor,laborer,male,2020-03-08,saturday,2.5,night,10.2,none,other,other,abrasion,head_face,days_away,none
2642,INC-E769253B,formal_small,surface,ghana,46,17.9,operator,other,female,2021-10-03,saturday,12.02,morning,7.9,mobile_equipment,directing_equipment,other,contusion,hand_finger,days_away,partial
2643,INC-D231EB16,artisanal,underground,ghana,31,12.2,contractor,supervisor,male,2021-06-02,wednesday,12.35,morning,1.5,components_parts,other,other,other,multiple,permanent_disability,none
2644,INC-229735FE,formal_large,surface,ghana,53,21.6,operator,laborer,male,2021-12-23,monday,14.65,evening,11.0,mobile_equipment,lifting_lowering,struck_by_object,fracture,head_face,fatality,partial
2645,INC-8DA4B38C,artisanal,surface,other,41,8.7,operator,truck_operator,male,2024-03-22,sunday,16.48,evening,11.6,components_parts,other,struck_by_object,other,multiple,fatality,none
2646,INC-A02A8B87,artisanal,surface,south_africa,18,2.0,operator,truck_operator,male,2023-09-11,saturday,15.29,evening,7.7,mobile_equipment,maintenance_repair,pit_collapse,other,torso,permanent_disability,none
2647,INC-42A80DC1,artisanal,surface,ghana,44,11.3,operator,laborer,male,2023-05-29,monday,11.84,morning,2.5,mobile_equipment,other,other,contusion,multiple,first_aid,none
2648,INC-5A418762,artisanal,surface,south_africa,45,2.8,contractor,other,male,2020-01-27,monday,11.25,morning,7.7,components_parts,maintenance_repair,falling,contusion,hand_finger,temporary_disability,none
2649,INC-CA4F2B96,artisanal,underground,ghana,33,3.5,operator,other,female,2023-03-15,friday,12.87,morning,6.4,earth_moving,charging_up,other,abrasion,hand_finger,fatality,none
2650,INC-D866D615,artisanal,underground,south_africa,36,2.6,operator,driller,female,2022-08-07,friday,11.18,morning,8.9,none,other,fall_from_height,laceration,hand_finger,fatality,none
2651,INC-30621A2C,formal_small,surface,drc,52,14.0,operator,other,male,2023-01-22,friday,13.92,morning,6.2,haul_truck,maintenance_repair,other,contusion,hand_finger,restricted_work,partial
2652,INC-5074ABAD,artisanal,surface,south_africa,30,8.3,operator,mechanic_repairman,female,2022-01-13,friday,7.09,morning,6.1,mobile_equipment,maintenance_repair,pit_collapse,abrasion,upper_extremity,days_away,none
2653,INC-B9FADD18,artisanal,surface,tanzania,29,2.9,operator,truck_operator,male,2022-07-05,friday,10.38,morning,2.6,mobile_equipment,other,falling,other,hand_finger,temporary_disability,none
2654,INC-4C375465,formal_small,surface,ghana,44,17.8,contractor,truck_operator,male,2021-09-05,wednesday,12.58,morning,6.9,components_parts,operating_equipment,fall_slip,burns,foot_lower_leg,fatality,partial
2655,INC-F6C5668A,artisanal,underground,zimbabwe,26,0.8,operator,mechanic_repairman,male,2023-11-01,saturday,13.09,morning,4.2,earth_moving,other,other,fracture,foot_lower_leg,days_away,none
2656,INC-0BB6112A,formal_small,underground,south_africa,46,28.0,operator,supervisor,female,2021-12-31,wednesday,12.66,morning,2.3,components_parts,drilling,falling_object,other,head_face,restricted_work,full
2657,INC-738BAF65,formal_small,underground,tanzania,53,21.2,operator,other,female,2024-04-29,friday,10.47,morning,1.7,earth_moving,barring_scaling,falling_object,contusion,torso,days_away,full
2658,INC-19518CD9,formal_large,surface,other,32,14.0,operator,truck_operator,male,2024-08-16,saturday,11.24,morning,0.0,hand_tools,cleaning_clearing,other,laceration,hand_finger,restricted_work,full
2659,INC-FBB37EF9,formal_large,surface,south_africa,65,34.4,contractor,laborer,male,2023-12-23,friday,7.3,morning,4.6,hand_tools,operating_equipment,fall_slip,multiple,head_face,fatality,none
2660,INC-1229334D,artisanal,surface,other,30,2.2,operator,excavator_operator,male,2022-08-17,friday,11.75,morning,2.2,mobile_equipment,other,other,abrasion,head_face,temporary_disability,none
2661,INC-263CB30F,formal_small,underground,ghana,38,20.0,contractor,laborer,male,2022-05-31,thursday,11.29,morning,5.1,drill_rig,other,other,multiple,foot_lower_leg,fatality,full
2662,INC-93638D61,formal_small,surface,ethiopia,39,8.9,operator,other,male,2022-08-09,sunday,14.49,evening,1.0,none,other,hit_by_moving,laceration,hand_finger,fatality,full
2663,INC-0EBE04F0,formal_large,underground,tanzania,31,13.0,operator,other,male,2023-11-22,thursday,14.13,evening,9.5,earth_moving,other,other,contusion,multiple,fatality,full
2664,INC-0ACE5EB4,formal_small,surface,south_africa,31,13.0,operator,mechanic_repairman,male,2024-04-23,friday,11.67,morning,8.1,mobile_equipment,cleaning_clearing,other,multiple,foot_lower_leg,restricted_work,none
2665,INC-0716C0B4,artisanal,surface,ghana,34,18.0,contractor,truck_operator,male,2023-10-11,friday,11.43,morning,6.6,light_vehicle,other,falling,fracture,torso,days_away,none
2666,INC-9AA9755B,artisanal,underground,south_africa,33,8.4,operator,driller,male,2023-07-31,thursday,9.19,morning,1.4,rock_drill,other,other,fracture,head_face,permanent_disability,none
2667,INC-022A9620,formal_large,surface,tanzania,52,15.2,operator,excavator_operator,male,2022-04-12,saturday,12.16,morning,2.4,mobile_equipment,operating_equipment,other,fracture,hand_finger,temporary_disability,full
2668,INC-29328FA3,formal_small,surface,ghana,64,10.7,operator,supervisor,female,2021-04-12,sunday,8.61,morning,1.9,none,other,other,fracture,head_face,days_away,none
2669,INC-515CEAE3,formal_small,surface,other,37,8.9,operator,supervisor,male,2021-09-02,saturday,10.82,morning,5.1,mobile_equipment,maintenance_repair,other,amputation,hand_finger,days_away,full
2670,INC-3AD3FC79,artisanal,underground,ghana,44,14.3,contractor,other,male,2024-12-26,thursday,1.44,night,1.7,none,drilling,fall_from_height,other,hand_finger,days_away,none
2671,INC-8AC4E5D3,formal_small,surface,other,46,23.3,contractor,other,male,2022-01-18,saturday,10.8,morning,4.6,haul_truck,other,other,contusion,upper_extremity,fatality,none
2672,INC-DFC35116,formal_small,underground,south_africa,45,8.8,operator,other,female,2022-05-30,saturday,1.72,night,11.9,components_parts,barring_scaling,falling_object,multiple,multiple,days_away,full
2673,INC-A26111AA,formal_small,surface,ethiopia,52,23.8,operator,excavator_operator,female,2022-06-19,tuesday,14.37,evening,1.6,light_vehicle,cleaning_clearing,vehicle_motion,multiple,foot_lower_leg,restricted_work,full
2674,INC-37FF4DCD,formal_small,surface,ghana,64,4.8,operator,truck_operator,male,2021-10-03,saturday,13.63,morning,11.3,components_parts,other,hit_by_moving,laceration,head_face,fatality,full
2675,INC-38818387,formal_small,surface,south_africa,57,11.2,operator,laborer,male,2020-09-25,saturday,12.0,morning,4.4,haul_truck,other,other,laceration,hand_finger,first_aid,full
2676,INC-BDD7A831,formal_small,surface,south_africa,40,16.5,operator,other,male,2021-02-04,friday,14.66,evening,3.1,mobile_equipment,other,other,multiple,torso,days_away,partial
2677,INC-56CA028B,artisanal,underground,tanzania,31,1.9,operator,supervisor,male,2021-02-02,saturday,3.94,night,2.0,earth_moving,other,other,fracture,hand_finger,days_away,none
2678,INC-6A59A3A5,artisanal,underground,south_africa,20,4.0,operator,driller,male,2020-12-29,thursday,14.0,evening,2.5,none,drilling,fall_from_height,contusion,multiple,days_away,none
2679,INC-6A0AFCD7,formal_large,underground,ethiopia,48,18.8,contractor,supervisor,male,2020-07-04,tuesday,13.42,morning,7.6,none,other,hit_by_moving,fracture,torso,days_away,partial
2680,INC-2D49621A,artisanal,underground,other,42,2.6,operator,driller,female,2024-09-01,thursday,15.11,evening,0.4,drill_rig,drilling,fall_from_height,contusion,head_face,days_away,none
2681,INC-F203CFEF,artisanal,surface,ghana,22,6.0,contractor,truck_operator,male,2020-05-12,friday,14.55,evening,6.7,mobile_equipment,cleaning_clearing,falling,contusion,foot_lower_leg,restricted_work,none
2682,INC-77ECA2D1,formal_large,surface,south_africa,48,11.5,operator,mechanic_repairman,male,2020-08-02,friday,10.23,morning,5.7,mobile_equipment,directing_equipment,other,amputation,upper_extremity,days_away,none
2683,INC-DCE55561,formal_small,underground,south_africa,42,9.4,contractor,mechanic_repairman,male,2022-10-30,wednesday,13.68,morning,4.4,none,charging_up,hit_by_moving,laceration,multiple,days_away,full
2684,INC-5B5A9637,formal_large,surface,south_africa,32,14.0,contractor,mechanic_repairman,male,2024-08-05,friday,10.34,morning,2.4,light_vehicle,directing_equipment,struck_by_object,laceration,hand_finger,fatality,partial
2685,INC-A2622366,artisanal,underground,zimbabwe,26,10.0,operator,driller,male,2023-06-28,thursday,1.28,night,8.3,rock_drill,drilling,other,abrasion,torso,temporary_disability,none
2686,INC-8E1E4C6D,formal_large,surface,tanzania,35,13.5,operator,laborer,male,2020-08-27,tuesday,7.37,morning,0.2,hand_tools,operating_equipment,vehicle_motion,amputation,upper_extremity,days_away,full
2687,INC-E79FAAC1,artisanal,surface,ghana,32,11.1,contractor,excavator_operator,female,2023-01-25,friday,10.48,morning,6.5,mobile_equipment,maintenance_repair,falling,laceration,upper_extremity,permanent_disability,none
2688,INC-603FBF05,formal_large,surface,south_africa,53,14.4,contractor,mechanic_repairman,male,2022-12-20,wednesday,13.01,morning,6.5,components_parts,other,hit_by_moving,fracture,head_face,fatality,full
2689,INC-D3D8CB93,formal_small,surface,ethiopia,54,24.4,operator,mechanic_repairman,female,2023-08-20,friday,14.23,evening,11.5,components_parts,operating_equipment,other,fracture,upper_extremity,days_away,full
2690,INC-8BFCC237,artisanal,surface,ghana,33,7.7,operator,laborer,male,2021-06-16,sunday,12.33,morning,4.0,mobile_equipment,other,other,contusion,upper_extremity,fatality,none
2691,INC-FCFCF0B2,formal_small,surface,ethiopia,41,23.0,contractor,welder,male,2022-01-12,monday,11.92,morning,10.8,mobile_equipment,other,hit_by_moving,burns,hand_finger,fatality,full
2692,INC-B303E33E,artisanal,surface,other,20,4.0,operator,truck_operator,male,2024-10-30,sunday,10.43,morning,3.1,haul_truck,operating_equipment,pit_collapse,other,multiple,fatality,none
2693,INC-B9D3E780,artisanal,surface,ghana,25,9.0,operator,laborer,male,2023-12-30,friday,11.72,morning,5.3,mobile_equipment,other,pit_collapse,abrasion,upper_extremity,days_away,none
2694,INC-C4EBB7E9,artisanal,surface,zimbabwe,20,4.0,operator,mechanic_repairman,female,2021-04-14,sunday,12.72,morning,7.1,mobile_equipment,lifting_lowering,struck_by_object,abrasion,head_face,fatality,none
2695,INC-F84F09BB,formal_large,surface,drc,45,15.1,operator,mechanic_repairman,male,2023-09-27,tuesday,11.43,morning,11.5,mobile_equipment,directing_equipment,other,amputation,hand_finger,first_aid,partial
2696,INC-A88EF57B,artisanal,surface,tanzania,35,2.7,operator,truck_operator,male,2024-04-18,monday,11.06,morning,7.5,mobile_equipment,operating_equipment,pit_collapse,other,foot_lower_leg,fatality,none
2697,INC-386B9137,formal_large,underground,drc,54,24.4,operator,blaster,male,2023-07-22,monday,18.3,evening,5.0,earth_moving,charging_up,other,contusion,foot_lower_leg,days_away,partial
2698,INC-4AD6FAA7,formal_small,surface,drc,26,8.0,contractor,truck_operator,male,2023-02-19,friday,11.41,morning,11.4,mobile_equipment,other,other,laceration,hand_finger,days_away,partial
2699,INC-EA540657,artisanal,surface,zimbabwe,39,23.0,operator,mechanic_repairman,male,2023-10-30,thursday,10.07,morning,5.8,mobile_equipment,other,falling,abrasion,hand_finger,first_aid,none
2700,INC-56B32D92,artisanal,surface,zimbabwe,22,4.3,contractor,mechanic_repairman,male,2022-09-11,friday,14.17,evening,7.1,mobile_equipment,other,other,fracture,torso,permanent_disability,none
2701,INC-5EB801CA,formal_small,surface,tanzania,38,13.2,operator,mechanic_repairman,male,2021-02-26,friday,14.21,evening,6.4,mobile_equipment,other,other,amputation,multiple,fatality,full
2702,INC-C4162B39,formal_small,surface,tanzania,62,15.5,contractor,laborer,male,2022-06-07,thursday,14.67,evening,0.0,components_parts,maintenance_repair,struck_by_object,laceration,foot_lower_leg,fatality,full
2703,INC-1C533B01,artisanal,surface,tanzania,37,6.8,operator,supervisor,male,2022-11-05,sunday,9.43,morning,5.4,haul_truck,maintenance_repair,pit_collapse,other,hand_finger,days_away,none
2704,INC-01098258,artisanal,surface,ghana,37,3.3,operator,mechanic_repairman,male,2023-10-22,wednesday,11.8,morning,7.9,haul_truck,maintenance_repair,pit_collapse,contusion,hand_finger,fatality,none
2705,INC-10748813,formal_small,surface,drc,45,27.0,operator,laborer,male,2023-11-16,wednesday,14.56,evening,6.0,components_parts,other,other,contusion,hand_finger,first_aid,partial
2706,INC-8A65AC2C,artisanal,surface,south_africa,26,10.0,operator,truck_operator,male,2020-08-27,saturday,11.66,morning,9.0,mobile_equipment,other,falling,abrasion,foot_lower_leg,permanent_disability,none
2707,INC-44D8C5EE,formal_large,surface,south_africa,32,7.7,operator,other,male,2020-06-29,wednesday,14.5,evening,6.5,haul_truck,cleaning_clearing,vehicle_motion,burns,hand_finger,days_away,full
2708,INC-8AF98FC1,formal_large,surface,ghana,44,7.1,operator,truck_operator,male,2020-10-17,friday,15.58,evening,6.0,mobile_equipment,other,struck_by_object,multiple,upper_extremity,days_away,full
2709,INC-BA561A30,artisanal,surface,ghana,18,2.0,operator,mechanic_repairman,male,2021-03-27,friday,11.75,morning,3.0,mobile_equipment,other,struck_by_object,other,hand_finger,days_away,none
2710,INC-1CC4E195,artisanal,surface,tanzania,23,7.0,operator,welder,male,2021-05-21,wednesday,12.27,morning,9.2,light_vehicle,operating_equipment,falling,abrasion,torso,temporary_disability,none
2711,INC-5CC2F6E8,formal_large,underground,south_africa,52,34.0,contractor,laborer,male,2022-06-15,thursday,13.03,morning,9.4,earth_moving,walking,other,fracture,multiple,fatality,partial
2712,INC-C4AFBC50,formal_large,surface,tanzania,18,0.0,operator,mechanic_repairman,male,2023-07-28,wednesday,12.01,morning,4.5,mobile_equipment,operating_equipment,fall_slip,multiple,multiple,restricted_work,full
2713,INC-1DF523D2,formal_large,surface,zimbabwe,44,16.6,operator,mechanic_repairman,male,2022-01-26,monday,14.45,evening,2.1,mobile_equipment,other,other,amputation,foot_lower_leg,days_away,full
2714,INC-FF133478,artisanal,surface,south_africa,26,9.8,contractor,truck_operator,male,2022-04-03,wednesday,12.98,morning,6.2,haul_truck,maintenance_repair,other,contusion,foot_lower_leg,temporary_disability,none
2715,INC-A1FCC417,formal_large,surface,ghana,39,14.3,operator,laborer,male,2024-07-27,wednesday,12.68,morning,2.8,light_vehicle,lifting_lowering,other,contusion,hand_finger,restricted_work,full
2716,INC-FFAD12C4,formal_small,surface,zimbabwe,27,9.0,contractor,mechanic_repairman,male,2023-10-05,monday,12.72,morning,1.0,none,directing_equipment,other,amputation,upper_extremity,days_away,full
2717,INC-6EEACC1E,artisanal,underground,tanzania,41,4.6,operator,blaster,male,2023-10-02,thursday,10.91,morning,2.1,components_parts,other,fall_from_height,abrasion,upper_extremity,restricted_work,none
2718,INC-37B0CA4C,formal_large,underground,ghana,43,25.0,operator,other,male,2023-10-02,wednesday,13.11,morning,3.4,none,other,other,other,foot_lower_leg,first_aid,full
2719,INC-D63D1EE6,formal_small,surface,south_africa,41,9.4,contractor,truck_operator,male,2020-03-15,saturday,11.56,morning,10.8,haul_truck,cleaning_clearing,other,laceration,multiple,days_away,none
2720,INC-F91FFC80,formal_small,surface,ghana,42,18.9,operator,other,male,2023-09-01,saturday,11.66,morning,5.1,mobile_equipment,lifting_lowering,other,fracture,head_face,temporary_disability,full
2721,INC-BCE29CE0,artisanal,underground,south_africa,29,9.7,operator,driller,male,2022-04-29,monday,0.5,night,4.1,none,walking,other,abrasion,multiple,days_away,none
2722,INC-1770BDCC,formal_small,surface,south_africa,39,21.0,operator,truck_operator,female,2023-02-25,tuesday,11.72,morning,4.6,light_vehicle,other,other,laceration,torso,days_away,full
2723,INC-793472AB,formal_small,surface,other,33,15.0,operator,mechanic_repairman,male,2023-10-24,friday,9.97,morning,7.7,mobile_equipment,other,other,fracture,multiple,first_aid,full
2724,INC-6136B384,formal_large,underground,south_africa,29,5.6,operator,blaster,male,2020-04-03,monday,19.09,evening,10.6,none,charging_up,fall_from_height,multiple,multiple,days_away,full
2725,INC-42351FD6,artisanal,surface,south_africa,23,7.0,operator,excavator_operator,male,2023-05-06,thursday,12.42,morning,7.2,mobile_equipment,other,pit_collapse,abrasion,multiple,fatality,none
2726,INC-D0AAFF37,artisanal,surface,other,31,8.7,operator,mechanic_repairman,male,2024-05-31,monday,17.77,evening,0.9,none,operating_equipment,pit_collapse,fracture,foot_lower_leg,first_aid,none
2727,INC-E5EB8AB6,formal_large,surface,tanzania,36,7.0,operator,supervisor,male,2022-09-08,monday,12.09,morning,4.1,haul_truck,operating_equipment,hit_by_moving,amputation,hand_finger,fatality,full
2728,INC-402E1174,formal_small,surface,ghana,51,24.9,contractor,mechanic_repairman,male,2023-04-15,friday,8.55,morning,6.4,hand_tools,operating_equipment,trapped_between,multiple,multiple,days_away,full
2729,INC-712CBB0F,artisanal,surface,ethiopia,21,5.0,contractor,mechanic_repairman,male,2020-06-04,monday,13.63,morning,6.4,components_parts,lifting_lowering,other,fracture,multiple,days_away,none
2730,INC-AA98D57E,formal_large,surface,other,45,8.6,operator,supervisor,female,2023-10-09,saturday,9.84,morning,0.1,mobile_equipment,maintenance_repair,trapped_between,contusion,hand_finger,days_away,none
2731,INC-48A3F319,formal_large,surface,south_africa,42,21.2,contractor,other,male,2024-07-29,friday,13.05,morning,5.9,haul_truck,other,trapped_between,laceration,torso,days_away,partial
2732,INC-CB67108E,formal_small,surface,south_africa,33,9.6,contractor,laborer,male,2021-10-08,friday,11.07,morning,3.0,components_parts,other,other,multiple,foot_lower_leg,permanent_disability,partial
2733,INC-D66839F4,formal_large,surface,other,39,7.3,operator,truck_operator,male,2022-01-27,saturday,6.77,morning,10.0,mobile_equipment,other,other,amputation,multiple,restricted_work,none
2734,INC-F7BCDC46,formal_large,underground,drc,50,11.1,operator,other,male,2022-08-03,saturday,11.46,morning,4.6,none,charging_up,falling_object,contusion,hand_finger,days_away,partial
2735,INC-315BE44C,formal_small,surface,other,47,17.5,operator,excavator_operator,male,2020-09-22,monday,9.2,morning,7.7,mobile_equipment,operating_equipment,struck_by_object,fracture,foot_lower_leg,fatality,none
2736,INC-4098CB13,formal_large,underground,ghana,38,20.0,operator,supervisor,male,2020-06-14,thursday,13.54,morning,6.1,drill_rig,drilling,falling_object,other,torso,restricted_work,partial
2737,INC-423B556F,formal_small,surface,other,18,0.0,contractor,other,male,2020-06-03,friday,13.68,morning,10.2,none,other,other,multiple,foot_lower_leg,permanent_disability,none
2738,INC-6F1D25BF,artisanal,surface,ghana,34,5.6,operator,welder,female,2020-10-17,tuesday,7.16,morning,2.8,components_parts,other,falling,contusion,multiple,fatality,none
2739,INC-0958D90D,formal_small,surface,tanzania,36,18.0,operator,other,male,2023-12-04,thursday,15.97,evening,6.9,none,cleaning_clearing,fall_slip,fracture,hand_finger,fatality,full
2740,INC-6EDAEC9A,formal_large,surface,other,38,11.5,contractor,laborer,male,2023-02-23,wednesday,12.45,morning,7.4,components_parts,lifting_lowering,other,burns,head_face,restricted_work,full
2741,INC-105AF7C7,artisanal,surface,south_africa,23,5.2,operator,other,male,2023-01-23,monday,11.02,morning,7.9,mobile_equipment,maintenance_repair,falling,abrasion,upper_extremity,fatality,none
2742,INC-555BA7ED,formal_large,underground,south_africa,34,16.0,contractor,blaster,male,2020-05-17,thursday,14.6,evening,4.4,drill_rig,drilling,other,laceration,upper_extremity,fatality,partial
2743,INC-84C0A322,artisanal,underground,ethiopia,24,2.6,contractor,other,male,2021-04-04,monday,22.68,night,9.8,drill_rig,charging_up,other,other,upper_extremity,fatality,none
2744,INC-C099163A,formal_small,underground,drc,39,18.4,operator,blaster,female,2024-09-04,friday,13.63,morning,5.5,drill_rig,charging_up,fall_from_height,multiple,foot_lower_leg,days_away,full
2745,INC-CBDB9E8A,artisanal,surface,south_africa,33,8.2,operator,mechanic_repairman,male,2022-08-31,friday,14.71,evening,6.1,mobile_equipment,other,other,abrasion,foot_lower_leg,days_away,none
2746,INC-78AED820,formal_large,surface,other,50,19.8,operator,other,male,2020-05-27,wednesday,11.38,morning,6.3,light_vehicle,other,trapped_between,laceration,foot_lower_leg,days_away,full
2747,INC-4B7C864E,formal_large,surface,ghana,42,24.0,operator,other,male,2024-09-24,monday,12.64,morning,7.6,none,other,other,multiple,torso,temporary_disability,partial
2748,INC-10EDF427,formal_small,surface,ghana,52,23.6,contractor,supervisor,male,2022-10-29,saturday,15.73,evening,5.9,haul_truck,operating_equipment,fall_slip,laceration,hand_finger,fatality,full
2749,INC-79BDFC1A,formal_large,underground,ghana,28,10.0,operator,other,male,2022-06-19,tuesday,21.63,evening,7.1,rock_drill,drilling,hit_by_moving,fracture,foot_lower_leg,fatality,partial
2750,INC-F9650471,formal_large,underground,other,40,14.6,operator,other,male,2022-12-25,wednesday,11.79,morning,9.3,drill_rig,other,other,laceration,multiple,permanent_disability,full
2751,INC-58F9EF1E,artisanal,surface,south_africa,43,14.4,operator,other,male,2021-12-14,monday,11.36,morning,5.8,mobile_equipment,other,pit_collapse,laceration,upper_extremity,restricted_work,none
2752,INC-A2B6B45F,artisanal,underground,ethiopia,46,11.3,operator,driller,male,2023-06-04,thursday,11.87,morning,5.5,none,drilling,falling_object,abrasion,multiple,temporary_disability,none
2753,INC-0F93C280,formal_large,underground,south_africa,24,6.0,operator,other,female,2021-07-16,tuesday,18.51,evening,5.0,components_parts,other,other,laceration,multiple,fatality,full
2754,INC-9E5DB2D8,artisanal,surface,other,23,5.2,operator,supervisor,male,2021-10-09,tuesday,13.21,morning,0.6,mobile_equipment,operating_equipment,struck_by_object,laceration,hand_finger,first_aid,none
2755,INC-0D39764F,artisanal,underground,drc,26,6.0,operator,laborer,male,2020-11-28,friday,3.71,night,5.2,none,charging_up,hit_by_moving,other,multiple,first_aid,none
2756,INC-DD535B50,artisanal,surface,south_africa,34,18.0,contractor,excavator_operator,male,2020-12-23,monday,11.33,morning,1.4,haul_truck,maintenance_repair,struck_by_object,abrasion,upper_extremity,temporary_disability,none
2757,INC-6AE84DAD,artisanal,surface,ghana,38,10.4,operator,laborer,male,2024-07-20,thursday,13.89,morning,6.5,components_parts,other,falling,abrasion,multiple,permanent_disability,none
2758,INC-9869BEB0,artisanal,surface,ghana,18,2.0,operator,supervisor,male,2021-01-02,saturday,11.24,morning,4.2,light_vehicle,maintenance_repair,pit_collapse,abrasion,upper_extremity,days_away,none
2759,INC-22621EAF,formal_small,surface,ghana,38,7.9,operator,supervisor,female,2020-11-09,saturday,13.46,morning,1.7,components_parts,other,other,fracture,multiple,first_aid,full
2760,INC-C6169740,artisanal,surface,drc,31,13.6,operator,excavator_operator,male,2022-05-19,friday,11.18,morning,5.2,mobile_equipment,cleaning_clearing,pit_collapse,contusion,multiple,permanent_disability,none
2761,INC-5C6EDA09,artisanal,underground,ethiopia,27,5.4,operator,other,male,2020-04-09,friday,3.47,night,11.3,rock_drill,other,other,fracture,upper_extremity,fatality,none
2762,INC-4E5BB54A,formal_large,surface,ghana,33,15.0,operator,laborer,male,2022-01-19,thursday,11.52,morning,0.2,haul_truck,other,other,multiple,foot_lower_leg,days_away,none
2763,INC-C86DD6CB,formal_large,surface,tanzania,55,17.5,operator,other,male,2020-09-17,saturday,10.65,morning,6.7,mobile_equipment,lifting_lowering,struck_by_object,fracture,head_face,temporary_disability,full
2764,INC-032C5FE1,formal_large,surface,zimbabwe,46,19.7,operator,mechanic_repairman,male,2021-04-16,friday,16.7,evening,1.5,mobile_equipment,other,hit_by_moving,laceration,hand_finger,days_away,full
2765,INC-60F924BF,artisanal,surface,south_africa,18,2.0,contractor,laborer,male,2020-11-29,saturday,13.04,morning,4.4,mobile_equipment,other,falling,laceration,multiple,fatality,none
2766,INC-15A357C4,formal_small,underground,south_africa,52,18.3,contractor,mechanic_repairman,male,2024-04-30,thursday,20.84,evening,6.2,earth_moving,drilling,struck_by_rock,laceration,upper_extremity,fatality,full
2767,INC-55EC118C,artisanal,surface,ghana,21,5.0,operator,excavator_operator,male,2022-02-14,tuesday,11.79,morning,5.8,haul_truck,operating_equipment,pit_collapse,laceration,head_face,days_away,none
2768,INC-4E326038,artisanal,underground,ethiopia,26,4.8,operator,other,male,2020-01-04,wednesday,21.76,evening,10.3,rock_drill,drilling,falling_object,fracture,torso,first_aid,none
2769,INC-3B09A8BE,artisanal,surface,south_africa,31,15.0,operator,other,female,2024-07-19,friday,12.78,morning,4.3,mobile_equipment,other,pit_collapse,other,multiple,temporary_disability,none
2770,INC-62EFE62F,formal_large,surface,ethiopia,38,8.4,operator,mechanic_repairman,male,2024-12-27,monday,12.97,morning,0.4,mobile_equipment,maintenance_repair,other,multiple,upper_extremity,days_away,none
2771,INC-70B171EC,artisanal,surface,ghana,37,6.5,operator,excavator_operator,male,2020-09-03,thursday,13.73,morning,4.3,components_parts,maintenance_repair,falling,laceration,upper_extremity,permanent_disability,none
2772,INC-41EF943A,artisanal,surface,tanzania,33,16.5,operator,mechanic_repairman,male,2020-07-01,saturday,6.48,morning,4.0,haul_truck,other,falling,abrasion,hand_finger,days_away,none
2773,INC-7F095AE8,formal_large,underground,south_africa,33,15.0,operator,supervisor,male,2020-09-23,wednesday,14.14,evening,6.4,none,walking,hit_by_moving,laceration,upper_extremity,days_away,full
2774,INC-1FCF0345,artisanal,surface,zimbabwe,37,6.7,operator,laborer,male,2021-05-08,friday,13.52,morning,6.1,mobile_equipment,cleaning_clearing,other,laceration,upper_extremity,days_away,none
2775,INC-350FD479,formal_small,surface,south_africa,33,13.0,operator,supervisor,male,2022-03-09,friday,10.68,morning,3.9,mobile_equipment,operating_equipment,vehicle_motion,laceration,hand_finger,fatality,none
2776,INC-27A8705E,artisanal,surface,ghana,30,7.0,operator,laborer,male,2023-12-19,wednesday,14.38,evening,2.3,mobile_equipment,other,struck_by_object,abrasion,multiple,days_away,none
2777,INC-4BE27EF6,formal_small,underground,south_africa,45,27.0,operator,mechanic_repairman,male,2024-07-08,friday,0.94,night,11.1,components_parts,other,other,other,multiple,days_away,full
2778,INC-E33387CC,formal_large,surface,zimbabwe,60,24.9,operator,excavator_operator,male,2024-04-15,thursday,12.0,morning,1.9,mobile_equipment,other,vehicle_motion,fracture,hand_finger,restricted_work,full
2779,INC-EC63E933,formal_large,underground,drc,46,28.0,operator,laborer,male,2024-08-19,wednesday,12.76,morning,8.6,drill_rig,other,other,contusion,head_face,days_away,full
2780,INC-7546E024,formal_large,underground,south_africa,39,17.6,operator,other,male,2020-04-09,friday,19.85,evening,6.9,none,other,other,contusion,multiple,fatality,full
2781,INC-7446B48F,formal_large,surface,tanzania,41,23.0,contractor,truck_operator,male,2024-10-02,sunday,12.17,morning,6.5,none,other,vehicle_motion,laceration,hand_finger,fatality,none
2782,INC-CDC34CD0,artisanal,surface,ethiopia,25,1.3,operator,laborer,male,2023-04-10,wednesday,14.32,evening,6.0,haul_truck,maintenance_repair,falling,fracture,multiple,restricted_work,none
2783,INC-ACF9EBF2,formal_small,surface,zimbabwe,42,24.0,operator,other,male,2020-08-19,monday,10.46,morning,9.0,components_parts,other,other,laceration,multiple,days_away,full
2784,INC-F46EE289,formal_large,surface,ethiopia,62,12.4,operator,laborer,male,2024-12-19,wednesday,17.6,evening,3.9,mobile_equipment,other,struck_by_object,multiple,hand_finger,permanent_disability,partial
2785,INC-D1E88A5A,artisanal,underground,ghana,29,5.1,operator,driller,female,2023-07-12,friday,13.5,morning,5.7,rock_drill,other,struck_by_rock,abrasion,torso,first_aid,none
2786,INC-E5D704EE,artisanal,surface,tanzania,35,18.5,contractor,mechanic_repairman,male,2023-10-05,friday,17.67,evening,9.6,mobile_equipment,other,pit_collapse,laceration,multiple,days_away,none
2787,INC-B5ABE3EA,formal_small,underground,drc,54,29.5,operator,driller,male,2023-03-28,wednesday,3.56,night,2.7,drill_rig,other,other,laceration,torso,days_away,full
2788,INC-AEF64065,artisanal,surface,drc,38,18.0,contractor,welder,male,2023-12-01,thursday,15.97,evening,5.3,mobile_equipment,directing_equipment,pit_collapse,abrasion,head_face,permanent_disability,none
2789,INC-3E43B19A,formal_small,surface,ghana,45,23.4,operator,laborer,male,2020-02-25,monday,10.91,morning,8.9,mobile_equipment,other,vehicle_motion,amputation,upper_extremity,days_away,full
2790,INC-C22DD53F,artisanal,underground,tanzania,29,5.0,operator,other,female,2022-10-13,wednesday,19.33,evening,10.4,rock_drill,other,struck_by_rock,abrasion,head_face,days_away,none
2791,INC-114C45E2,formal_large,surface,south_africa,44,10.3,operator,welder,female,2023-05-12,friday,10.5,morning,10.9,haul_truck,other,other,amputation,foot_lower_leg,permanent_disability,full
2792,INC-5533A187,artisanal,surface,zimbabwe,24,0.9,operator,excavator_operator,male,2024-04-24,friday,13.07,morning,0.5,haul_truck,other,pit_collapse,laceration,hand_finger,temporary_disability,none
2793,INC-EE4704ED,artisanal,surface,south_africa,33,3.4,operator,other,male,2023-06-26,friday,13.81,morning,4.2,mobile_equipment,other,struck_by_object,contusion,hand_finger,fatality,none
2794,INC-B50CF55A,artisanal,surface,south_africa,34,4.9,operator,other,male,2021-03-29,tuesday,10.97,morning,4.3,mobile_equipment,cleaning_clearing,struck_by_object,fracture,upper_extremity,days_away,none
2795,INC-E7878BA4,formal_small,underground,ethiopia,45,16.5,operator,mechanic_repairman,male,2023-04-14,wednesday,10.4,morning,0.8,components_parts,other,hit_by_moving,laceration,foot_lower_leg,temporary_disability,full
2796,INC-4AC36D77,artisanal,surface,other,39,5.0,operator,mechanic_repairman,female,2021-03-26,tuesday,9.71,morning,6.3,haul_truck,cleaning_clearing,pit_collapse,other,foot_lower_leg,days_away,none
2797,INC-DD20467C,formal_small,underground,south_africa,47,29.0,operator,driller,male,2021-01-28,wednesday,0.8,night,8.9,rock_drill,charging_up,other,laceration,torso,temporary_disability,none
2798,INC-2E966A47,artisanal,surface,ethiopia,26,5.0,operator,welder,male,2023-02-02,thursday,9.05,morning,6.3,mobile_equipment,cleaning_clearing,falling,laceration,multiple,days_away,none
2799,INC-BD1E9385,artisanal,surface,ethiopia,26,7.6,contractor,laborer,male,2021-08-29,wednesday,11.18,morning,4.2,mobile_equipment,other,struck_by_object,abrasion,upper_extremity,first_aid,none
2800,INC-7812D92A,artisanal,surface,other,36,3.1,operator,other,male,2021-08-29,monday,9.96,morning,5.7,light_vehicle,operating_equipment,falling,abrasion,upper_extremity,first_aid,none
2801,INC-D6DEED5F,formal_small,underground,tanzania,39,21.0,operator,blaster,male,2022-10-08,sunday,10.35,morning,2.6,rock_drill,other,hit_by_moving,multiple,multiple,days_away,full
2802,INC-50EA9FC4,formal_large,surface,south_africa,34,16.0,operator,truck_operator,male,2020-12-20,saturday,13.23,morning,7.8,mobile_equipment,maintenance_repair,vehicle_motion,laceration,torso,first_aid,full
2803,INC-F356F081,formal_small,surface,south_africa,52,12.6,operator,mechanic_repairman,male,2020-09-09,sunday,11.14,morning,4.8,components_parts,maintenance_repair,struck_by_object,multiple,torso,days_away,full
2804,INC-D57A5F03,formal_large,surface,ethiopia,43,4.9,operator,laborer,male,2022-03-08,tuesday,12.96,morning,7.1,mobile_equipment,other,other,amputation,hand_finger,restricted_work,full
2805,INC-3508D3E8,formal_large,surface,south_africa,52,8.7,operator,welder,male,2020-10-16,friday,12.21,morning,6.0,hand_tools,other,vehicle_motion,fracture,multiple,days_away,full
2806,INC-6A8CB71E,formal_large,underground,other,58,17.9,operator,other,male,2023-09-05,thursday,10.16,morning,7.1,drill_rig,other,hit_by_moving,contusion,torso,temporary_disability,full
2807,INC-D197915A,artisanal,surface,other,27,6.8,operator,truck_operator,male,2023-06-29,thursday,11.81,morning,3.8,mobile_equipment,maintenance_repair,other,abrasion,multiple,fatality,none
2808,INC-E319071C,formal_large,underground,other,47,17.9,operator,other,male,2024-09-19,thursday,12.88,morning,5.1,components_parts,other,other,multiple,upper_extremity,temporary_disability,full
2809,INC-81CF5E83,formal_large,surface,ghana,46,28.0,operator,other,male,2020-10-29,thursday,10.44,morning,8.1,none,operating_equipment,other,contusion,multiple,restricted_work,full
2810,INC-FC97D6E9,formal_large,surface,tanzania,65,11.0,operator,truck_operator,male,2023-09-27,friday,11.08,morning,7.9,mobile_equipment,lifting_lowering,other,laceration,multiple,restricted_work,full
2811,INC-277526DB,artisanal,surface,tanzania,27,9.1,operator,mechanic_repairman,male,2020-01-31,thursday,12.24,morning,5.4,mobile_equipment,other,pit_collapse,fracture,upper_extremity,permanent_disability,none
2812,INC-F35D7A1F,artisanal,underground,south_africa,39,5.3,operator,supervisor,male,2023-02-03,wednesday,12.0,morning,6.5,earth_moving,other,other,abrasion,hand_finger,days_away,none
2813,INC-78DC3326,formal_large,surface,ghana,44,10.5,operator,mechanic_repairman,male,2020-12-03,thursday,13.5,morning,6.7,mobile_equipment,other,struck_by_object,amputation,head_face,fatality,partial
2814,INC-2F6B8E12,formal_large,surface,south_africa,32,14.0,operator,mechanic_repairman,male,2023-08-11,tuesday,15.27,evening,10.4,mobile_equipment,other,other,multiple,multiple,permanent_disability,none
2815,INC-1AFC78FE,formal_small,surface,ghana,40,14.7,operator,mechanic_repairman,male,2020-05-17,friday,12.18,morning,11.9,mobile_equipment,directing_equipment,hit_by_moving,multiple,multiple,temporary_disability,partial
2816,INC-5CB9143F,formal_large,surface,other,57,14.6,operator,truck_operator,male,2020-03-17,friday,8.53,morning,9.3,mobile_equipment,cleaning_clearing,struck_by_object,multiple,head_face,days_away,full
2817,INC-8773D7D5,formal_small,surface,drc,30,12.0,operator,mechanic_repairman,male,2021-05-30,monday,15.11,evening,6.6,mobile_equipment,other,fall_slip,amputation,upper_extremity,temporary_disability,full
2818,INC-135FA7C6,formal_small,underground,ghana,35,10.1,operator,laborer,male,2021-10-01,wednesday,1.41,night,1.3,none,drilling,fall_from_height,multiple,multiple,temporary_disability,full
2819,INC-A7AABBCC,artisanal,surface,zimbabwe,21,5.0,operator,excavator_operator,male,2023-10-20,wednesday,17.49,evening,6.1,hand_tools,operating_equipment,struck_by_object,contusion,hand_finger,days_away,none
2820,INC-F74B8788,formal_large,surface,south_africa,53,28.7,operator,welder,male,2020-12-16,tuesday,12.93,morning,6.7,components_parts,operating_equipment,trapped_between,fracture,hand_finger,days_away,none
2821,INC-DE26D7A5,artisanal,surface,ghana,45,20.4,operator,laborer,male,2023-12-06,wednesday,13.2,morning,0.5,light_vehicle,operating_equipment,pit_collapse,fracture,multiple,permanent_disability,none
2822,INC-E74B525D,formal_large,surface,south_africa,40,22.0,operator,other,male,2022-06-22,monday,12.35,morning,10.5,mobile_equipment,operating_equipment,other,laceration,foot_lower_leg,fatality,partial
2823,INC-32A67363,artisanal,surface,ethiopia,26,10.0,operator,other,male,2020-05-10,friday,13.16,morning,8.2,mobile_equipment,lifting_lowering,pit_collapse,laceration,head_face,temporary_disability,none
2824,INC-16C5FD37,artisanal,underground,tanzania,36,10.5,contractor,blaster,male,2024-10-06,thursday,12.62,morning,6.7,none,other,other,contusion,multiple,fatality,none
2825,INC-C028D377,artisanal,surface,drc,30,5.6,contractor,welder,male,2022-11-07,friday,13.87,morning,7.0,mobile_equipment,operating_equipment,pit_collapse,laceration,hand_finger,fatality,none
2826,INC-DD097F96,formal_small,underground,other,41,13.9,operator,supervisor,male,2024-04-02,sunday,0.84,night,6.9,components_parts,barring_scaling,other,laceration,multiple,days_away,full
2827,INC-1CD46B72,formal_large,surface,south_africa,53,17.6,operator,truck_operator,male,2020-06-09,friday,12.37,morning,10.3,hand_tools,other,other,multiple,hand_finger,permanent_disability,full
2828,INC-D5167CC0,artisanal,underground,tanzania,32,4.8,contractor,laborer,male,2022-04-04,thursday,11.07,morning,6.7,none,other,falling_object,abrasion,torso,days_away,none
2829,INC-4F8B824C,artisanal,surface,south_africa,28,7.1,operator,laborer,male,2020-12-07,wednesday,10.84,morning,3.0,mobile_equipment,other,falling,contusion,multiple,permanent_disability,none
2830,INC-6F8CB100,formal_large,underground,ghana,36,11.6,operator,supervisor,male,2022-07-29,tuesday,13.95,morning,10.2,none,drilling,other,fracture,head_face,permanent_disability,none
2831,INC-F81AED04,formal_small,surface,zimbabwe,29,11.0,operator,truck_operator,male,2023-12-02,friday,10.16,morning,10.3,haul_truck,other,other,amputation,torso,fatality,full
2832,INC-14280E37,formal_small,surface,south_africa,29,11.0,operator,supervisor,male,2024-03-30,saturday,12.08,morning,0.8,mobile_equipment,other,other,amputation,head_face,restricted_work,full
2833,INC-88A084D8,artisanal,surface,south_africa,36,10.3,operator,laborer,female,2024-11-09,thursday,12.97,morning,7.6,mobile_equipment,other,pit_collapse,fracture,upper_extremity,days_away,none
2834,INC-DC541440,artisanal,surface,ghana,28,8.6,operator,mechanic_repairman,male,2021-04-24,thursday,10.9,morning,7.6,mobile_equipment,maintenance_repair,other,fracture,torso,fatality,none
2835,INC-EB8CE051,artisanal,surface,south_africa,26,8.1,operator,welder,male,2021-05-10,sunday,12.37,morning,9.9,mobile_equipment,lifting_lowering,falling,abrasion,hand_finger,days_away,none
2836,INC-065F0ADB,artisanal,surface,other,43,12.8,operator,other,male,2023-10-31,friday,13.86,morning,4.2,mobile_equipment,directing_equipment,struck_by_object,fracture,multiple,first_aid,none
2837,INC-64891C18,formal_large,underground,ghana,48,12.3,operator,blaster,male,2023-11-19,sunday,18.97,evening,7.9,none,other,fall_from_height,other,hand_finger,permanent_disability,full
2838,INC-781F4392,formal_small,underground,zimbabwe,45,6.5,operator,driller,male,2021-08-25,wednesday,11.18,morning,7.2,none,other,falling_object,laceration,upper_extremity,first_aid,partial
2839,INC-F13A4954,formal_large,surface,other,36,17.9,operator,excavator_operator,male,2021-09-16,thursday,13.97,morning,9.8,mobile_equipment,other,struck_by_object,laceration,hand_finger,permanent_disability,partial
2840,INC-82F3A3D4,artisanal,underground,ethiopia,31,9.9,operator,driller,male,2020-12-22,thursday,11.05,morning,0.4,components_parts,drilling,other,abrasion,multiple,days_away,none
2841,INC-61B313D1,formal_small,surface,ghana,31,13.0,operator,laborer,male,2023-12-03,friday,12.51,morning,6.4,mobile_equipment,maintenance_repair,vehicle_motion,laceration,hand_finger,fatality,partial
2842,INC-7D30F743,formal_small,surface,other,40,20.0,contractor,laborer,male,2020-07-22,wednesday,12.48,morning,2.8,none,lifting_lowering,fall_slip,contusion,upper_extremity,days_away,partial
2843,INC-A5DA8333,formal_large,surface,south_africa,53,15.7,operator,welder,male,2022-11-07,monday,10.13,morning,2.2,mobile_equipment,cleaning_clearing,other,multiple,hand_finger,permanent_disability,partial
2844,INC-2D56D938,formal_large,surface,south_africa,35,15.3,operator,truck_operator,male,2021-12-05,friday,14.11,evening,6.4,components_parts,maintenance_repair,other,multiple,foot_lower_leg,temporary_disability,partial
2845,INC-E19F17AD,formal_small,surface,zimbabwe,36,18.0,operator,laborer,male,2022-09-24,friday,11.78,morning,5.6,light_vehicle,other,other,burns,upper_extremity,fatality,none
2846,INC-B6D9FF9A,formal_large,surface,ghana,31,13.0,operator,mechanic_repairman,male,2024-08-13,thursday,10.4,morning,11.5,haul_truck,other,other,laceration,foot_lower_leg,first_aid,full
2847,INC-6397A3E8,formal_large,surface,drc,39,9.6,operator,laborer,male,2024-01-16,monday,12.33,morning,5.7,haul_truck,maintenance_repair,struck_by_object,fracture,upper_extremity,temporary_disability,full
2848,INC-21705661,artisanal,surface,south_africa,26,10.0,operator,mechanic_repairman,male,2024-07-09,sunday,10.19,morning,8.1,mobile_equipment,operating_equipment,struck_by_object,other,hand_finger,days_away,none
2849,INC-A351B090,formal_small,underground,ethiopia,46,23.5,contractor,supervisor,male,2023-06-25,saturday,11.75,morning,5.5,none,other,struck_by_rock,other,multiple,permanent_disability,full
2850,INC-8111F91B,formal_small,surface,tanzania,63,19.2,operator,other,male,2022-02-21,friday,10.37,morning,1.8,hand_tools,directing_equipment,hit_by_moving,multiple,head_face,days_away,full
2851,INC-E2056381,formal_small,underground,other,45,26.8,operator,other,male,2024-11-07,thursday,10.12,morning,7.8,rock_drill,other,other,laceration,upper_extremity,fatality,full
2852,INC-1723FA74,artisanal,surface,south_africa,20,3.6,contractor,laborer,male,2022-10-21,wednesday,11.82,morning,0.2,components_parts,operating_equipment,other,laceration,head_face,restricted_work,none
2853,INC-4F4A7A02,formal_large,surface,south_africa,42,24.0,operator,mechanic_repairman,male,2021-10-24,tuesday,12.26,morning,6.4,mobile_equipment,other,fall_slip,burns,multiple,first_aid,full
2854,INC-8F196DDA,artisanal,surface,other,43,2.7,operator,supervisor,female,2024-04-12,friday,14.87,evening,4.6,components_parts,other,pit_collapse,contusion,multiple,fatality,none
2855,INC-787549DA,artisanal,underground,ethiopia,26,10.0,operator,blaster,male,2024-10-09,saturday,22.77,night,0.1,components_parts,drilling,other,fracture,hand_finger,days_away,none
2856,INC-0BFF100D,artisanal,surface,south_africa,45,0.8,operator,laborer,male,2022-05-22,monday,12.24,morning,7.1,haul_truck,cleaning_clearing,pit_collapse,contusion,foot_lower_leg,temporary_disability,none
2857,INC-FD4BAC86,formal_small,surface,south_africa,51,33.0,operator,laborer,male,2024-02-20,thursday,13.01,morning,6.8,mobile_equipment,other,fall_slip,multiple,multiple,days_away,none
2858,INC-3778F5D3,artisanal,underground,drc,33,3.0,operator,laborer,male,2022-06-18,friday,10.65,morning,6.5,rock_drill,other,hit_by_moving,laceration,upper_extremity,days_away,none
2859,INC-EA244DBE,formal_small,underground,ethiopia,49,17.8,operator,supervisor,male,2022-06-20,monday,23.06,night,1.7,rock_drill,other,other,laceration,upper_extremity,days_away,full
2860,INC-159DC561,formal_small,surface,ethiopia,37,19.0,operator,truck_operator,female,2022-08-23,sunday,11.57,morning,9.5,components_parts,maintenance_repair,struck_by_object,contusion,head_face,days_away,none
2861,INC-7526AAAB,formal_small,surface,other,64,37.7,operator,excavator_operator,male,2022-07-03,friday,12.49,morning,9.7,haul_truck,operating_equipment,trapped_between,multiple,multiple,fatality,none
2862,INC-73010FE8,formal_large,surface,south_africa,42,19.1,operator,excavator_operator,male,2024-06-18,sunday,12.36,morning,2.4,mobile_equipment,other,other,multiple,hand_finger,fatality,full
2863,INC-6FED6C81,formal_large,surface,south_africa,45,27.0,contractor,truck_operator,male,2024-07-04,thursday,14.52,evening,5.1,mobile_equipment,lifting_lowering,struck_by_object,laceration,hand_finger,first_aid,full
2864,INC-0BFE4886,formal_small,underground,ethiopia,48,11.2,operator,other,male,2023-12-18,thursday,22.63,night,6.5,none,drilling,struck_by_rock,laceration,hand_finger,permanent_disability,partial
2865,INC-68AD3730,formal_large,surface,other,46,12.1,operator,excavator_operator,male,2022-12-08,monday,14.84,evening,11.3,haul_truck,other,vehicle_motion,multiple,foot_lower_leg,first_aid,full
2866,INC-E571F3C3,formal_small,surface,ghana,57,39.0,operator,truck_operator,female,2020-07-25,sunday,11.73,morning,7.3,mobile_equipment,lifting_lowering,fall_slip,multiple,upper_extremity,restricted_work,full
2867,INC-10F3E0DF,formal_small,surface,tanzania,37,19.0,contractor,other,male,2021-09-08,saturday,11.79,morning,4.7,components_parts,other,other,fracture,upper_extremity,days_away,full
2868,INC-3D6583B7,artisanal,surface,south_africa,31,5.6,operator,other,female,2020-09-15,friday,13.07,morning,3.5,haul_truck,cleaning_clearing,struck_by_object,fracture,torso,days_away,none
2869,INC-8AD655B8,formal_large,surface,south_africa,50,25.6,operator,truck_operator,male,2020-03-16,tuesday,10.4,morning,2.4,hand_tools,maintenance_repair,struck_by_object,burns,multiple,temporary_disability,full
2870,INC-BF52967F,artisanal,surface,other,31,15.0,operator,truck_operator,male,2023-02-28,friday,13.18,morning,9.6,mobile_equipment,other,other,laceration,foot_lower_leg,days_away,none
2871,INC-8B066D6B,formal_small,surface,south_africa,44,16.6,operator,mechanic_repairman,male,2021-07-01,monday,11.12,morning,6.2,components_parts,lifting_lowering,other,laceration,upper_extremity,days_away,full
2872,INC-88FB8FA8,formal_large,surface,south_africa,52,13.5,operator,other,male,2020-05-23,sunday,14.34,evening,1.9,haul_truck,directing_equipment,hit_by_moving,contusion,hand_finger,temporary_disability,partial
2873,INC-5CD28A76,formal_large,surface,drc,40,15.3,operator,mechanic_repairman,male,2021-01-31,friday,9.58,morning,4.8,mobile_equipment,operating_equipment,hit_by_moving,amputation,torso,days_away,full
2874,INC-97396905,formal_large,surface,ghana,39,8.9,contractor,supervisor,male,2020-04-30,tuesday,8.97,morning,6.2,mobile_equipment,other,hit_by_moving,laceration,hand_finger,restricted_work,full
2875,INC-B83C988B,formal_large,surface,ghana,49,24.6,contractor,other,male,2020-08-23,tuesday,11.2,morning,0.7,hand_tools,maintenance_repair,other,fracture,head_face,days_away,partial
2876,INC-51D39B4B,formal_large,surface,drc,46,23.4,contractor,truck_operator,female,2022-06-26,monday,12.67,morning,6.6,light_vehicle,operating_equipment,struck_by_object,amputation,hand_finger,fatality,full
2877,INC-D16FE1D4,formal_small,underground,south_africa,35,17.0,operator,mechanic_repairman,male,2023-05-13,friday,23.35,night,0.6,none,other,fall_from_height,fracture,torso,days_away,partial
2878,INC-E3F27FEE,formal_small,underground,tanzania,55,33.6,contractor,other,male,2023-12-10,wednesday,23.42,night,7.2,none,other,hit_by_moving,contusion,torso,fatality,full
2879,INC-94D1E5D1,formal_large,underground,ghana,49,18.6,operator,supervisor,male,2021-12-23,saturday,14.05,evening,8.4,none,other,other,multiple,upper_extremity,days_away,none
2880,INC-679D04E7,formal_large,surface,south_africa,42,22.2,operator,supervisor,male,2023-09-14,friday,13.94,morning,6.0,haul_truck,maintenance_repair,struck_by_object,laceration,multiple,days_away,full
2881,INC-636EFC22,formal_large,surface,tanzania,38,6.7,contractor,welder,male,2020-06-21,monday,10.31,morning,8.5,none,other,other,laceration,foot_lower_leg,first_aid,none
2882,INC-674AFFE8,formal_small,surface,ghana,46,25.8,contractor,truck_operator,male,2020-08-22,thursday,10.11,morning,2.4,none,other,other,contusion,upper_extremity,temporary_disability,full
2883,INC-E95174AF,formal_large,underground,other,49,23.7,contractor,mechanic_repairman,male,2021-08-20,friday,1.81,night,7.7,components_parts,other,other,other,multiple,fatality,full
2884,INC-142200CC,formal_small,surface,other,27,9.0,operator,other,male,2023-03-09,wednesday,9.94,morning,7.6,mobile_equipment,lifting_lowering,struck_by_object,fracture,head_face,fatality,partial
2885,INC-731C2321,formal_large,surface,drc,46,16.6,operator,welder,male,2020-09-13,friday,11.03,morning,7.3,haul_truck,maintenance_repair,other,fracture,hand_finger,temporary_disability,full
2886,INC-69BD0991,formal_large,surface,ghana,49,31.0,contractor,mechanic_repairman,female,2020-01-03,friday,12.17,morning,6.2,components_parts,maintenance_repair,other,fracture,hand_finger,first_aid,full
2887,INC-FBCB1794,artisanal,surface,south_africa,46,2.6,contractor,laborer,male,2022-12-29,tuesday,11.75,morning,4.8,components_parts,operating_equipment,pit_collapse,other,hand_finger,temporary_disability,none
2888,INC-E32E3D38,formal_large,underground,other,20,2.0,operator,driller,male,2022-01-14,wednesday,10.74,morning,8.5,none,charging_up,other,contusion,head_face,days_away,none
2889,INC-4D2373A7,formal_large,surface,zimbabwe,44,13.0,operator,laborer,female,2022-02-18,tuesday,16.0,evening,6.6,haul_truck,cleaning_clearing,struck_by_object,amputation,hand_finger,days_away,full
2890,INC-E2449191,formal_large,surface,tanzania,49,23.7,operator,laborer,male,2022-02-06,wednesday,11.98,morning,1.4,light_vehicle,lifting_lowering,struck_by_object,laceration,torso,fatality,none
2891,INC-C52E6264,artisanal,underground,drc,18,1.4,operator,driller,female,2024-09-01,wednesday,19.23,evening,6.8,drill_rig,other,fall_from_height,abrasion,multiple,fatality,none
2892,INC-7CAEF1BC,artisanal,surface,ghana,32,3.8,operator,truck_operator,female,2020-07-29,sunday,7.9,morning,0.6,light_vehicle,other,falling,laceration,hand_finger,permanent_disability,none
2893,INC-3BB5739A,artisanal,surface,south_africa,28,5.1,contractor,laborer,male,2023-01-16,thursday,9.44,morning,1.6,mobile_equipment,other,falling,fracture,head_face,days_away,none
2894,INC-77F4E8A4,artisanal,surface,ethiopia,29,7.8,operator,truck_operator,male,2023-10-31,wednesday,12.5,morning,2.9,mobile_equipment,other,other,abrasion,multiple,days_away,none
2895,INC-6DD34B0F,formal_large,surface,ethiopia,48,30.0,operator,welder,male,2023-10-29,thursday,13.75,morning,6.0,haul_truck,operating_equipment,vehicle_motion,fracture,hand_finger,first_aid,none
2896,INC-14272A1B,artisanal,surface,ghana,31,10.6,operator,mechanic_repairman,male,2020-06-04,tuesday,12.44,morning,7.9,haul_truck,maintenance_repair,struck_by_object,contusion,hand_finger,days_away,none
2897,INC-53BA724C,formal_large,surface,ethiopia,50,8.0,operator,laborer,male,2021-09-03,friday,12.47,morning,10.4,mobile_equipment,other,other,fracture,head_face,temporary_disability,full
2898,INC-B6C31E30,artisanal,underground,drc,28,12.0,operator,mechanic_repairman,male,2024-10-19,tuesday,14.27,evening,4.4,drill_rig,walking,other,other,multiple,fatality,none
2899,INC-12922A01,formal_small,surface,ghana,39,21.0,operator,supervisor,male,2023-10-09,wednesday,6.51,morning,0.3,mobile_equipment,other,struck_by_object,amputation,multiple,restricted_work,full
2900,INC-5146C4D0,formal_small,surface,south_africa,33,15.0,operator,mechanic_repairman,male,2024-08-12,sunday,10.37,morning,7.4,haul_truck,operating_equipment,fall_slip,laceration,head_face,temporary_disability,partial
2901,INC-CA2E3BA5,artisanal,surface,tanzania,32,2.1,operator,mechanic_repairman,female,2023-09-03,friday,13.86,morning,0.5,mobile_equipment,other,other,abrasion,head_face,fatality,none
2902,INC-4777E296,formal_large,underground,drc,25,7.0,contractor,other,male,2020-05-06,wednesday,3.35,night,7.6,earth_moving,other,other,other,upper_extremity,first_aid,partial
2903,INC-4708653E,artisanal,surface,other,30,0.7,operator,supervisor,male,2024-12-14,friday,10.76,morning,6.5,mobile_equipment,maintenance_repair,falling,other,hand_finger,days_away,none
2904,INC-61EBAE18,formal_small,underground,south_africa,53,21.9,contractor,driller,male,2024-03-04,thursday,23.0,night,2.3,none,other,fall_from_height,other,head_face,fatality,partial
2905,INC-05A7CF4D,artisanal,surface,other,21,5.0,operator,truck_operator,male,2023-04-22,wednesday,17.13,evening,2.2,mobile_equipment,operating_equipment,pit_collapse,fracture,multiple,restricted_work,none
2906,INC-D2C797C9,artisanal,surface,drc,33,2.6,operator,truck_operator,female,2020-01-02,tuesday,11.69,morning,0.6,mobile_equipment,lifting_lowering,struck_by_object,fracture,hand_finger,days_away,none
2907,INC-5310B3E9,formal_large,underground,tanzania,49,13.6,operator,laborer,male,2024-07-30,thursday,12.32,morning,2.4,drill_rig,other,struck_by_rock,laceration,hand_finger,days_away,full
2908,INC-F54DE3AB,artisanal,surface,ghana,35,4.7,operator,excavator_operator,male,2024-06-14,monday,11.71,morning,7.6,mobile_equipment,operating_equipment,struck_by_object,laceration,torso,days_away,none
2909,INC-9755994A,formal_small,surface,south_africa,54,15.7,operator,welder,male,2024-05-01,saturday,12.88,morning,4.8,hand_tools,maintenance_repair,other,amputation,upper_extremity,first_aid,partial
2910,INC-2A28B0FC,artisanal,underground,zimbabwe,27,5.8,contractor,laborer,female,2021-06-29,tuesday,2.9,night,5.4,none,drilling,hit_by_moving,fracture,multiple,temporary_disability,none
2911,INC-70C70EF4,formal_large,surface,ghana,36,18.0,operator,mechanic_repairman,male,2024-08-04,sunday,13.34,morning,4.7,mobile_equipment,maintenance_repair,trapped_between,fracture,upper_extremity,days_away,full
2912,INC-B9C17DB2,formal_small,surface,ghana,50,23.3,operator,supervisor,male,2020-01-15,tuesday,12.58,morning,2.5,components_parts,other,struck_by_object,fracture,hand_finger,permanent_disability,none
2913,INC-C6DCB7D8,artisanal,underground,other,43,4.9,operator,blaster,male,2022-11-12,thursday,11.7,morning,0.3,earth_moving,other,other,abrasion,foot_lower_leg,days_away,none
2914,INC-3A05115F,formal_small,underground,south_africa,28,10.0,operator,laborer,male,2023-11-04,wednesday,1.28,night,10.1,components_parts,other,struck_by_rock,laceration,head_face,days_away,partial
2915,INC-B013BAAA,formal_large,underground,other,34,16.0,contractor,mechanic_repairman,female,2021-02-12,saturday,14.01,evening,5.3,none,walking,other,laceration,head_face,temporary_disability,full
2916,INC-DBAC3053,formal_large,underground,zimbabwe,44,17.0,contractor,other,male,2024-11-01,friday,11.84,morning,2.9,none,walking,other,other,multiple,fatality,none
2917,INC-C096DA45,artisanal,surface,drc,40,1.3,operator,mechanic_repairman,male,2022-12-04,sunday,12.56,morning,4.7,light_vehicle,other,falling,abrasion,multiple,restricted_work,none
2918,INC-9B0FCC00,formal_large,underground,ghana,49,10.1,operator,laborer,male,2020-10-25,monday,13.28,morning,0.5,none,charging_up,struck_by_rock,laceration,upper_extremity,fatality,full
2919,INC-96E6B396,artisanal,surface,ethiopia,36,8.2,operator,other,male,2024-08-09,friday,14.63,evening,4.7,haul_truck,other,pit_collapse,contusion,head_face,days_away,none
2920,INC-BAB771ED,artisanal,surface,ethiopia,36,20.0,operator,supervisor,female,2020-08-18,friday,11.21,morning,3.0,mobile_equipment,lifting_lowering,pit_collapse,other,hand_finger,first_aid,none
2921,INC-7FBFB3AF,formal_large,surface,other,58,25.5,operator,mechanic_repairman,female,2024-11-11,sunday,13.87,morning,1.0,haul_truck,other,struck_by_object,burns,torso,temporary_disability,none
2922,INC-CB3093A3,formal_large,underground,south_africa,40,21.3,operator,other,male,2024-11-23,wednesday,12.0,morning,4.1,rock_drill,drilling,other,laceration,multiple,fatality,full
2923,INC-1739A192,artisanal,surface,south_africa,31,6.8,contractor,supervisor,male,2024-09-23,sunday,12.27,morning,7.0,components_parts,operating_equipment,struck_by_object,abrasion,hand_finger,days_away,none
2924,INC-8B39CB0C,formal_large,underground,other,34,14.0,operator,supervisor,male,2021-08-11,saturday,10.57,morning,5.2,components_parts,drilling,struck_by_rock,other,multiple,days_away,full
2925,INC-A604586E,formal_small,surface,south_africa,34,13.5,contractor,laborer,male,2022-03-16,friday,11.36,morning,9.0,haul_truck,other,fall_slip,multiple,head_face,fatality,full
2926,INC-5654F471,artisanal,surface,ethiopia,38,22.0,operator,other,male,2023-10-15,thursday,11.86,morning,0.9,mobile_equipment,cleaning_clearing,pit_collapse,fracture,hand_finger,days_away,none
2927,INC-5C91B0B5,formal_small,surface,south_africa,36,18.0,operator,laborer,male,2024-01-08,friday,12.69,morning,6.4,mobile_equipment,other,fall_slip,laceration,hand_finger,permanent_disability,full
2928,INC-68EE80F4,formal_small,surface,south_africa,64,5.3,operator,truck_operator,female,2021-01-16,tuesday,11.89,morning,8.8,hand_tools,maintenance_repair,struck_by_object,contusion,hand_finger,days_away,full
2929,INC-1AD3378A,artisanal,surface,ethiopia,41,0.8,operator,laborer,female,2022-06-11,wednesday,11.48,morning,6.8,mobile_equipment,other,pit_collapse,abrasion,hand_finger,first_aid,none
2930,INC-88543F1F,formal_small,surface,ethiopia,50,21.1,operator,laborer,male,2021-12-02,saturday,7.27,morning,6.7,haul_truck,directing_equipment,fall_slip,laceration,head_face,temporary_disability,none
2931,INC-7653C42E,formal_large,surface,ethiopia,53,13.2,operator,supervisor,male,2023-06-17,monday,10.52,morning,7.7,mobile_equipment,lifting_lowering,hit_by_moving,amputation,multiple,fatality,none
2932,INC-400BEC53,formal_small,surface,zimbabwe,40,22.0,contractor,welder,male,2023-11-12,thursday,11.78,morning,6.9,hand_tools,operating_equipment,struck_by_object,amputation,torso,days_away,full
2933,INC-130FC5A6,artisanal,surface,tanzania,36,3.8,contractor,other,male,2022-02-26,wednesday,12.14,morning,11.6,mobile_equipment,operating_equipment,struck_by_object,laceration,hand_finger,fatality,none
2934,INC-4CA7326C,artisanal,surface,other,26,10.0,operator,truck_operator,female,2024-06-16,friday,14.68,evening,6.5,mobile_equipment,maintenance_repair,struck_by_object,abrasion,hand_finger,temporary_disability,none
2935,INC-E82A901D,formal_small,surface,ghana,42,12.1,operator,other,male,2021-07-06,tuesday,9.44,morning,4.5,haul_truck,operating_equipment,fall_slip,multiple,hand_finger,permanent_disability,full
2936,INC-02824EDA,formal_large,surface,ghana,49,22.8,operator,truck_operator,female,2023-10-13,sunday,12.8,morning,4.1,mobile_equipment,operating_equipment,other,laceration,head_face,days_away,none
2937,INC-030355DE,formal_large,surface,ghana,38,20.0,operator,mechanic_repairman,male,2022-03-17,friday,15.2,evening,6.9,haul_truck,other,hit_by_moving,laceration,upper_extremity,days_away,full
2938,INC-45B04C21,formal_large,surface,drc,40,14.2,operator,mechanic_repairman,male,2020-07-12,monday,12.94,morning,7.5,mobile_equipment,maintenance_repair,other,amputation,foot_lower_leg,fatality,none
2939,INC-5B8EC7B2,formal_large,surface,ghana,36,15.3,contractor,other,female,2021-07-14,wednesday,16.56,evening,6.4,hand_tools,maintenance_repair,struck_by_object,laceration,upper_extremity,fatality,full
2940,INC-E5AD83E3,artisanal,surface,tanzania,30,3.7,operator,supervisor,male,2024-03-10,monday,12.04,morning,8.0,components_parts,other,falling,abrasion,foot_lower_leg,days_away,none
2941,INC-3E4EC7EA,formal_large,surface,ghana,38,20.0,operator,welder,male,2022-02-11,monday,11.61,morning,7.6,components_parts,directing_equipment,hit_by_moving,multiple,multiple,days_away,full
2942,INC-890D6A32,artisanal,surface,ethiopia,34,8.6,contractor,other,male,2023-12-10,thursday,8.74,morning,7.8,none,other,struck_by_object,other,hand_finger,days_away,none
2943,INC-76814645,formal_large,surface,drc,43,25.0,operator,truck_operator,male,2023-05-22,wednesday,11.32,morning,2.7,components_parts,maintenance_repair,vehicle_motion,contusion,torso,restricted_work,partial
2944,INC-42193D51,formal_large,surface,zimbabwe,35,17.0,operator,truck_operator,male,2022-01-24,thursday,12.69,morning,6.9,mobile_equipment,other,trapped_between,laceration,hand_finger,temporary_disability,none
2945,INC-25C8B478,formal_small,surface,zimbabwe,45,15.5,operator,mechanic_repairman,male,2021-01-01,wednesday,12.18,morning,10.3,mobile_equipment,other,fall_slip,fracture,hand_finger,first_aid,partial
2946,INC-AFC1524D,formal_large,underground,ghana,45,15.3,operator,other,male,2023-08-12,wednesday,2.78,night,2.6,earth_moving,drilling,hit_by_moving,laceration,multiple,days_away,partial
2947,INC-53C53497,artisanal,surface,zimbabwe,36,6.9,operator,welder,male,2023-05-20,wednesday,14.38,evening,1.1,mobile_equipment,cleaning_clearing,falling,fracture,head_face,days_away,none
2948,INC-89C04806,artisanal,surface,ghana,30,5.7,operator,excavator_operator,male,2021-07-26,sunday,8.21,morning,11.4,haul_truck,other,falling,fracture,torso,days_away,none
2949,INC-55F30218,artisanal,underground,drc,26,10.0,operator,other,male,2020-05-14,friday,11.54,morning,7.9,drill_rig,barring_scaling,fall_from_height,fracture,multiple,fatality,none
2950,INC-3C704ADB,formal_large,surface,ghana,41,10.5,operator,mechanic_repairman,male,2021-12-12,saturday,14.42,evening,6.4,mobile_equipment,operating_equipment,hit_by_moving,burns,upper_extremity,temporary_disability,full
2951,INC-8272818A,artisanal,surface,south_africa,41,7.1,operator,mechanic_repairman,male,2020-01-03,monday,10.52,morning,5.9,hand_tools,directing_equipment,other,abrasion,upper_extremity,days_away,none
2952,INC-5517D367,formal_large,underground,south_africa,35,4.4,operator,driller,male,2023-11-12,monday,10.73,morning,4.2,earth_moving,other,other,multiple,upper_extremity,days_away,full
2953,INC-03909958,artisanal,surface,zimbabwe,23,7.0,operator,truck_operator,male,2021-03-01,friday,12.57,morning,3.9,mobile_equipment,maintenance_repair,pit_collapse,laceration,hand_finger,first_aid,none
2954,INC-2C3C5346,formal_small,underground,other,43,25.0,operator,blaster,male,2021-12-19,thursday,10.76,morning,7.7,earth_moving,other,other,laceration,multiple,fatality,none
2955,INC-160FDD7C,formal_large,surface,ghana,38,17.4,contractor,truck_operator,male,2021-01-04,tuesday,11.67,morning,5.6,haul_truck,cleaning_clearing,struck_by_object,multiple,hand_finger,days_away,partial
2956,INC-98FFF4CD,formal_large,surface,ghana,43,10.3,operator,excavator_operator,male,2024-07-27,friday,14.03,evening,4.4,none,operating_equipment,other,fracture,hand_finger,days_away,partial
2957,INC-4807BF99,formal_large,surface,ghana,53,28.2,operator,excavator_operator,male,2024-03-01,saturday,13.75,morning,6.8,components_parts,other,struck_by_object,fracture,torso,days_away,partial
2958,INC-9F48F32E,formal_large,surface,other,31,13.0,contractor,mechanic_repairman,male,2024-09-03,friday,10.89,morning,9.1,mobile_equipment,other,struck_by_object,laceration,torso,days_away,full
2959,INC-FCC57314,artisanal,underground,drc,24,8.0,operator,other,male,2023-10-12,thursday,3.07,night,9.9,rock_drill,barring_scaling,fall_from_height,other,foot_lower_leg,first_aid,full
2960,INC-5A005271,artisanal,surface,south_africa,21,5.0,operator,mechanic_repairman,male,2020-08-12,friday,14.13,evening,1.6,haul_truck,other,pit_collapse,fracture,head_face,temporary_disability,none
2961,INC-9995F0B7,artisanal,surface,ethiopia,24,3.0,operator,laborer,male,2023-05-01,saturday,12.0,morning,5.3,mobile_equipment,operating_equipment,falling,laceration,torso,fatality,none
2962,INC-0037BBF6,formal_large,surface,drc,63,25.4,operator,supervisor,male,2022-04-12,monday,12.85,morning,1.6,mobile_equipment,other,fall_slip,multiple,multiple,permanent_disability,full
2963,INC-F14D7452,formal_small,underground,drc,42,15.2,contractor,supervisor,male,2023-07-13,thursday,11.87,morning,9.0,none,other,other,laceration,multiple,days_away,partial
2964,INC-B343FF76,formal_large,surface,zimbabwe,46,21.5,contractor,welder,male,2023-06-18,friday,13.78,morning,0.8,components_parts,lifting_lowering,struck_by_object,laceration,upper_extremity,fatality,none
2965,INC-23F6DCA6,formal_small,underground,tanzania,35,11.3,operator,blaster,male,2023-04-25,friday,3.93,night,6.2,drill_rig,other,struck_by_rock,multiple,head_face,fatality,none
2966,INC-CB739AFA,formal_large,surface,ethiopia,53,26.1,contractor,excavator_operator,male,2023-02-19,monday,11.18,morning,8.0,mobile_equipment,lifting_lowering,other,multiple,hand_finger,first_aid,full
2967,INC-68C7821B,formal_large,underground,south_africa,41,13.8,contractor,laborer,male,2024-02-18,sunday,21.67,evening,6.6,drill_rig,barring_scaling,other,laceration,multiple,permanent_disability,full
2968,INC-D7D98133,formal_small,surface,south_africa,39,21.0,operator,other,male,2024-05-07,monday,14.57,evening,4.1,components_parts,operating_equipment,other,laceration,multiple,first_aid,full
2969,INC-454830EE,formal_large,surface,ghana,37,19.0,contractor,supervisor,female,2022-09-01,friday,13.73,morning,0.2,components_parts,other,trapped_between,laceration,multiple,days_away,full
2970,INC-82FB5400,formal_small,surface,south_africa,40,9.2,operator,truck_operator,male,2020-01-03,wednesday,11.71,morning,4.2,mobile_equipment,other,hit_by_moving,multiple,foot_lower_leg,days_away,full
2971,INC-42FE37B7,artisanal,surface,ghana,39,23.0,contractor,other,male,2020-02-02,monday,13.55,morning,3.3,mobile_equipment,other,falling,abrasion,multiple,temporary_disability,none
2972,INC-3CC96008,formal_large,surface,drc,46,28.0,contractor,excavator_operator,male,2020-03-03,monday,10.58,morning,1.3,mobile_equipment,directing_equipment,other,fracture,multiple,first_aid,full
2973,INC-36B62BC7,artisanal,surface,drc,39,10.4,operator,excavator_operator,male,2024-04-25,sunday,10.32,morning,2.0,mobile_equipment,other,other,abrasion,upper_extremity,first_aid,none
2974,INC-8A5D5B18,formal_small,underground,south_africa,44,26.0,operator,other,male,2022-04-12,thursday,24.0,night,8.6,rock_drill,other,other,fracture,torso,restricted_work,none
2975,INC-1D6558EA,artisanal,underground,south_africa,30,6.1,contractor,driller,male,2022-05-08,thursday,12.36,morning,3.1,earth_moving,other,falling_object,contusion,foot_lower_leg,fatality,none
2976,INC-C105D816,artisanal,underground,tanzania,34,2.5,operator,supervisor,male,2021-05-31,friday,14.6,evening,0.4,earth_moving,drilling,other,fracture,foot_lower_leg,days_away,none
2977,INC-78DDC28F,artisanal,underground,zimbabwe,30,7.5,operator,supervisor,male,2024-08-22,friday,10.85,morning,2.5,none,walking,other,laceration,foot_lower_leg,days_away,none
2978,INC-E7002AEC,artisanal,underground,south_africa,22,4.0,operator,driller,male,2021-03-13,monday,24.0,night,1.5,components_parts,other,struck_by_rock,other,hand_finger,days_away,none
2979,INC-0AB0B84C,artisanal,surface,drc,46,2.0,operator,laborer,male,2024-06-18,tuesday,12.41,morning,3.3,mobile_equipment,operating_equipment,falling,abrasion,hand_finger,days_away,none
2980,INC-CBF15E71,artisanal,surface,south_africa,40,2.8,operator,welder,male,2023-05-08,thursday,12.86,morning,6.3,hand_tools,maintenance_repair,struck_by_object,contusion,hand_finger,days_away,full
2981,INC-11245645,formal_large,underground,south_africa,42,24.0,operator,driller,female,2021-12-30,thursday,12.66,morning,4.2,none,other,struck_by_rock,fracture,hand_finger,fatality,full
2982,INC-2A939195,formal_large,underground,tanzania,36,18.0,contractor,laborer,male,2023-04-23,thursday,11.39,morning,4.0,components_parts,other,other,laceration,torso,fatality,none
2983,INC-A241E454,artisanal,underground,ethiopia,33,1.7,contractor,other,male,2024-08-30,wednesday,11.23,morning,9.6,none,drilling,other,fracture,torso,fatality,none
2984,INC-9509470C,formal_large,underground,ghana,35,17.0,contractor,other,male,2020-04-29,friday,10.33,morning,1.6,earth_moving,other,other,laceration,hand_finger,days_away,none
2985,INC-0ABB4E1E,formal_large,surface,tanzania,38,20.0,operator,other,female,2020-04-16,wednesday,12.93,morning,5.3,none,other,fall_slip,multiple,hand_finger,days_away,none
2986,INC-C363D142,formal_large,underground,other,47,16.9,operator,other,male,2020-11-09,saturday,10.92,morning,4.2,drill_rig,other,fall_from_height,other,hand_finger,days_away,partial
2987,INC-4565C8BE,formal_small,underground,south_africa,49,6.7,operator,other,female,2023-04-24,friday,13.43,morning,7.4,rock_drill,other,other,laceration,upper_extremity,restricted_work,partial
2988,INC-918C33D1,formal_large,surface,ethiopia,50,23.7,operator,mechanic_repairman,male,2022-08-15,sunday,15.23,evening,3.8,mobile_equipment,directing_equipment,hit_by_moving,laceration,hand_finger,temporary_disability,full
2989,INC-FE2F35EB,artisanal,underground,south_africa,24,1.0,contractor,driller,male,2023-05-29,thursday,3.04,night,5.5,earth_moving,other,other,other,head_face,days_away,none
2990,INC-37908539,artisanal,surface,zimbabwe,29,5.4,operator,welder,male,2022-01-08,monday,9.26,morning,1.5,light_vehicle,lifting_lowering,struck_by_object,other,upper_extremity,restricted_work,none
2991,INC-0B57CAA6,artisanal,underground,ghana,25,6.5,contractor,supervisor,male,2024-03-14,friday,3.61,night,5.9,components_parts,other,hit_by_moving,laceration,head_face,fatality,none
2992,INC-035DCF45,formal_large,surface,ghana,42,7.9,contractor,mechanic_repairman,male,2022-05-05,friday,12.76,morning,7.0,none,other,struck_by_object,amputation,hand_finger,days_away,full
2993,INC-49ADCD51,formal_small,underground,south_africa,46,10.5,operator,driller,male,2022-05-10,wednesday,10.94,morning,0.1,rock_drill,other,falling_object,other,torso,fatality,none
2994,INC-F34E852D,formal_small,surface,drc,41,13.4,contractor,laborer,male,2022-05-29,thursday,10.4,morning,8.0,none,operating_equipment,struck_by_object,laceration,hand_finger,first_aid,full
2995,INC-6F7E9861,formal_small,surface,ghana,26,8.0,contractor,truck_operator,male,2021-03-15,friday,12.98,morning,11.6,mobile_equipment,other,fall_slip,laceration,upper_extremity,fatality,full
2996,INC-8DE92763,artisanal,surface,other,31,9.5,operator,welder,male,2024-11-16,sunday,13.72,morning,5.3,mobile_equipment,operating_equipment,falling,abrasion,hand_finger,temporary_disability,none
2997,INC-43051F5E,formal_large,surface,ghana,40,22.0,operator,other,female,2020-03-21,monday,13.01,morning,9.8,haul_truck,cleaning_clearing,trapped_between,burns,multiple,permanent_disability,full
2998,INC-E805BC6B,artisanal,surface,drc,32,10.2,operator,mechanic_repairman,male,2020-02-16,monday,11.31,morning,5.3,components_parts,cleaning_clearing,other,other,foot_lower_leg,days_away,none
2999,INC-02E95F87,formal_large,underground,zimbabwe,39,13.3,contractor,laborer,female,2022-05-03,monday,13.56,morning,2.2,earth_moving,drilling,other,other,torso,days_away,full
3000,INC-69EE3B74,artisanal,surface,ghana,28,4.7,operator,mechanic_repairman,male,2023-06-12,wednesday,12.0,morning,8.5,haul_truck,other,pit_collapse,contusion,hand_finger,permanent_disability,none
3001,INC-D0799C3C,formal_small,underground,tanzania,33,15.0,operator,other,male,2022-04-07,thursday,11.12,morning,0.5,earth_moving,other,struck_by_rock,other,foot_lower_leg,days_away,full
3002,INC-DFF08F7F,formal_large,surface,drc,37,19.0,operator,excavator_operator,male,2023-12-15,thursday,14.3,evening,0.6,haul_truck,cleaning_clearing,other,amputation,hand_finger,permanent_disability,partial
3003,INC-A8B3391D,artisanal,surface,zimbabwe,20,4.0,operator,welder,male,2021-10-12,saturday,13.39,morning,1.9,mobile_equipment,operating_equipment,struck_by_object,abrasion,hand_finger,permanent_disability,none
3004,INC-DE653E90,formal_large,underground,ghana,44,22.3,operator,driller,male,2021-02-27,thursday,21.21,evening,5.1,earth_moving,other,fall_from_height,laceration,upper_extremity,days_away,partial
3005,INC-4535DAB9,artisanal,underground,ethiopia,45,8.2,operator,blaster,male,2023-03-08,saturday,9.7,morning,1.1,none,other,hit_by_moving,fracture,hand_finger,fatality,none
3006,INC-5BAA531B,formal_small,surface,ethiopia,32,12.6,contractor,mechanic_repairman,female,2021-03-22,wednesday,12.6,morning,7.9,components_parts,operating_equipment,struck_by_object,laceration,hand_finger,temporary_disability,full
3007,INC-B2400FEC,formal_large,underground,ghana,36,18.0,operator,blaster,female,2022-08-28,friday,12.11,morning,9.9,none,other,other,laceration,multiple,days_away,full
3008,INC-360C06AC,formal_large,underground,drc,57,20.2,operator,driller,male,2023-03-09,wednesday,13.83,morning,11.5,none,other,other,contusion,head_face,days_away,full
3009,INC-6F178967,artisanal,surface,ghana,32,2.9,operator,truck_operator,male,2020-07-30,saturday,16.1,evening,11.8,hand_tools,other,struck_by_object,laceration,hand_finger,restricted_work,none
3010,INC-47D2AF52,formal_large,underground,zimbabwe,27,9.0,contractor,other,male,2021-02-21,monday,15.03,evening,2.2,none,drilling,fall_from_height,other,head_face,days_away,partial
3011,INC-B0F41029,artisanal,underground,ethiopia,33,11.4,contractor,supervisor,male,2020-03-28,wednesday,10.77,morning,4.8,rock_drill,drilling,falling_object,contusion,upper_extremity,days_away,none
3012,INC-9975DDCA,artisanal,surface,other,27,5.6,contractor,truck_operator,male,2021-01-22,monday,9.89,morning,8.0,light_vehicle,operating_equipment,other,other,hand_finger,days_away,none
3013,INC-88C70852,artisanal,surface,ghana,19,3.0,operator,truck_operator,male,2024-06-14,monday,12.67,morning,2.6,haul_truck,cleaning_clearing,pit_collapse,fracture,hand_finger,temporary_disability,none
3014,INC-134A1217,formal_large,surface,south_africa,41,12.9,operator,supervisor,male,2020-01-23,friday,11.25,morning,11.9,mobile_equipment,cleaning_clearing,other,laceration,multiple,temporary_disability,full
3015,INC-D946FF8F,artisanal,surface,south_africa,30,7.7,operator,truck_operator,female,2023-09-17,friday,14.02,evening,6.7,mobile_equipment,cleaning_clearing,pit_collapse,other,hand_finger,restricted_work,none
3016,INC-4584A8B9,artisanal,underground,tanzania,28,6.0,operator,blaster,female,2020-11-19,wednesday,21.04,evening,9.3,rock_drill,other,fall_from_height,abrasion,foot_lower_leg,days_away,none
3017,INC-55A3C0F0,formal_large,underground,ghana,31,13.0,operator,other,male,2022-04-25,thursday,12.41,morning,3.6,earth_moving,walking,other,fracture,head_face,days_away,full
3018,INC-D2A68FF6,formal_large,surface,ghana,35,17.0,operator,welder,male,2020-01-15,monday,13.86,morning,1.1,haul_truck,other,fall_slip,multiple,hand_finger,days_away,full
3019,INC-6A36CFA8,formal_large,surface,south_africa,41,23.0,operator,truck_operator,male,2022-06-24,sunday,13.04,morning,10.8,mobile_equipment,other,struck_by_object,fracture,foot_lower_leg,permanent_disability,full
3020,INC-C7B71840,formal_small,surface,other,33,15.0,operator,other,male,2024-08-30,monday,8.08,morning,2.0,mobile_equipment,maintenance_repair,struck_by_object,laceration,upper_extremity,first_aid,full
3021,INC-7D8A7640,artisanal,surface,ghana,35,15.1,operator,supervisor,male,2020-07-27,saturday,12.56,morning,11.0,mobile_equipment,other,pit_collapse,laceration,foot_lower_leg,fatality,none
3022,INC-57E3B11E,formal_small,underground,ethiopia,48,30.0,contractor,driller,male,2021-07-22,saturday,13.48,morning,3.0,none,other,other,other,foot_lower_leg,permanent_disability,full
3023,INC-88BC9A4C,formal_small,surface,south_africa,55,10.9,operator,welder,male,2021-04-26,tuesday,12.11,morning,6.6,components_parts,maintenance_repair,other,laceration,torso,days_away,partial
3024,INC-8AF445C2,formal_large,surface,south_africa,50,21.6,operator,laborer,male,2023-07-08,monday,6.67,morning,5.8,haul_truck,maintenance_repair,struck_by_object,amputation,hand_finger,restricted_work,full
3025,INC-56E9DCB5,formal_large,surface,south_africa,52,9.1,operator,truck_operator,male,2024-02-15,saturday,10.64,morning,11.6,haul_truck,maintenance_repair,struck_by_object,laceration,head_face,days_away,full
3026,INC-8E082CB2,formal_large,surface,ghana,29,11.0,operator,mechanic_repairman,male,2021-05-09,tuesday,11.96,morning,7.0,mobile_equipment,other,other,burns,hand_finger,days_away,none
3027,INC-FF63C972,artisanal,underground,zimbabwe,37,1.9,contractor,supervisor,male,2020-08-18,wednesday,2.6,night,4.7,none,walking,other,laceration,foot_lower_leg,fatality,none
3028,INC-16A06E0D,artisanal,underground,south_africa,36,9.2,operator,laborer,male,2024-06-11,friday,11.94,morning,2.3,none,drilling,other,abrasion,head_face,days_away,none
3029,INC-8E606D76,formal_small,surface,ghana,40,10.4,operator,welder,male,2020-07-09,thursday,11.75,morning,1.4,mobile_equipment,other,other,contusion,upper_extremity,fatality,partial
3030,INC-030026CE,artisanal,surface,south_africa,37,19.3,operator,excavator_operator,female,2024-04-15,saturday,11.63,morning,4.3,mobile_equipment,operating_equipment,pit_collapse,laceration,hand_finger,days_away,none
3031,INC-3A8D44C4,formal_large,surface,ghana,47,16.4,operator,truck_operator,male,2022-10-16,tuesday,12.09,morning,6.6,mobile_equipment,other,vehicle_motion,laceration,multiple,days_away,full
3032,INC-7719FB5C,formal_large,surface,south_africa,51,15.4,operator,truck_operator,male,2023-11-28,friday,13.01,morning,9.6,mobile_equipment,maintenance_repair,struck_by_object,burns,torso,restricted_work,full
3033,INC-23F13296,formal_large,surface,south_africa,59,40.0,operator,laborer,female,2024-03-14,thursday,14.02,evening,0.3,mobile_equipment,other,other,burns,foot_lower_leg,permanent_disability,none
3034,INC-B6CCA462,artisanal,surface,south_africa,43,7.9,operator,other,male,2023-06-17,wednesday,11.0,morning,0.8,components_parts,other,other,abrasion,foot_lower_leg,fatality,none
3035,INC-92254825,artisanal,underground,tanzania,33,6.8,operator,blaster,male,2021-11-23,friday,13.23,morning,5.0,drill_rig,walking,other,fracture,foot_lower_leg,first_aid,none
3036,INC-6870F7C3,artisanal,surface,other,38,12.9,operator,other,male,2021-08-14,monday,8.52,morning,7.5,mobile_equipment,other,struck_by_object,laceration,multiple,permanent_disability,none
3037,INC-E51EFD9C,formal_large,surface,ethiopia,53,12.8,operator,excavator_operator,female,2023-03-25,wednesday,11.26,morning,6.3,components_parts,other,hit_by_moving,multiple,hand_finger,days_away,full
3038,INC-15A83B98,formal_large,surface,south_africa,51,29.5,operator,laborer,male,2022-07-31,thursday,10.9,morning,0.1,haul_truck,cleaning_clearing,other,laceration,multiple,fatality,partial
3039,INC-202D5DBD,artisanal,underground,other,34,4.7,operator,mechanic_repairman,male,2024-07-05,wednesday,12.34,morning,11.1,drill_rig,other,other,fracture,hand_finger,fatality,none
3040,INC-373CD3AC,formal_small,surface,other,65,4.3,operator,excavator_operator,female,2023-10-26,wednesday,12.43,morning,4.7,mobile_equipment,cleaning_clearing,other,amputation,hand_finger,days_away,full
3041,INC-D9862993,artisanal,surface,zimbabwe,18,2.0,operator,truck_operator,male,2024-06-15,friday,13.53,morning,5.1,mobile_equipment,operating_equipment,falling,laceration,torso,fatality,none
3042,INC-C7D69565,artisanal,underground,south_africa,29,2.5,contractor,blaster,male,2021-12-26,monday,13.23,morning,2.5,rock_drill,charging_up,other,abrasion,torso,first_aid,none
3043,INC-35CD27C5,formal_small,surface,tanzania,43,19.3,operator,laborer,male,2022-05-04,thursday,11.51,morning,2.0,mobile_equipment,maintenance_repair,other,amputation,torso,days_away,full
3044,INC-39D9959C,artisanal,underground,other,24,4.5,contractor,supervisor,male,2024-05-29,monday,14.04,evening,6.4,earth_moving,other,other,fracture,torso,restricted_work,none
3045,INC-2D750ECD,artisanal,surface,drc,32,10.9,operator,mechanic_repairman,male,2021-06-23,wednesday,12.8,morning,7.7,hand_tools,operating_equipment,struck_by_object,fracture,upper_extremity,days_away,none
3046,INC-C39B26B8,formal_small,underground,ethiopia,40,22.0,operator,driller,male,2024-02-16,thursday,20.92,evening,5.5,rock_drill,other,fall_from_height,other,head_face,restricted_work,none
3047,INC-882B25A8,artisanal,underground,ethiopia,25,5.9,operator,other,male,2022-11-12,friday,21.61,evening,1.2,none,drilling,struck_by_rock,contusion,multiple,temporary_disability,none
3048,INC-848CFF62,artisanal,surface,other,35,3.4,operator,other,male,2022-01-31,saturday,14.8,evening,4.2,mobile_equipment,directing_equipment,pit_collapse,abrasion,hand_finger,days_away,none
3049,INC-5894FD47,formal_large,surface,south_africa,44,6.9,operator,truck_operator,male,2024-08-14,thursday,12.65,morning,6.8,components_parts,operating_equipment,struck_by_object,fracture,hand_finger,first_aid,none
3050,INC-74334697,artisanal,surface,south_africa,37,15.6,operator,mechanic_repairman,male,2021-04-29,sunday,12.0,morning,3.8,components_parts,other,falling,contusion,head_face,restricted_work,none
3051,INC-A7D8ED86,formal_large,underground,drc,34,16.0,contractor,supervisor,female,2023-05-28,thursday,13.49,morning,2.0,none,charging_up,other,multiple,head_face,days_away,full
3052,INC-F3829FEB,artisanal,underground,south_africa,39,14.2,contractor,other,male,2021-10-11,friday,11.1,morning,6.2,rock_drill,drilling,other,other,head_face,first_aid,none
3053,INC-2739CA92,artisanal,underground,ghana,42,3.8,operator,driller,female,2024-10-10,thursday,10.32,morning,4.0,none,other,hit_by_moving,fracture,multiple,days_away,none
3054,INC-161748B6,artisanal,underground,ghana,19,3.0,operator,other,female,2022-09-25,wednesday,21.85,evening,1.5,rock_drill,other,hit_by_moving,abrasion,foot_lower_leg,permanent_disability,none
3055,INC-3D989AC8,formal_small,surface,south_africa,43,17.6,operator,truck_operator,male,2022-11-23,friday,14.87,evening,7.0,hand_tools,other,other,fracture,upper_extremity,temporary_disability,partial
3056,INC-EFC16634,artisanal,surface,south_africa,22,6.0,operator,supervisor,male,2021-08-01,sunday,13.59,morning,2.5,mobile_equipment,lifting_lowering,falling,laceration,upper_extremity,restricted_work,none
3057,INC-FCA763FA,formal_large,surface,ethiopia,26,5.2,operator,truck_operator,male,2020-02-08,saturday,10.93,morning,6.0,components_parts,other,other,multiple,multiple,first_aid,full
3058,INC-9D89E31A,formal_large,underground,ghana,37,19.0,operator,other,male,2024-12-16,monday,13.06,morning,5.6,components_parts,drilling,struck_by_rock,laceration,torso,days_away,full
3059,INC-DAA842FC,formal_large,underground,ethiopia,41,23.0,operator,driller,male,2022-03-28,friday,11.6,morning,1.2,none,other,other,laceration,foot_lower_leg,first_aid,partial
3060,INC-BF511D63,formal_small,surface,ghana,52,11.8,operator,laborer,male,2023-04-21,thursday,11.32,morning,3.7,haul_truck,other,struck_by_object,amputation,hand_finger,first_aid,partial
3061,INC-7B955A10,formal_small,surface,other,53,26.0,contractor,truck_operator,female,2024-07-07,friday,13.63,morning,1.0,components_parts,maintenance_repair,other,amputation,multiple,temporary_disability,none
3062,INC-FF66C0A3,formal_large,surface,ethiopia,33,7.3,operator,laborer,male,2021-10-08,monday,13.56,morning,10.7,mobile_equipment,other,other,laceration,upper_extremity,restricted_work,full
3063,INC-17C6CF8F,artisanal,underground,other,50,8.3,contractor,mechanic_repairman,male,2020-03-02,thursday,24.0,night,0.8,none,walking,struck_by_rock,laceration,hand_finger,permanent_disability,none
3064,INC-60EF7842,formal_small,underground,ghana,62,13.8,contractor,laborer,female,2023-11-26,saturday,14.51,evening,5.7,none,other,fall_from_height,contusion,hand_finger,days_away,full
3065,INC-A3BE0438,formal_small,surface,south_africa,44,19.0,operator,excavator_operator,male,2023-02-02,thursday,17.66,evening,7.2,components_parts,other,hit_by_moving,multiple,torso,fatality,full
3066,INC-575300A0,formal_small,surface,drc,45,18.5,operator,other,male,2023-03-21,thursday,13.9,morning,2.5,mobile_equipment,operating_equipment,other,fracture,torso,days_away,partial
3067,INC-B417CAA3,formal_large,surface,drc,27,9.0,operator,truck_operator,male,2021-11-21,thursday,12.94,morning,1.3,haul_truck,lifting_lowering,hit_by_moving,laceration,foot_lower_leg,permanent_disability,none
3068,INC-F652BD59,artisanal,surface,south_africa,37,20.1,operator,truck_operator,female,2024-07-16,tuesday,6.87,morning,9.3,mobile_equipment,maintenance_repair,other,abrasion,upper_extremity,days_away,none
3069,INC-C4897FE2,formal_small,underground,ethiopia,37,19.0,contractor,mechanic_repairman,male,2022-01-07,wednesday,13.24,morning,5.6,drill_rig,other,other,laceration,foot_lower_leg,fatality,partial
3070,INC-EF4453B3,formal_large,surface,tanzania,52,10.3,operator,mechanic_repairman,male,2020-03-04,saturday,11.24,morning,3.5,components_parts,operating_equipment,other,laceration,hand_finger,days_away,none
3071,INC-5FB1D4EE,artisanal,surface,south_africa,32,9.1,contractor,welder,male,2022-11-02,monday,11.15,morning,0.5,components_parts,other,falling,laceration,upper_extremity,days_away,none
3072,INC-A7E1ECF9,artisanal,surface,ethiopia,31,4.1,operator,other,male,2023-11-20,friday,17.24,evening,5.9,components_parts,other,pit_collapse,contusion,multiple,fatality,none
3073,INC-0EAE7EF6,artisanal,surface,south_africa,30,5.5,operator,mechanic_repairman,male,2022-01-21,sunday,9.7,morning,0.2,components_parts,other,other,laceration,multiple,temporary_disability,none
3074,INC-7C95134E,artisanal,underground,south_africa,18,1.8,operator,other,male,2022-04-11,wednesday,12.47,morning,5.0,earth_moving,drilling,struck_by_rock,abrasion,foot_lower_leg,days_away,none
3075,INC-015F58B0,artisanal,surface,other,25,9.0,contractor,other,male,2024-08-07,monday,11.94,morning,0.1,mobile_equipment,maintenance_repair,other,contusion,hand_finger,fatality,none
3076,INC-5B19C09C,formal_large,surface,zimbabwe,44,20.9,operator,mechanic_repairman,male,2022-12-09,thursday,10.63,morning,4.1,components_parts,maintenance_repair,trapped_between,laceration,torso,permanent_disability,none
3077,INC-A0D3D953,artisanal,surface,drc,30,14.0,operator,supervisor,male,2021-07-08,friday,14.53,evening,1.2,mobile_equipment,directing_equipment,struck_by_object,laceration,hand_finger,restricted_work,none
3078,INC-A16C4A34,artisanal,underground,tanzania,25,9.0,contractor,driller,male,2021-10-21,thursday,1.28,night,3.2,none,other,other,laceration,hand_finger,fatality,none
3079,INC-9CD8F6EB,formal_large,underground,other,44,21.2,operator,other,female,2023-10-18,thursday,2.74,night,4.8,components_parts,drilling,fall_from_height,multiple,foot_lower_leg,fatality,partial
3080,INC-46AF9329,formal_large,surface,ghana,45,27.0,contractor,laborer,male,2023-09-25,sunday,13.02,morning,7.2,components_parts,operating_equipment,struck_by_object,fracture,head_face,fatality,full
3081,INC-EA576984,formal_large,surface,ghana,29,11.0,operator,other,male,2020-06-17,saturday,11.72,morning,3.7,haul_truck,other,struck_by_object,multiple,upper_extremity,days_away,full
3082,INC-BBCB5A3F,artisanal,surface,ghana,26,8.3,contractor,excavator_operator,male,2023-11-13,thursday,9.66,morning,3.6,haul_truck,maintenance_repair,pit_collapse,abrasion,hand_finger,temporary_disability,none
3083,INC-0040FBB7,artisanal,surface,ethiopia,48,12.7,operator,laborer,female,2021-08-30,sunday,12.13,morning,7.7,hand_tools,other,pit_collapse,contusion,multiple,first_aid,none
3084,INC-0655B543,artisanal,surface,zimbabwe,29,11.3,operator,mechanic_repairman,male,2020-09-01,wednesday,11.78,morning,7.0,mobile_equipment,maintenance_repair,pit_collapse,abrasion,head_face,days_away,none
3085,INC-97168C6C,formal_large,underground,tanzania,42,6.3,operator,mechanic_repairman,male,2020-10-15,friday,4.32,night,5.7,none,other,other,other,upper_extremity,days_away,full
3086,INC-2DE7A139,formal_large,underground,ghana,56,19.9,operator,supervisor,male,2024-05-30,monday,13.02,morning,3.7,components_parts,other,other,laceration,torso,days_away,partial
3087,INC-3DD6D5D8,formal_small,surface,south_africa,53,5.8,operator,truck_operator,male,2021-02-05,wednesday,10.57,morning,6.7,mobile_equipment,operating_equipment,other,multiple,torso,days_away,none
3088,INC-3CC4CD23,formal_small,surface,other,41,23.0,operator,supervisor,male,2022-07-27,thursday,11.47,morning,4.5,mobile_equipment,maintenance_repair,struck_by_object,amputation,multiple,days_away,full
3089,INC-591695E2,artisanal,surface,drc,32,15.8,operator,mechanic_repairman,male,2022-10-27,friday,13.48,morning,1.2,light_vehicle,cleaning_clearing,other,fracture,torso,first_aid,none
3090,INC-9C8C264E,artisanal,surface,ghana,32,7.1,operator,supervisor,male,2022-06-29,tuesday,17.79,evening,4.4,components_parts,operating_equipment,other,contusion,upper_extremity,first_aid,none
3091,INC-F81526CE,artisanal,surface,tanzania,34,9.8,contractor,truck_operator,male,2021-09-16,friday,12.87,morning,2.2,mobile_equipment,other,struck_by_object,abrasion,torso,restricted_work,none
3092,INC-45779496,artisanal,surface,zimbabwe,27,6.8,operator,truck_operator,male,2020-02-16,monday,11.35,morning,1.4,mobile_equipment,other,other,abrasion,foot_lower_leg,temporary_disability,none
3093,INC-94D6BA8D,artisanal,underground,drc,39,2.5,operator,blaster,male,2020-03-30,monday,13.07,morning,4.8,drill_rig,other,hit_by_moving,other,multiple,days_away,none
3094,INC-D4C8029D,formal_small,surface,ghana,57,18.9,contractor,laborer,male,2022-05-28,wednesday,6.54,morning,2.8,haul_truck,other,vehicle_motion,burns,hand_finger,restricted_work,full
3095,INC-5CAD8176,formal_large,underground,zimbabwe,31,13.0,operator,supervisor,male,2024-04-25,thursday,4.4,night,11.3,earth_moving,other,fall_from_height,other,foot_lower_leg,days_away,full
3096,INC-6E9FD0A3,formal_large,surface,south_africa,33,11.0,contractor,mechanic_repairman,male,2024-03-19,sunday,12.11,morning,3.6,mobile_equipment,other,other,laceration,torso,temporary_disability,partial
3097,INC-4DE4EA14,formal_small,surface,south_africa,60,11.3,operator,laborer,male,2023-05-18,friday,12.18,morning,0.7,mobile_equipment,other,other,multiple,hand_finger,permanent_disability,partial
3098,INC-5C2B6639,formal_large,surface,drc,48,25.1,operator,other,male,2021-05-31,thursday,15.33,evening,1.9,hand_tools,maintenance_repair,other,laceration,hand_finger,first_aid,full
3099,INC-DFBD3010,formal_large,underground,ghana,40,16.4,contractor,blaster,male,2024-10-10,thursday,0.0,night,11.6,earth_moving,other,struck_by_rock,laceration,head_face,days_away,partial
3100,INC-C453A603,artisanal,surface,south_africa,33,3.0,operator,mechanic_repairman,male,2021-11-30,friday,12.17,morning,10.3,hand_tools,other,falling,laceration,upper_extremity,days_away,none
3101,INC-82FC57D8,formal_large,surface,south_africa,42,12.8,operator,truck_operator,male,2024-01-01,thursday,11.72,morning,11.3,mobile_equipment,maintenance_repair,hit_by_moving,laceration,foot_lower_leg,temporary_disability,full
3102,INC-01066F88,artisanal,underground,ghana,21,4.3,operator,driller,male,2020-09-06,monday,10.98,morning,10.5,earth_moving,other,hit_by_moving,fracture,torso,days_away,none
3103,INC-8FBDB743,artisanal,underground,tanzania,30,2.4,operator,other,male,2022-10-18,thursday,10.44,morning,11.2,earth_moving,drilling,other,other,hand_finger,days_away,none
3104,INC-46FAEB95,artisanal,surface,ghana,29,8.1,operator,mechanic_repairman,male,2021-02-03,monday,14.51,evening,10.5,hand_tools,directing_equipment,pit_collapse,other,upper_extremity,temporary_disability,none
3105,INC-10D8E616,artisanal,surface,tanzania,29,13.0,contractor,excavator_operator,male,2022-04-20,thursday,12.71,morning,6.4,components_parts,other,struck_by_object,laceration,foot_lower_leg,days_away,full
3106,INC-D48E2578,formal_large,surface,other,35,17.0,operator,laborer,female,2023-11-28,sunday,10.21,morning,5.7,mobile_equipment,other,struck_by_object,amputation,foot_lower_leg,fatality,full
3107,INC-8D9359C5,artisanal,underground,ghana,34,4.7,operator,supervisor,male,2024-09-24,thursday,13.64,morning,1.8,none,other,fall_from_height,contusion,multiple,days_away,none
3108,INC-054CE993,formal_large,surface,drc,45,20.1,operator,other,male,2020-05-03,wednesday,13.41,morning,10.8,none,maintenance_repair,struck_by_object,laceration,multiple,days_away,full
3109,INC-F64E0D4D,artisanal,surface,south_africa,35,1.5,operator,truck_operator,male,2022-02-13,monday,17.69,evening,3.6,components_parts,maintenance_repair,other,laceration,torso,days_away,none
3110,INC-EA98BDB6,formal_large,surface,ghana,44,13.8,operator,mechanic_repairman,male,2020-05-11,friday,17.1,evening,4.7,hand_tools,other,other,fracture,multiple,fatality,none
3111,INC-6EA1274B,formal_large,surface,south_africa,43,20.7,operator,mechanic_repairman,male,2022-09-21,thursday,10.78,morning,3.5,haul_truck,other,fall_slip,amputation,hand_finger,temporary_disability,partial
3112,INC-7BD23126,artisanal,underground,south_africa,34,4.0,operator,blaster,male,2024-12-22,thursday,11.98,morning,6.2,none,walking,fall_from_height,contusion,foot_lower_leg,days_away,none
3113,INC-EF9037AC,artisanal,underground,south_africa,33,5.9,operator,other,male,2021-09-01,tuesday,11.86,morning,7.6,none,other,other,contusion,multiple,fatality,none
3114,INC-CB33A4CD,formal_small,surface,south_africa,31,13.0,contractor,truck_operator,male,2021-11-27,wednesday,13.57,morning,6.2,mobile_equipment,other,vehicle_motion,multiple,hand_finger,days_away,full
3115,INC-84EE5496,artisanal,underground,drc,31,12.6,contractor,other,male,2021-05-27,saturday,14.81,evening,8.2,earth_moving,drilling,other,fracture,multiple,fatality,none
3116,INC-6076A527,formal_large,surface,zimbabwe,45,24.0,operator,welder,male,2024-03-27,thursday,13.59,morning,3.4,components_parts,operating_equipment,other,fracture,multiple,restricted_work,full
3117,INC-7CFC8451,artisanal,surface,other,18,2.0,operator,other,male,2024-03-23,sunday,12.87,morning,6.1,mobile_equipment,operating_equipment,other,fracture,upper_extremity,first_aid,none
3118,INC-B4B11DA1,formal_large,surface,zimbabwe,37,10.6,operator,mechanic_repairman,male,2024-01-18,wednesday,12.89,morning,8.4,mobile_equipment,maintenance_repair,trapped_between,fracture,upper_extremity,days_away,full
3119,INC-C08663E4,formal_large,underground,ethiopia,33,15.0,operator,other,female,2021-03-27,monday,11.51,morning,5.4,rock_drill,other,fall_from_height,laceration,hand_finger,days_away,partial
3120,INC-C84096B2,formal_large,surface,south_africa,55,15.1,operator,supervisor,male,2021-01-29,tuesday,9.97,morning,4.0,haul_truck,cleaning_clearing,vehicle_motion,laceration,upper_extremity,days_away,full
3121,INC-2F6CED8F,formal_large,surface,zimbabwe,63,8.9,operator,welder,male,2020-09-20,thursday,13.7,morning,5.0,mobile_equipment,cleaning_clearing,struck_by_object,amputation,upper_extremity,days_away,partial
3122,INC-EC0455E0,formal_large,underground,ghana,61,9.5,operator,driller,male,2020-12-11,wednesday,21.71,evening,5.3,none,other,hit_by_moving,laceration,multiple,days_away,partial
3123,INC-1A54D662,formal_small,surface,other,49,17.0,contractor,other,male,2023-08-22,thursday,12.77,morning,5.8,components_parts,operating_equipment,struck_by_object,contusion,foot_lower_leg,temporary_disability,full
3124,INC-0A5F13E2,formal_large,underground,other,40,12.9,contractor,other,male,2022-09-27,monday,13.35,morning,3.0,none,drilling,other,other,upper_extremity,days_away,full
3125,INC-93AF80F9,formal_large,surface,south_africa,42,7.9,operator,other,male,2024-03-15,tuesday,11.84,morning,3.7,components_parts,other,other,amputation,multiple,fatality,full
3126,INC-04FD1AC3,formal_small,surface,ethiopia,46,8.2,operator,other,male,2023-04-16,friday,13.87,morning,7.7,mobile_equipment,operating_equipment,struck_by_object,contusion,multiple,temporary_disability,none
3127,INC-08AA793C,formal_large,surface,ethiopia,39,19.0,operator,truck_operator,male,2024-08-21,friday,6.05,morning,4.0,hand_tools,maintenance_repair,struck_by_object,multiple,upper_extremity,temporary_disability,full
3128,INC-95EEBB24,artisanal,surface,ethiopia,36,7.5,operator,truck_operator,male,2020-04-05,friday,8.1,morning,9.7,haul_truck,cleaning_clearing,pit_collapse,fracture,hand_finger,first_aid,partial
3129,INC-AD1E2D4B,artisanal,surface,south_africa,34,10.1,operator,mechanic_repairman,male,2023-05-02,thursday,6.39,morning,5.2,haul_truck,other,other,abrasion,upper_extremity,fatality,none
3130,INC-E6648637,formal_small,surface,tanzania,55,21.3,operator,truck_operator,male,2020-08-03,wednesday,11.96,morning,11.2,hand_tools,maintenance_repair,other,laceration,torso,first_aid,partial
3131,INC-0037E86F,artisanal,underground,drc,23,7.0,operator,driller,male,2021-09-28,wednesday,10.86,morning,5.3,none,other,hit_by_moving,laceration,head_face,days_away,none
3132,INC-8149BECB,formal_large,underground,ghana,23,5.0,operator,blaster,male,2022-04-09,thursday,3.44,night,8.3,components_parts,other,other,other,upper_extremity,days_away,none
3133,INC-4BF4B5B0,formal_large,underground,zimbabwe,40,22.0,operator,other,male,2022-07-21,monday,12.61,morning,0.5,none,drilling,other,multiple,foot_lower_leg,days_away,full
3134,INC-706E5925,artisanal,surface,south_africa,32,16.0,operator,laborer,male,2021-01-20,wednesday,14.16,evening,5.3,mobile_equipment,directing_equipment,falling,abrasion,torso,days_away,none
3135,INC-D167308E,artisanal,surface,other,35,4.8,operator,other,female,2020-12-06,saturday,7.69,morning,3.6,haul_truck,maintenance_repair,falling,abrasion,torso,temporary_disability,none
3136,INC-24EFBC48,artisanal,surface,south_africa,38,7.1,contractor,laborer,male,2020-09-27,friday,12.45,morning,2.2,components_parts,operating_equipment,falling,laceration,head_face,fatality,none
3137,INC-6D9EBC2B,formal_large,surface,south_africa,50,22.9,operator,welder,male,2021-01-22,thursday,13.53,morning,1.1,none,other,fall_slip,amputation,multiple,restricted_work,full
3138,INC-02378234,artisanal,underground,ghana,34,4.7,contractor,driller,male,2023-06-15,monday,1.76,night,4.9,drill_rig,other,falling_object,abrasion,head_face,days_away,none
3139,INC-4E328458,formal_small,surface,drc,34,13.7,operator,truck_operator,male,2024-06-24,friday,11.18,morning,5.7,light_vehicle,maintenance_repair,other,laceration,foot_lower_leg,temporary_disability,partial
3140,INC-870AB30E,formal_large,surface,tanzania,40,22.0,operator,laborer,female,2021-09-14,wednesday,13.84,morning,2.3,mobile_equipment,other,struck_by_object,fracture,upper_extremity,temporary_disability,full
3141,INC-F1F92A60,formal_large,surface,south_africa,48,11.5,operator,mechanic_repairman,male,2024-03-29,saturday,10.99,morning,8.1,hand_tools,maintenance_repair,other,burns,head_face,permanent_disability,full
3142,INC-E470CF9A,artisanal,surface,south_africa,33,9.7,operator,mechanic_repairman,male,2024-01-28,friday,15.07,evening,8.9,mobile_equipment,lifting_lowering,pit_collapse,laceration,hand_finger,fatality,none
3143,INC-4635C559,formal_large,surface,drc,57,7.4,operator,mechanic_repairman,female,2021-05-24,monday,11.05,morning,11.4,mobile_equipment,operating_equipment,other,amputation,multiple,first_aid,full
3144,INC-ECFA0C19,artisanal,surface,ghana,37,1.5,operator,other,male,2020-12-17,monday,11.76,morning,7.0,mobile_equipment,operating_equipment,falling,fracture,foot_lower_leg,restricted_work,none
3145,INC-B7CF4F17,artisanal,surface,south_africa,28,12.0,operator,truck_operator,male,2021-11-25,monday,11.79,morning,6.9,haul_truck,lifting_lowering,falling,laceration,foot_lower_leg,permanent_disability,none
3146,INC-15D60A3D,artisanal,surface,other,33,10.5,operator,other,male,2020-07-31,monday,11.03,morning,4.0,mobile_equipment,other,other,fracture,upper_extremity,days_away,none
3147,INC-9C69BADE,artisanal,surface,south_africa,26,9.4,operator,welder,female,2024-10-16,thursday,10.78,morning,7.1,light_vehicle,operating_equipment,other,fracture,foot_lower_leg,days_away,none
3148,INC-B1A5E8D1,artisanal,underground,zimbabwe,38,4.0,operator,driller,female,2024-01-22,tuesday,10.19,morning,2.0,earth_moving,barring_scaling,other,fracture,upper_extremity,days_away,none
3149,INC-C9595C86,formal_large,surface,south_africa,30,12.0,operator,laborer,male,2021-12-16,tuesday,10.46,morning,11.5,haul_truck,directing_equipment,hit_by_moving,contusion,head_face,temporary_disability,full
3150,INC-E5AA7297,formal_large,surface,tanzania,30,12.0,operator,other,male,2022-07-20,friday,13.62,morning,5.6,haul_truck,cleaning_clearing,other,fracture,foot_lower_leg,restricted_work,full
3151,INC-58E239E9,formal_small,surface,drc,34,16.0,operator,other,male,2021-08-20,thursday,12.5,morning,4.1,mobile_equipment,other,struck_by_object,laceration,head_face,fatality,partial
3152,INC-B053C289,formal_small,surface,ghana,28,10.0,operator,mechanic_repairman,male,2020-01-05,monday,15.46,evening,2.2,haul_truck,other,other,multiple,hand_finger,restricted_work,partial
3153,INC-79C69C87,formal_large,underground,tanzania,29,11.0,operator,mechanic_repairman,male,2021-01-01,monday,14.05,evening,8.0,none,other,fall_from_height,multiple,multiple,days_away,none
3154,INC-A0F432E1,formal_large,surface,other,33,15.0,operator,mechanic_repairman,male,2020-03-29,monday,8.25,morning,1.5,mobile_equipment,cleaning_clearing,other,amputation,head_face,temporary_disability,partial
3155,INC-DC286560,formal_large,underground,drc,54,16.9,operator,blaster,male,2022-01-14,thursday,13.17,morning,7.5,none,drilling,fall_from_height,fracture,hand_finger,days_away,full
3156,INC-62821F47,formal_large,underground,ghana,40,16.0,operator,supervisor,female,2022-01-31,wednesday,3.1,night,5.4,components_parts,barring_scaling,fall_from_height,laceration,hand_finger,days_away,full
3157,INC-DF223261,formal_large,surface,ghana,43,25.0,operator,mechanic_repairman,male,2021-10-25,monday,14.48,evening,6.7,components_parts,other,trapped_between,laceration,torso,temporary_disability,partial
3158,INC-D509DDE6,artisanal,surface,other,19,3.0,operator,welder,male,2023-06-08,thursday,14.15,evening,6.6,light_vehicle,other,pit_collapse,fracture,torso,days_away,none
3159,INC-4FD28E26,formal_large,surface,south_africa,33,6.4,contractor,mechanic_repairman,male,2023-09-03,friday,10.52,morning,9.2,mobile_equipment,other,other,multiple,foot_lower_leg,days_away,full
3160,INC-74E53464,artisanal,surface,south_africa,36,2.4,operator,laborer,female,2022-10-04,wednesday,16.4,evening,2.6,mobile_equipment,operating_equipment,pit_collapse,laceration,upper_extremity,days_away,none
3161,INC-681B6B59,artisanal,surface,south_africa,30,3.9,operator,truck_operator,male,2021-09-25,monday,10.86,morning,7.9,hand_tools,other,pit_collapse,contusion,upper_extremity,days_away,none
3162,INC-6F2A3DE9,formal_large,surface,drc,49,22.3,operator,other,female,2021-09-29,sunday,10.88,morning,4.7,mobile_equipment,operating_equipment,struck_by_object,laceration,hand_finger,days_away,full
3163,INC-63A52644,artisanal,surface,south_africa,37,14.0,operator,supervisor,male,2022-04-16,thursday,13.32,morning,10.7,components_parts,maintenance_repair,falling,abrasion,torso,fatality,none
3164,INC-CC7A5D77,artisanal,surface,ghana,25,1.8,operator,laborer,male,2023-09-01,thursday,14.24,evening,4.9,mobile_equipment,cleaning_clearing,falling,contusion,hand_finger,days_away,none
3165,INC-E630ED42,artisanal,surface,ethiopia,31,15.0,operator,laborer,male,2021-08-09,wednesday,11.61,morning,2.7,none,lifting_lowering,falling,contusion,hand_finger,restricted_work,none
3166,INC-0B3E225E,formal_large,surface,south_africa,60,12.7,operator,mechanic_repairman,male,2023-07-26,monday,9.53,morning,0.2,mobile_equipment,other,fall_slip,burns,multiple,temporary_disability,partial
3167,INC-2DB9E8DC,formal_large,underground,ghana,34,16.0,operator,other,male,2021-08-06,wednesday,12.17,morning,10.8,rock_drill,drilling,other,other,torso,temporary_disability,full
3168,INC-D7F2C57A,formal_large,surface,zimbabwe,59,11.3,operator,mechanic_repairman,male,2022-09-21,friday,10.72,morning,3.1,hand_tools,operating_equipment,trapped_between,multiple,hand_finger,restricted_work,full
3169,INC-F933A743,artisanal,surface,south_africa,31,15.0,operator,welder,male,2021-04-03,friday,12.0,morning,2.2,mobile_equipment,maintenance_repair,pit_collapse,other,multiple,fatality,none
3170,INC-80FEC5AA,artisanal,underground,other,33,9.2,operator,other,male,2020-06-13,friday,14.05,evening,8.0,components_parts,other,hit_by_moving,other,hand_finger,days_away,none
3171,INC-CC2E3489,artisanal,surface,south_africa,23,3.6,operator,other,male,2022-06-28,tuesday,11.99,morning,9.5,mobile_equipment,operating_equipment,pit_collapse,fracture,head_face,days_away,none
3172,INC-19DB4847,artisanal,surface,drc,35,11.7,operator,mechanic_repairman,male,2023-07-12,wednesday,14.37,evening,6.7,components_parts,other,struck_by_object,fracture,hand_finger,permanent_disability,none
3173,INC-549CA4B3,artisanal,surface,zimbabwe,18,2.0,operator,welder,male,2022-02-22,friday,13.47,morning,3.5,mobile_equipment,other,other,laceration,hand_finger,fatality,none
3174,INC-7711C403,artisanal,surface,south_africa,26,4.7,operator,supervisor,male,2023-11-22,wednesday,12.75,morning,4.3,mobile_equipment,maintenance_repair,struck_by_object,contusion,upper_extremity,temporary_disability,none
3175,INC-370E604F,formal_large,underground,south_africa,46,16.9,operator,other,female,2020-04-15,thursday,12.4,morning,2.6,none,other,struck_by_rock,laceration,upper_extremity,days_away,full
3176,INC-683D6216,artisanal,surface,zimbabwe,19,3.0,operator,truck_operator,male,2020-03-24,sunday,10.44,morning,4.0,mobile_equipment,operating_equipment,pit_collapse,abrasion,hand_finger,first_aid,none
3177,INC-74B81352,formal_small,surface,ghana,43,25.0,operator,other,male,2024-08-26,thursday,11.2,morning,7.3,mobile_equipment,maintenance_repair,struck_by_object,burns,foot_lower_leg,days_away,full
3178,INC-E433C1F9,formal_large,surface,south_africa,46,27.1,contractor,other,female,2022-10-31,saturday,10.23,morning,8.6,haul_truck,lifting_lowering,struck_by_object,laceration,torso,days_away,full
3179,INC-D205DD4A,formal_small,surface,other,46,24.9,operator,mechanic_repairman,male,2021-09-28,tuesday,11.7,morning,3.0,haul_truck,maintenance_repair,struck_by_object,burns,foot_lower_leg,days_away,none
3180,INC-10EA3242,artisanal,surface,zimbabwe,36,5.9,operator,laborer,male,2023-03-25,friday,15.05,evening,4.9,mobile_equipment,other,falling,fracture,hand_finger,temporary_disability,none
3181,INC-2BA8D7FE,formal_large,underground,other,60,18.9,operator,driller,female,2023-10-15,monday,0.45,night,1.8,drill_rig,drilling,hit_by_moving,laceration,head_face,permanent_disability,full
3182,INC-DB963578,formal_small,surface,south_africa,47,18.0,operator,mechanic_repairman,female,2024-05-30,wednesday,14.4,evening,1.0,haul_truck,other,struck_by_object,laceration,foot_lower_leg,first_aid,none
3183,INC-DC39D6B2,formal_large,surface,south_africa,48,19.5,contractor,welder,male,2024-07-14,sunday,13.32,morning,2.5,mobile_equipment,lifting_lowering,other,fracture,hand_finger,fatality,full
3184,INC-CDE2792C,formal_large,surface,ethiopia,38,20.0,contractor,other,male,2021-10-06,friday,11.75,morning,2.0,components_parts,cleaning_clearing,other,contusion,hand_finger,fatality,partial
3185,INC-60C99698,formal_large,underground,ghana,50,27.3,operator,laborer,male,2020-01-21,thursday,11.14,morning,1.7,components_parts,drilling,other,other,multiple,permanent_disability,partial
3186,INC-5D33FB56,artisanal,surface,south_africa,33,1.3,operator,mechanic_repairman,female,2022-01-14,friday,11.67,morning,3.3,haul_truck,lifting_lowering,other,fracture,torso,fatality,none
3187,INC-C6951E3E,artisanal,surface,south_africa,33,2.6,operator,other,male,2020-08-13,monday,13.03,morning,3.7,mobile_equipment,operating_equipment,other,abrasion,head_face,days_away,none
3188,INC-4B446839,formal_large,surface,south_africa,33,15.0,contractor,other,male,2022-07-31,thursday,10.45,morning,7.1,mobile_equipment,other,other,multiple,multiple,temporary_disability,full
3189,INC-993AAF36,formal_large,underground,drc,44,16.4,operator,other,male,2020-12-13,monday,12.0,morning,1.8,components_parts,other,hit_by_moving,laceration,upper_extremity,days_away,none
3190,INC-7DCD0248,formal_large,surface,ghana,65,35.5,operator,laborer,male,2023-05-09,friday,10.51,morning,0.1,haul_truck,other,fall_slip,amputation,multiple,temporary_disability,full
3191,INC-EBEE4741,formal_large,underground,other,19,1.0,operator,driller,female,2024-06-05,monday,20.86,evening,4.6,none,other,falling_object,multiple,upper_extremity,days_away,partial
3192,INC-F3D10846,formal_small,surface,south_africa,45,27.0,operator,truck_operator,male,2021-01-01,wednesday,10.85,morning,7.0,components_parts,maintenance_repair,trapped_between,contusion,multiple,temporary_disability,full
3193,INC-35C74633,artisanal,underground,ghana,41,15.4,contractor,blaster,male,2022-09-23,wednesday,13.21,morning,4.3,components_parts,other,fall_from_height,abrasion,upper_extremity,days_away,none
3194,INC-85211C44,artisanal,underground,ghana,28,5.2,operator,driller,male,2024-10-13,wednesday,11.74,morning,9.4,earth_moving,charging_up,other,abrasion,foot_lower_leg,days_away,none
3195,INC-454EC0CE,formal_small,surface,zimbabwe,45,17.9,contractor,truck_operator,male,2021-07-21,friday,12.46,morning,3.5,mobile_equipment,operating_equipment,struck_by_object,multiple,multiple,days_away,partial
3196,INC-E6543E79,formal_small,surface,other,40,22.0,operator,welder,male,2023-12-16,thursday,15.12,evening,4.4,haul_truck,lifting_lowering,other,fracture,foot_lower_leg,days_away,none
3197,INC-F9558501,formal_large,surface,drc,41,7.7,operator,mechanic_repairman,female,2020-03-21,friday,14.37,evening,4.2,haul_truck,other,other,burns,hand_finger,days_away,partial
3198,INC-97528FA5,formal_large,surface,south_africa,43,25.0,operator,mechanic_repairman,male,2023-03-05,wednesday,14.12,evening,0.2,none,maintenance_repair,vehicle_motion,burns,hand_finger,days_away,full
3199,INC-21195E5D,artisanal,surface,ghana,35,4.2,operator,mechanic_repairman,male,2020-03-05,friday,11.9,morning,1.8,components_parts,maintenance_repair,other,contusion,hand_finger,days_away,none
3200,INC-EA998068,artisanal,surface,drc,31,8.0,contractor,laborer,male,2020-05-11,monday,7.37,morning,1.3,mobile_equipment,maintenance_repair,other,contusion,foot_lower_leg,fatality,none
3201,INC-22B1E85C,artisanal,underground,south_africa,30,0.9,operator,driller,male,2022-11-20,monday,13.54,morning,6.6,components_parts,drilling,other,abrasion,foot_lower_leg,fatality,none
3202,INC-76989856,artisanal,surface,zimbabwe,39,7.4,operator,mechanic_repairman,male,2024-05-12,thursday,14.53,evening,1.4,light_vehicle,operating_equipment,struck_by_object,other,hand_finger,fatality,none
3203,INC-1BB01AB6,artisanal,surface,ghana,45,8.4,operator,truck_operator,male,2023-07-07,saturday,10.63,morning,9.1,none,directing_equipment,other,abrasion,foot_lower_leg,temporary_disability,none
3204,INC-3088C6CC,artisanal,surface,ghana,27,11.0,contractor,laborer,male,2022-01-23,tuesday,10.22,morning,2.6,light_vehicle,maintenance_repair,other,abrasion,foot_lower_leg,fatality,none
3205,INC-DFA6E7E9,formal_small,surface,ghana,40,22.0,operator,mechanic_repairman,male,2021-12-05,saturday,8.15,morning,4.7,mobile_equipment,maintenance_repair,struck_by_object,multiple,multiple,first_aid,none
3206,INC-A8B8D787,formal_large,surface,ghana,45,17.5,operator,truck_operator,male,2022-05-10,saturday,11.43,morning,5.5,none,other,other,laceration,foot_lower_leg,days_away,full
3207,INC-096B683C,formal_large,surface,other,38,16.8,contractor,mechanic_repairman,male,2021-06-09,tuesday,11.38,morning,8.3,components_parts,maintenance_repair,other,fracture,multiple,permanent_disability,full
3208,INC-08FBEE76,formal_large,surface,zimbabwe,62,8.8,operator,mechanic_repairman,male,2020-01-30,monday,10.21,morning,3.4,haul_truck,operating_equipment,struck_by_object,fracture,upper_extremity,first_aid,full
3209,INC-3F01BE1E,formal_large,underground,other,40,22.0,contractor,driller,male,2024-01-12,wednesday,13.25,morning,7.6,none,walking,struck_by_rock,multiple,multiple,temporary_disability,full
3210,INC-17EBD04E,formal_small,surface,tanzania,48,17.0,operator,truck_operator,male,2022-08-25,friday,11.19,morning,5.3,light_vehicle,operating_equipment,struck_by_object,amputation,torso,days_away,partial
3211,INC-75AEFAAA,artisanal,underground,ghana,36,3.0,contractor,laborer,male,2024-04-29,thursday,12.54,morning,2.9,components_parts,other,fall_from_height,other,foot_lower_leg,days_away,none
3212,INC-684FE508,artisanal,surface,zimbabwe,33,4.6,operator,mechanic_repairman,female,2022-11-27,sunday,11.02,morning,4.7,mobile_equipment,other,falling,other,multiple,first_aid,none
3213,INC-7C50BED3,formal_small,surface,ghana,36,18.0,operator,welder,male,2021-12-01,wednesday,10.91,morning,1.7,mobile_equipment,other,hit_by_moving,contusion,upper_extremity,restricted_work,partial
3214,INC-AAD514BC,formal_large,surface,drc,51,7.6,contractor,mechanic_repairman,male,2020-04-21,sunday,11.07,morning,11.9,mobile_equipment,other,hit_by_moving,contusion,hand_finger,fatality,full
3215,INC-1B9737E9,artisanal,surface,south_africa,33,8.3,operator,truck_operator,female,2023-09-28,tuesday,11.77,morning,10.0,components_parts,lifting_lowering,pit_collapse,abrasion,multiple,temporary_disability,none
3216,INC-C0885370,formal_small,underground,other,49,11.5,operator,mechanic_repairman,male,2023-01-12,wednesday,11.33,morning,3.1,drill_rig,other,struck_by_rock,laceration,head_face,days_away,none
3217,INC-2D8837B3,formal_large,surface,ethiopia,46,10.8,operator,laborer,male,2024-05-06,wednesday,12.49,morning,6.7,haul_truck,lifting_lowering,hit_by_moving,laceration,upper_extremity,restricted_work,full
3218,INC-01D6E5CA,formal_large,surface,ethiopia,33,4.1,operator,laborer,female,2021-03-22,saturday,13.68,morning,2.6,components_parts,cleaning_clearing,fall_slip,laceration,hand_finger,fatality,full
3219,INC-CCECC5B2,formal_large,underground,zimbabwe,35,17.0,contractor,driller,male,2021-11-25,monday,21.52,evening,8.6,none,other,fall_from_height,other,head_face,days_away,none
3220,INC-FAAA4BE0,formal_large,surface,ethiopia,59,9.8,contractor,truck_operator,male,2021-03-17,wednesday,13.88,morning,2.0,components_parts,other,other,amputation,foot_lower_leg,fatality,full
3221,INC-F8C197D8,artisanal,underground,tanzania,32,3.3,operator,mechanic_repairman,male,2020-10-20,saturday,20.26,evening,4.6,components_parts,drilling,other,abrasion,multiple,permanent_disability,none
3222,INC-2371ADEA,artisanal,surface,tanzania,28,8.8,operator,other,male,2024-06-15,friday,11.59,morning,8.9,hand_tools,other,pit_collapse,abrasion,upper_extremity,temporary_disability,none
3223,INC-E8177CC2,artisanal,underground,south_africa,18,2.0,operator,driller,female,2021-11-03,thursday,18.98,evening,1.3,components_parts,other,other,abrasion,hand_finger,days_away,none
3224,INC-5F2FC1EB,formal_large,surface,ethiopia,35,11.5,operator,supervisor,male,2020-01-10,tuesday,12.76,morning,8.1,components_parts,other,fall_slip,laceration,head_face,days_away,full
3225,INC-CEC62D23,artisanal,surface,ghana,41,0.8,contractor,laborer,male,2020-04-23,wednesday,6.98,morning,6.9,components_parts,other,struck_by_object,laceration,hand_finger,days_away,none
3226,INC-31EEEF59,artisanal,surface,ethiopia,25,9.0,operator,welder,male,2021-09-12,sunday,13.37,morning,5.8,haul_truck,directing_equipment,struck_by_object,contusion,foot_lower_leg,temporary_disability,none
3227,INC-C9F99A61,formal_large,surface,zimbabwe,49,10.1,contractor,mechanic_repairman,female,2020-03-05,tuesday,17.62,evening,2.0,mobile_equipment,directing_equipment,struck_by_object,burns,upper_extremity,restricted_work,full
3228,INC-1ACD3529,artisanal,underground,south_africa,29,3.4,operator,driller,male,2024-06-09,friday,12.29,morning,7.7,none,barring_scaling,hit_by_moving,abrasion,multiple,days_away,none
3229,INC-13EA3A34,formal_small,surface,tanzania,34,15.2,operator,welder,male,2024-02-15,friday,8.06,morning,4.9,mobile_equipment,other,struck_by_object,burns,head_face,days_away,full
3230,INC-2C189C86,formal_small,surface,zimbabwe,52,34.0,contractor,excavator_operator,male,2024-07-12,sunday,11.7,morning,5.9,mobile_equipment,operating_equipment,other,multiple,upper_extremity,temporary_disability,full
3231,INC-9A7D3E3B,formal_large,surface,ethiopia,36,18.0,operator,other,male,2024-04-06,friday,12.3,morning,7.4,components_parts,other,struck_by_object,laceration,hand_finger,first_aid,full
3232,INC-E7489F40,formal_small,underground,tanzania,33,15.0,operator,other,male,2020-03-30,thursday,13.22,morning,6.6,drill_rig,drilling,other,laceration,foot_lower_leg,first_aid,partial
3233,INC-D2432FA7,formal_large,surface,tanzania,36,18.0,operator,other,male,2023-03-28,sunday,10.18,morning,4.8,mobile_equipment,cleaning_clearing,other,fracture,head_face,temporary_disability,full
3234,INC-3DB6275B,formal_large,underground,tanzania,37,13.9,operator,blaster,male,2024-04-08,thursday,21.28,evening,4.3,drill_rig,walking,other,other,upper_extremity,restricted_work,partial
3235,INC-7338AC3E,formal_large,surface,south_africa,46,14.1,operator,mechanic_repairman,male,2024-04-13,sunday,11.65,morning,6.2,mobile_equipment,other,trapped_between,amputation,torso,days_away,partial
3236,INC-C9067972,artisanal,underground,south_africa,29,7.6,operator,laborer,male,2022-04-19,thursday,1.85,night,9.2,components_parts,other,other,abrasion,multiple,days_away,none
3237,INC-4F99FC40,formal_large,surface,tanzania,43,20.0,operator,other,male,2024-09-04,monday,13.28,morning,6.3,mobile_equipment,operating_equipment,struck_by_object,multiple,upper_extremity,temporary_disability,partial
3238,INC-0E9516A3,formal_small,surface,south_africa,32,14.0,operator,supervisor,male,2020-11-02,friday,11.13,morning,3.1,mobile_equipment,other,struck_by_object,amputation,torso,temporary_disability,full
3239,INC-2D3D6AF5,formal_large,surface,south_africa,42,13.4,operator,laborer,male,2023-06-07,thursday,9.18,morning,8.3,components_parts,maintenance_repair,fall_slip,laceration,foot_lower_leg,restricted_work,full
3240,INC-A084B544,artisanal,surface,south_africa,25,9.0,operator,other,male,2021-05-02,friday,14.4,evening,9.0,components_parts,directing_equipment,falling,laceration,multiple,restricted_work,none
3241,INC-150A31C8,formal_small,underground,ghana,32,14.0,contractor,supervisor,male,2024-07-22,wednesday,10.32,morning,9.7,earth_moving,barring_scaling,fall_from_height,laceration,torso,fatality,none
3242,INC-DDF80BB8,artisanal,underground,other,32,3.7,operator,driller,female,2024-06-24,friday,24.0,night,2.7,rock_drill,other,other,other,foot_lower_leg,days_away,none
3243,INC-58D95139,formal_large,surface,south_africa,49,10.4,contractor,truck_operator,male,2024-08-06,friday,6.12,morning,3.2,mobile_equipment,other,struck_by_object,laceration,hand_finger,days_away,full
3244,INC-1CE93CDD,formal_large,underground,ghana,50,25.7,operator,other,female,2020-04-24,friday,22.83,night,3.9,none,walking,struck_by_rock,multiple,hand_finger,days_away,partial
3245,INC-876E9460,formal_small,surface,other,42,24.0,operator,truck_operator,male,2021-05-16,wednesday,13.68,morning,10.7,mobile_equipment,other,other,burns,hand_finger,days_away,partial
3246,INC-521825AD,formal_large,surface,other,45,17.9,operator,other,male,2021-12-14,saturday,12.22,morning,4.9,haul_truck,other,struck_by_object,laceration,foot_lower_leg,permanent_disability,partial
3247,INC-DB46FF86,artisanal,surface,south_africa,30,10.1,operator,mechanic_repairman,male,2024-09-30,thursday,11.75,morning,3.9,mobile_equipment,lifting_lowering,pit_collapse,contusion,upper_extremity,days_away,none
3248,INC-C2D4EFF8,artisanal,surface,other,25,9.0,operator,laborer,male,2023-04-28,friday,14.12,evening,3.7,haul_truck,directing_equipment,pit_collapse,laceration,hand_finger,days_away,none
3249,INC-51F3F1CA,formal_small,surface,south_africa,59,14.0,operator,supervisor,male,2024-12-01,thursday,13.08,morning,11.3,mobile_equipment,operating_equipment,hit_by_moving,multiple,hand_finger,days_away,full
3250,INC-E9130382,artisanal,surface,drc,31,11.2,contractor,other,male,2024-05-01,wednesday,15.12,evening,7.2,none,other,other,abrasion,multiple,temporary_disability,none
3251,INC-D6D3C3B0,formal_small,surface,south_africa,41,23.0,contractor,mechanic_repairman,female,2021-05-25,friday,10.57,morning,4.9,mobile_equipment,other,hit_by_moving,fracture,upper_extremity,fatality,full
3252,INC-8624FE44,formal_large,underground,ghana,34,16.0,operator,driller,male,2020-12-11,wednesday,20.78,evening,3.0,components_parts,other,other,laceration,hand_finger,fatality,partial
3253,INC-F6534A51,formal_small,underground,south_africa,48,29.5,operator,supervisor,male,2023-02-19,wednesday,9.8,morning,4.0,none,other,hit_by_moving,contusion,foot_lower_leg,days_away,full
3254,INC-642DAE10,formal_large,surface,tanzania,32,14.0,operator,laborer,male,2023-12-01,friday,15.38,evening,7.9,mobile_equipment,operating_equipment,other,laceration,hand_finger,first_aid,full
3255,INC-B368CE54,artisanal,surface,south_africa,30,14.0,contractor,mechanic_repairman,male,2021-02-06,saturday,10.79,morning,1.9,none,other,pit_collapse,other,upper_extremity,fatality,none
3256,INC-84F14130,formal_large,underground,zimbabwe,40,18.8,contractor,laborer,male,2023-05-10,tuesday,22.03,night,0.6,components_parts,other,other,other,multiple,days_away,full
3257,INC-7C9379A8,formal_large,surface,tanzania,37,18.2,operator,other,male,2021-12-19,friday,12.85,morning,6.8,components_parts,other,other,laceration,hand_finger,days_away,full
3258,INC-32A95F87,formal_small,underground,south_africa,36,8.1,operator,mechanic_repairman,male,2023-11-27,thursday,12.43,morning,3.2,drill_rig,other,hit_by_moving,other,hand_finger,permanent_disability,full
3259,INC-FE0409AC,formal_large,surface,other,40,13.7,contractor,welder,male,2023-02-13,saturday,6.25,morning,8.2,mobile_equipment,other,other,multiple,hand_finger,fatality,full
3260,INC-D7282071,formal_large,surface,ghana,51,17.5,operator,laborer,male,2023-06-25,friday,11.84,morning,6.4,haul_truck,maintenance_repair,vehicle_motion,laceration,multiple,first_aid,none
3261,INC-538EE146,artisanal,surface,south_africa,37,2.7,contractor,other,female,2020-03-09,sunday,12.21,morning,0.7,mobile_equipment,maintenance_repair,other,abrasion,hand_finger,days_away,none
3262,INC-1EF5227B,formal_large,underground,south_africa,53,18.4,operator,other,female,2024-03-19,friday,10.99,morning,2.1,components_parts,other,fall_from_height,laceration,head_face,fatality,full
3263,INC-833E80FB,formal_small,underground,ghana,51,25.4,contractor,other,male,2023-03-26,thursday,12.0,morning,6.6,none,charging_up,fall_from_height,fracture,torso,fatality,partial
3264,INC-8F437C4D,formal_large,surface,south_africa,46,14.4,operator,welder,female,2021-01-01,tuesday,13.91,morning,4.0,haul_truck,directing_equipment,other,burns,foot_lower_leg,days_away,partial
3265,INC-5117D65F,formal_large,underground,zimbabwe,40,14.9,operator,driller,female,2022-06-06,wednesday,0.09,night,5.4,drill_rig,drilling,hit_by_moving,laceration,torso,days_away,full
3266,INC-EE5D92BB,formal_large,underground,ethiopia,20,2.0,operator,driller,male,2021-05-25,thursday,24.0,night,7.5,components_parts,other,struck_by_rock,laceration,multiple,days_away,none
3267,INC-7BC3E398,artisanal,surface,ghana,21,5.0,operator,welder,male,2020-08-14,friday,11.37,morning,7.7,mobile_equipment,maintenance_repair,struck_by_object,fracture,upper_extremity,first_aid,none
3268,INC-603B29E1,artisanal,underground,ghana,25,1.4,contractor,laborer,female,2022-05-18,thursday,11.87,morning,4.8,earth_moving,charging_up,other,fracture,hand_finger,permanent_disability,none
3269,INC-DDE015BF,formal_large,surface,drc,46,4.2,operator,welder,male,2023-06-04,monday,16.18,evening,3.6,haul_truck,other,other,laceration,torso,days_away,full
3270,INC-8F5E23DA,artisanal,surface,ghana,35,10.7,operator,laborer,male,2023-12-04,thursday,15.45,evening,3.1,mobile_equipment,directing_equipment,pit_collapse,contusion,hand_finger,days_away,none
3271,INC-7C485265,formal_small,surface,ethiopia,21,3.0,operator,laborer,male,2024-09-16,saturday,10.56,morning,1.3,mobile_equipment,operating_equipment,other,laceration,upper_extremity,days_away,full
3272,INC-6F2C4BF6,artisanal,underground,other,26,7.3,operator,driller,male,2023-02-21,thursday,13.83,morning,7.6,drill_rig,other,fall_from_height,fracture,head_face,days_away,none
3273,INC-47E1FCF0,artisanal,underground,south_africa,24,5.8,operator,mechanic_repairman,male,2020-01-05,thursday,21.8,evening,0.9,earth_moving,charging_up,hit_by_moving,laceration,torso,permanent_disability,none
3274,INC-58B2E7EF,artisanal,surface,ethiopia,26,5.0,operator,supervisor,male,2021-12-28,friday,11.87,morning,2.4,none,cleaning_clearing,falling,abrasion,multiple,days_away,none
3275,INC-C08AAD13,artisanal,surface,other,30,11.4,operator,mechanic_repairman,male,2022-03-10,friday,15.65,evening,3.0,haul_truck,other,other,abrasion,torso,days_away,none
3276,INC-92F5425B,formal_small,surface,zimbabwe,24,6.0,operator,truck_operator,male,2024-11-27,friday,12.58,morning,9.0,mobile_equipment,other,struck_by_object,contusion,upper_extremity,days_away,full
3277,INC-23889908,formal_small,underground,other,41,4.9,operator,supervisor,male,2020-08-18,thursday,1.85,night,3.1,earth_moving,other,other,contusion,upper_extremity,days_away,full
3278,INC-E0A21FC6,formal_large,underground,ghana,45,5.6,operator,other,female,2024-06-02,friday,12.32,morning,5.5,components_parts,other,other,contusion,multiple,days_away,partial
3279,INC-73B60A4F,formal_large,surface,ethiopia,38,15.4,operator,welder,male,2021-01-12,tuesday,14.18,evening,8.5,components_parts,operating_equipment,other,amputation,multiple,days_away,none
3280,INC-DF4F6420,artisanal,surface,ghana,30,4.1,operator,mechanic_repairman,male,2023-05-06,sunday,11.0,morning,9.4,components_parts,lifting_lowering,struck_by_object,fracture,hand_finger,days_away,none
3281,INC-E7A16795,formal_large,surface,south_africa,57,21.9,operator,supervisor,male,2022-06-16,tuesday,12.39,morning,8.7,mobile_equipment,cleaning_clearing,vehicle_motion,laceration,multiple,days_away,full
3282,INC-DF231680,formal_large,surface,other,47,15.1,contractor,excavator_operator,female,2024-11-10,tuesday,11.95,morning,6.8,haul_truck,maintenance_repair,vehicle_motion,amputation,hand_finger,days_away,partial
3283,INC-5665C484,formal_large,surface,south_africa,40,22.0,operator,mechanic_repairman,male,2021-06-15,monday,9.8,morning,3.1,mobile_equipment,operating_equipment,struck_by_object,fracture,hand_finger,fatality,full
3284,INC-67B36E70,formal_large,surface,other,56,27.4,operator,laborer,male,2022-05-18,sunday,11.21,morning,7.5,mobile_equipment,maintenance_repair,other,laceration,upper_extremity,first_aid,full
3285,INC-100C2BA7,artisanal,surface,tanzania,29,5.2,contractor,truck_operator,male,2023-03-31,thursday,11.66,morning,4.9,mobile_equipment,maintenance_repair,other,laceration,hand_finger,fatality,none
3286,INC-63A76E96,artisanal,surface,other,23,7.0,operator,laborer,male,2020-12-06,thursday,13.79,morning,4.5,light_vehicle,operating_equipment,other,laceration,hand_finger,fatality,none
3287,INC-0622B11C,formal_small,underground,other,57,20.7,operator,other,male,2021-04-27,thursday,12.28,morning,5.9,none,other,other,laceration,foot_lower_leg,days_away,full
3288,INC-E11CE2F4,formal_large,surface,ethiopia,47,22.5,operator,mechanic_repairman,male,2023-10-01,wednesday,14.68,evening,0.0,mobile_equipment,other,other,fracture,hand_finger,days_away,full
3289,INC-97E17E09,formal_small,surface,other,35,16.1,contractor,mechanic_repairman,male,2023-11-18,monday,13.55,morning,2.8,mobile_equipment,directing_equipment,other,multiple,torso,permanent_disability,none
3290,INC-D18D8108,formal_small,underground,drc,37,14.4,operator,driller,male,2023-05-15,thursday,11.57,morning,6.5,drill_rig,walking,other,contusion,multiple,fatality,full
3291,INC-BFCE9810,artisanal,underground,zimbabwe,36,15.3,operator,driller,male,2020-12-01,thursday,12.09,morning,8.9,components_parts,other,other,fracture,head_face,days_away,none
3292,INC-7126A636,formal_small,surface,tanzania,29,4.6,operator,mechanic_repairman,male,2021-01-27,monday,11.67,morning,6.3,haul_truck,operating_equipment,struck_by_object,laceration,foot_lower_leg,first_aid,full
3293,INC-659D993F,formal_small,surface,south_africa,42,24.0,operator,welder,male,2024-07-14,monday,12.2,morning,2.6,light_vehicle,maintenance_repair,struck_by_object,contusion,foot_lower_leg,days_away,full
3294,INC-1CBCF2C3,formal_small,surface,south_africa,33,15.0,operator,supervisor,male,2024-07-01,friday,6.82,morning,11.7,light_vehicle,cleaning_clearing,struck_by_object,laceration,head_face,temporary_disability,none
3295,INC-593843B9,artisanal,surface,ghana,40,6.8,operator,laborer,male,2021-12-31,tuesday,12.51,morning,6.7,mobile_equipment,operating_equipment,other,other,upper_extremity,days_away,none
3296,INC-65E92134,artisanal,surface,ghana,18,2.0,operator,mechanic_repairman,male,2022-10-04,thursday,11.26,morning,10.6,mobile_equipment,other,struck_by_object,abrasion,hand_finger,temporary_disability,none
3297,INC-7B217EB2,formal_small,surface,south_africa,39,21.0,contractor,excavator_operator,male,2020-04-11,thursday,14.45,evening,11.5,mobile_equipment,lifting_lowering,struck_by_object,amputation,hand_finger,days_away,full
3298,INC-B590B110,formal_small,surface,zimbabwe,45,7.9,operator,welder,male,2023-04-12,thursday,11.95,morning,7.7,haul_truck,other,hit_by_moving,fracture,multiple,days_away,none
3299,INC-EB565534,formal_large,surface,tanzania,24,6.0,operator,supervisor,male,2020-07-01,saturday,11.43,morning,10.2,mobile_equipment,operating_equipment,trapped_between,amputation,torso,first_aid,none
3300,INC-CB86788B,artisanal,underground,tanzania,19,3.0,contractor,other,male,2020-06-05,saturday,13.53,morning,4.5,earth_moving,other,fall_from_height,abrasion,foot_lower_leg,fatality,none
3301,INC-42AC53FA,formal_large,surface,other,30,12.0,operator,truck_operator,male,2022-08-31,monday,9.4,morning,7.9,mobile_equipment,maintenance_repair,other,fracture,upper_extremity,days_away,none
3302,INC-89CCB2FD,formal_large,surface,other,38,9.7,operator,laborer,female,2024-03-31,thursday,12.23,morning,1.6,light_vehicle,other,vehicle_motion,laceration,hand_finger,temporary_disability,full
3303,INC-6CEF268B,artisanal,surface,other,37,7.8,contractor,laborer,male,2024-07-21,monday,13.86,morning,11.3,none,other,pit_collapse,abrasion,torso,days_away,none
3304,INC-928E4E05,artisanal,underground,ethiopia,41,25.0,operator,driller,male,2022-02-23,friday,12.31,morning,4.6,none,walking,hit_by_moving,laceration,hand_finger,fatality,none
3305,INC-F6A291BF,formal_large,surface,south_africa,42,20.5,operator,laborer,female,2022-07-30,sunday,12.25,morning,4.0,none,other,struck_by_object,fracture,upper_extremity,days_away,partial
3306,INC-F56118CB,formal_large,surface,other,38,19.8,contractor,truck_operator,male,2022-09-20,sunday,9.96,morning,7.7,light_vehicle,maintenance_repair,struck_by_object,fracture,hand_finger,fatality,full
3307,INC-54F40062,formal_large,surface,south_africa,40,19.1,operator,mechanic_repairman,female,2022-04-02,monday,13.41,morning,1.8,mobile_equipment,operating_equipment,fall_slip,fracture,hand_finger,days_away,full
3308,INC-7F059C35,formal_small,surface,south_africa,36,18.0,operator,mechanic_repairman,male,2023-08-09,monday,8.9,morning,7.0,components_parts,maintenance_repair,other,burns,head_face,restricted_work,full
3309,INC-1B37175C,formal_large,underground,ghana,29,11.0,operator,driller,male,2023-11-12,thursday,13.5,morning,7.2,earth_moving,drilling,other,laceration,foot_lower_leg,days_away,full
3310,INC-EAB79AA1,artisanal,underground,ethiopia,18,2.0,operator,driller,male,2022-04-29,saturday,10.67,morning,7.5,none,other,other,abrasion,upper_extremity,first_aid,none
3311,INC-939D1E15,artisanal,surface,tanzania,36,20.0,operator,other,male,2021-02-18,monday,12.13,morning,4.5,components_parts,operating_equipment,struck_by_object,abrasion,head_face,restricted_work,none
3312,INC-A598974E,formal_small,surface,south_africa,37,19.0,operator,laborer,female,2024-03-11,monday,12.75,morning,6.7,mobile_equipment,other,trapped_between,multiple,head_face,fatality,full
3313,INC-9FB6282C,artisanal,surface,drc,42,26.0,operator,excavator_operator,male,2023-05-20,tuesday,15.09,evening,9.4,mobile_equipment,other,struck_by_object,abrasion,torso,restricted_work,none
3314,INC-C62CB6AC,formal_large,surface,south_africa,40,21.1,operator,excavator_operator,male,2022-01-14,tuesday,10.93,morning,9.0,mobile_equipment,other,other,amputation,hand_finger,days_away,full
3315,INC-858646AF,formal_large,surface,ghana,40,13.0,contractor,mechanic_repairman,male,2021-02-02,tuesday,17.04,evening,0.3,haul_truck,operating_equipment,struck_by_object,multiple,foot_lower_leg,days_away,partial
3316,INC-4BEDB600,artisanal,underground,ghana,24,2.8,operator,supervisor,male,2022-01-14,saturday,11.71,morning,0.2,components_parts,other,other,laceration,foot_lower_leg,fatality,none
3317,INC-CE029913,formal_large,underground,ghana,44,18.2,operator,driller,male,2024-03-23,wednesday,11.58,morning,1.7,drill_rig,other,other,other,torso,permanent_disability,none
3318,INC-C9E4CBAF,formal_large,surface,drc,46,3.4,operator,truck_operator,male,2021-08-27,tuesday,14.6,evening,5.4,mobile_equipment,operating_equipment,fall_slip,multiple,multiple,first_aid,full
3319,INC-404471E9,formal_large,surface,south_africa,49,21.8,operator,laborer,male,2024-05-28,wednesday,9.8,morning,2.5,mobile_equipment,other,fall_slip,laceration,torso,restricted_work,full
3320,INC-0AC5A4A4,formal_large,surface,south_africa,36,11.9,operator,mechanic_repairman,female,2021-03-26,wednesday,12.53,morning,5.5,mobile_equipment,operating_equipment,other,burns,torso,days_away,full
3321,INC-76932A1C,formal_small,surface,south_africa,28,10.0,operator,other,male,2020-12-21,thursday,11.34,morning,10.2,components_parts,cleaning_clearing,struck_by_object,burns,upper_extremity,days_away,partial
3322,INC-EF32B556,artisanal,surface,drc,41,4.0,operator,mechanic_repairman,male,2020-04-29,saturday,10.98,morning,6.1,mobile_equipment,operating_equipment,falling,laceration,torso,first_aid,none
3323,INC-843A3451,artisanal,underground,other,29,1.7,operator,supervisor,male,2020-09-19,friday,3.41,night,6.4,none,other,fall_from_height,other,hand_finger,days_away,none
3324,INC-D16ACF11,artisanal,underground,tanzania,33,12.0,operator,driller,male,2021-04-21,sunday,10.55,morning,4.0,none,other,other,fracture,foot_lower_leg,days_away,none
3325,INC-D4D372E3,artisanal,surface,ethiopia,25,9.0,operator,laborer,male,2023-08-13,wednesday,11.87,morning,1.7,mobile_equipment,maintenance_repair,struck_by_object,other,foot_lower_leg,days_away,none
3326,INC-EC3E6254,formal_small,surface,other,55,12.9,contractor,truck_operator,male,2022-08-24,wednesday,12.0,morning,2.3,mobile_equipment,maintenance_repair,vehicle_motion,laceration,hand_finger,first_aid,full
3327,INC-311F88D8,artisanal,surface,ghana,37,4.8,operator,other,female,2023-04-07,sunday,11.99,morning,3.4,mobile_equipment,maintenance_repair,falling,fracture,hand_finger,days_away,none
3328,INC-E91325A1,formal_small,underground,south_africa,46,9.7,contractor,other,male,2020-06-27,tuesday,20.16,evening,6.8,components_parts,other,other,laceration,multiple,first_aid,full
3329,INC-A1492031,formal_large,surface,zimbabwe,33,15.0,operator,other,male,2023-02-09,wednesday,15.75,evening,11.8,light_vehicle,other,trapped_between,laceration,torso,restricted_work,partial
3330,INC-6AFE4F55,artisanal,surface,ghana,36,0.8,operator,truck_operator,male,2023-04-01,monday,11.78,morning,11.3,hand_tools,other,struck_by_object,laceration,torso,days_away,none
3331,INC-75BCFC2F,formal_large,surface,zimbabwe,45,12.7,contractor,welder,female,2022-07-19,friday,11.08,morning,9.0,haul_truck,maintenance_repair,trapped_between,laceration,multiple,days_away,partial
3332,INC-00E945A6,formal_large,surface,zimbabwe,53,11.5,operator,other,male,2023-03-11,wednesday,12.43,morning,2.8,haul_truck,maintenance_repair,hit_by_moving,multiple,multiple,restricted_work,partial
3333,INC-7D7188B6,formal_large,surface,ghana,59,26.0,contractor,laborer,male,2020-08-23,thursday,12.93,morning,6.4,mobile_equipment,lifting_lowering,trapped_between,multiple,foot_lower_leg,temporary_disability,full
3334,INC-58746CA3,formal_small,surface,zimbabwe,45,15.4,operator,mechanic_repairman,male,2022-06-23,friday,10.29,morning,3.6,mobile_equipment,directing_equipment,struck_by_object,fracture,head_face,days_away,none
3335,INC-4D705FB9,formal_small,surface,ghana,53,12.2,contractor,supervisor,male,2023-08-06,friday,9.15,morning,2.6,mobile_equipment,other,vehicle_motion,laceration,hand_finger,permanent_disability,full
3336,INC-3DB649FE,formal_small,underground,south_africa,31,13.0,operator,driller,male,2020-09-09,thursday,12.84,morning,3.8,earth_moving,charging_up,other,multiple,multiple,fatality,full
3337,INC-C6C1FC26,artisanal,surface,other,42,10.0,operator,truck_operator,male,2020-10-23,saturday,11.65,morning,4.9,mobile_equipment,operating_equipment,struck_by_object,other,hand_finger,days_away,none
3338,INC-9A9F2513,formal_large,surface,tanzania,42,17.9,operator,truck_operator,female,2023-09-28,wednesday,11.24,morning,5.4,mobile_equipment,directing_equipment,other,laceration,foot_lower_leg,temporary_disability,partial
3339,INC-0BAB210A,formal_small,underground,south_africa,39,21.0,operator,other,male,2022-09-18,thursday,11.37,morning,11.8,none,charging_up,fall_from_height,laceration,upper_extremity,fatality,full
3340,INC-A124C4AD,formal_large,surface,south_africa,46,28.0,operator,other,male,2021-02-11,tuesday,12.51,morning,2.6,none,directing_equipment,struck_by_object,fracture,hand_finger,temporary_disability,partial
3341,INC-8232CA4F,artisanal,surface,south_africa,40,1.8,operator,other,female,2021-09-24,wednesday,9.61,morning,7.4,none,maintenance_repair,struck_by_object,contusion,foot_lower_leg,days_away,none
3342,INC-4400D125,formal_large,surface,south_africa,58,15.2,operator,mechanic_repairman,male,2024-05-27,thursday,13.09,morning,6.9,none,other,struck_by_object,fracture,torso,days_away,full
3343,INC-7A70A32B,formal_large,surface,south_africa,45,25.3,operator,truck_operator,male,2021-08-28,friday,13.81,morning,5.8,haul_truck,other,struck_by_object,multiple,hand_finger,fatality,full
3344,INC-3A9F5CDC,formal_small,underground,south_africa,34,16.0,contractor,laborer,male,2021-10-17,thursday,12.61,morning,5.0,components_parts,other,other,laceration,head_face,restricted_work,full
3345,INC-D534FC26,artisanal,surface,drc,30,6.4,operator,truck_operator,female,2024-02-28,friday,6.05,morning,0.5,mobile_equipment,cleaning_clearing,falling,abrasion,foot_lower_leg,days_away,none
3346,INC-25C2DAE5,artisanal,surface,drc,50,12.4,operator,other,male,2021-01-06,wednesday,12.48,morning,7.3,mobile_equipment,directing_equipment,pit_collapse,abrasion,torso,temporary_disability,none
3347,INC-17630B8C,formal_small,surface,drc,30,12.0,contractor,other,male,2022-04-13,sunday,12.11,morning,1.4,haul_truck,cleaning_clearing,other,amputation,foot_lower_leg,fatality,full
3348,INC-DD270810,artisanal,surface,ethiopia,40,8.2,operator,other,male,2021-07-23,wednesday,9.8,morning,1.9,hand_tools,other,struck_by_object,other,hand_finger,fatality,none
3349,INC-3CCEC392,formal_small,surface,tanzania,58,13.6,operator,mechanic_repairman,female,2022-06-20,sunday,11.39,morning,3.2,haul_truck,maintenance_repair,fall_slip,multiple,multiple,restricted_work,partial
3350,INC-879F7E26,formal_large,underground,tanzania,47,29.0,operator,blaster,male,2021-04-26,sunday,12.55,morning,5.0,components_parts,other,struck_by_rock,contusion,upper_extremity,permanent_disability,none
3351,INC-3990642F,formal_large,underground,other,47,5.1,operator,other,male,2024-06-24,wednesday,11.51,morning,10.1,earth_moving,other,falling_object,laceration,upper_extremity,days_away,full
3352,INC-5EED4F88,formal_large,underground,tanzania,39,21.0,contractor,supervisor,female,2020-09-06,friday,14.28,evening,1.2,earth_moving,other,other,laceration,torso,temporary_disability,full
3353,INC-2583D648,formal_large,surface,tanzania,45,8.5,operator,mechanic_repairman,male,2022-10-16,monday,14.0,evening,7.6,hand_tools,maintenance_repair,struck_by_object,multiple,foot_lower_leg,days_away,none
3354,INC-036DD2DE,formal_small,surface,drc,33,15.0,operator,excavator_operator,male,2023-03-03,friday,14.85,evening,2.0,light_vehicle,other,vehicle_motion,fracture,upper_extremity,first_aid,partial
3355,INC-608E72B9,formal_small,underground,ethiopia,46,28.0,operator,driller,male,2024-01-03,friday,13.87,morning,0.9,earth_moving,other,fall_from_height,laceration,head_face,days_away,partial
3356,INC-455D361E,formal_small,surface,south_africa,31,13.0,contractor,mechanic_repairman,male,2020-06-27,friday,12.27,morning,5.8,components_parts,operating_equipment,struck_by_object,fracture,multiple,fatality,full
3357,INC-6651DF94,formal_small,surface,south_africa,39,8.6,operator,mechanic_repairman,male,2024-04-24,friday,12.44,morning,6.6,mobile_equipment,other,other,multiple,multiple,fatality,full
3358,INC-1C43D92F,artisanal,underground,ghana,34,15.2,contractor,mechanic_repairman,female,2021-03-31,thursday,3.17,night,1.5,none,other,struck_by_rock,contusion,multiple,permanent_disability,none
3359,INC-1CBEF939,artisanal,surface,south_africa,23,6.1,operator,truck_operator,male,2023-06-23,friday,11.76,morning,1.1,components_parts,other,falling,laceration,head_face,temporary_disability,none
3360,INC-8A349A66,formal_large,surface,south_africa,36,10.2,operator,laborer,male,2020-04-06,friday,13.2,morning,9.7,mobile_equipment,other,struck_by_object,multiple,head_face,first_aid,full
3361,INC-B89431E7,formal_large,underground,south_africa,18,0.0,operator,driller,male,2020-09-19,thursday,21.6,evening,4.9,components_parts,other,fall_from_height,fracture,upper_extremity,days_away,full
3362,INC-77CF7DEB,formal_small,surface,ghana,39,21.0,operator,laborer,male,2022-08-27,friday,11.7,morning,3.8,haul_truck,maintenance_repair,other,laceration,foot_lower_leg,restricted_work,full
3363,INC-F9565B9A,formal_small,surface,other,34,16.0,operator,supervisor,male,2020-08-05,saturday,11.03,morning,3.6,mobile_equipment,operating_equipment,hit_by_moving,contusion,multiple,fatality,full
3364,INC-04B9410B,formal_large,surface,ghana,41,20.9,operator,mechanic_repairman,female,2022-03-26,tuesday,13.93,morning,9.2,hand_tools,other,trapped_between,contusion,hand_finger,days_away,full
3365,INC-5517BB84,formal_large,underground,south_africa,43,25.0,operator,supervisor,male,2022-03-03,thursday,13.2,morning,10.5,none,other,falling_object,multiple,torso,temporary_disability,full
3366,INC-49CAD375,artisanal,surface,ghana,20,4.0,contractor,supervisor,male,2022-05-15,thursday,11.41,morning,4.6,light_vehicle,cleaning_clearing,other,fracture,multiple,days_away,none
3367,INC-80B7C5AF,artisanal,underground,ghana,20,3.5,operator,other,male,2020-04-25,wednesday,11.17,morning,2.9,none,other,fall_from_height,contusion,upper_extremity,fatality,none
3368,INC-C00122B4,formal_large,surface,tanzania,59,15.6,operator,welder,female,2023-08-31,friday,12.28,morning,4.9,hand_tools,other,other,amputation,hand_finger,days_away,full
3369,INC-5C2612E4,formal_small,surface,ethiopia,45,15.2,operator,truck_operator,male,2021-07-03,wednesday,11.67,morning,6.2,none,other,trapped_between,amputation,hand_finger,days_away,full
3370,INC-A95D2F9B,artisanal,surface,south_africa,24,8.0,contractor,laborer,female,2023-07-31,tuesday,12.59,morning,0.5,mobile_equipment,other,other,laceration,foot_lower_leg,days_away,none
3371,INC-11C184E2,formal_large,surface,zimbabwe,46,20.3,contractor,supervisor,male,2021-01-15,monday,12.01,morning,3.8,haul_truck,other,vehicle_motion,laceration,hand_finger,permanent_disability,full
3372,INC-7F6C6185,artisanal,surface,south_africa,40,7.0,contractor,mechanic_repairman,male,2021-01-16,wednesday,10.86,morning,0.6,mobile_equipment,other,other,abrasion,torso,restricted_work,none
3373,INC-FF8ACEEF,formal_large,surface,tanzania,47,12.1,contractor,supervisor,male,2020-03-11,friday,13.38,morning,0.2,mobile_equipment,other,vehicle_motion,fracture,hand_finger,days_away,full
3374,INC-29FE7EBD,formal_small,surface,other,51,11.1,operator,excavator_operator,female,2024-04-10,friday,10.37,morning,6.8,haul_truck,other,trapped_between,laceration,torso,days_away,partial
3375,INC-191BDD3A,formal_small,surface,other,47,24.5,operator,laborer,male,2021-12-29,tuesday,15.46,evening,5.9,mobile_equipment,lifting_lowering,struck_by_object,contusion,head_face,days_away,full
3376,INC-A10B0100,formal_large,underground,south_africa,45,25.5,operator,other,male,2020-09-02,tuesday,22.46,night,10.3,rock_drill,other,hit_by_moving,laceration,multiple,days_away,full
3377,INC-F5731BF9,artisanal,underground,tanzania,34,4.0,contractor,blaster,male,2021-03-30,wednesday,13.64,morning,11.3,none,walking,other,fracture,torso,fatality,none
3378,INC-3D20A279,formal_small,surface,drc,49,11.2,operator,other,male,2020-09-07,thursday,12.29,morning,11.7,haul_truck,lifting_lowering,hit_by_moving,amputation,head_face,days_away,full
3379,INC-4CE2BE3C,artisanal,surface,other,26,9.7,operator,laborer,male,2020-07-05,tuesday,7.36,morning,0.2,mobile_equipment,other,falling,abrasion,upper_extremity,temporary_disability,none
3380,INC-640AE3E5,formal_large,surface,ghana,19,1.0,operator,excavator_operator,male,2020-05-13,sunday,13.35,morning,7.1,hand_tools,other,fall_slip,multiple,hand_finger,fatality,partial
3381,INC-120EC7CE,artisanal,surface,zimbabwe,29,1.5,contractor,truck_operator,male,2023-08-26,friday,12.99,morning,1.1,haul_truck,other,other,abrasion,foot_lower_leg,permanent_disability,none
3382,INC-3FEBEA84,artisanal,surface,south_africa,28,7.7,operator,welder,female,2022-11-30,tuesday,8.87,morning,4.6,mobile_equipment,other,pit_collapse,fracture,torso,fatality,none
3383,INC-FE1F0A7E,formal_small,surface,south_africa,62,22.8,contractor,other,male,2024-07-24,wednesday,14.78,evening,0.6,components_parts,cleaning_clearing,struck_by_object,laceration,hand_finger,first_aid,full
3384,INC-9654CDEB,formal_large,surface,tanzania,58,21.8,contractor,other,male,2024-11-15,saturday,15.38,evening,7.7,mobile_equipment,other,fall_slip,fracture,hand_finger,days_away,none
3385,INC-D370B4AA,artisanal,surface,ghana,36,9.0,operator,supervisor,male,2023-02-07,friday,12.75,morning,0.7,mobile_equipment,operating_equipment,struck_by_object,contusion,multiple,permanent_disability,none
3386,INC-1AF40449,formal_small,underground,south_africa,45,20.9,operator,blaster,female,2022-09-10,wednesday,22.12,night,6.4,earth_moving,other,fall_from_height,fracture,head_face,days_away,partial
3387,INC-1CCAAC2D,artisanal,surface,drc,24,8.0,operator,supervisor,male,2024-08-23,wednesday,10.87,morning,5.3,components_parts,operating_equipment,other,abrasion,foot_lower_leg,days_away,none
3388,INC-2BA875CF,formal_small,surface,zimbabwe,29,11.0,operator,laborer,male,2024-09-18,friday,12.65,morning,1.1,components_parts,operating_equipment,struck_by_object,laceration,hand_finger,days_away,full
3389,INC-2CB58083,formal_large,surface,other,54,36.0,operator,supervisor,male,2020-10-30,wednesday,13.3,morning,11.0,haul_truck,other,fall_slip,laceration,hand_finger,temporary_disability,full
3390,INC-3D5CDAAD,formal_large,surface,drc,36,14.5,operator,truck_operator,female,2022-12-28,sunday,10.46,morning,3.5,mobile_equipment,directing_equipment,struck_by_object,laceration,head_face,days_away,none
3391,INC-61332DCE,artisanal,surface,other,33,17.0,operator,welder,male,2023-11-03,saturday,10.37,morning,3.6,mobile_equipment,directing_equipment,pit_collapse,abrasion,hand_finger,days_away,none
3392,INC-D4554C69,artisanal,surface,drc,32,5.8,operator,excavator_operator,male,2024-05-11,tuesday,11.45,morning,6.2,haul_truck,other,struck_by_object,laceration,hand_finger,permanent_disability,none
3393,INC-3A456D98,formal_large,underground,south_africa,48,23.2,contractor,mechanic_repairman,male,2022-01-16,thursday,5.72,night,5.8,drill_rig,other,struck_by_rock,fracture,multiple,days_away,none
3394,INC-E926E9C0,artisanal,surface,south_africa,24,8.0,operator,excavator_operator,male,2023-03-09,friday,13.22,morning,8.7,haul_truck,other,falling,abrasion,torso,restricted_work,none
3395,INC-72A0C47D,artisanal,surface,other,41,10.2,operator,laborer,female,2022-06-12,saturday,15.98,evening,7.2,mobile_equipment,operating_equipment,pit_collapse,abrasion,head_face,days_away,none
3396,INC-66F98332,formal_large,surface,south_africa,30,9.7,operator,other,male,2023-02-22,tuesday,11.1,morning,3.6,mobile_equipment,other,trapped_between,laceration,multiple,days_away,partial
3397,INC-EE6AB10D,formal_large,underground,ghana,64,18.0,operator,driller,male,2023-04-27,friday,10.72,morning,5.1,earth_moving,other,other,contusion,multiple,days_away,partial
3398,INC-1F0D7C52,artisanal,underground,ethiopia,28,7.0,contractor,driller,male,2022-12-01,tuesday,14.07,evening,8.5,components_parts,other,other,abrasion,upper_extremity,fatality,none
3399,INC-AAF6348C,artisanal,underground,south_africa,23,2.6,operator,mechanic_repairman,male,2023-12-01,thursday,11.15,morning,3.1,none,other,other,contusion,head_face,fatality,none
3400,INC-54E28AB9,formal_large,surface,south_africa,29,11.0,operator,other,male,2020-05-13,saturday,11.15,morning,2.6,components_parts,lifting_lowering,other,amputation,foot_lower_leg,days_away,full
3401,INC-D6DBCD25,artisanal,surface,zimbabwe,36,13.0,contractor,other,male,2020-04-19,thursday,12.44,morning,10.1,haul_truck,other,pit_collapse,fracture,hand_finger,first_aid,none
3402,INC-04660350,formal_small,surface,ghana,43,14.2,operator,other,female,2024-03-02,wednesday,18.0,evening,8.6,haul_truck,maintenance_repair,hit_by_moving,laceration,upper_extremity,days_away,full
3403,INC-CD25E0E5,artisanal,underground,tanzania,31,0.7,operator,supervisor,male,2021-12-09,tuesday,13.56,morning,10.5,components_parts,drilling,other,laceration,torso,days_away,none
3404,INC-2A247B39,artisanal,underground,south_africa,33,2.7,contractor,driller,male,2021-12-04,wednesday,13.64,morning,2.4,rock_drill,other,other,other,torso,fatality,none
3405,INC-89D581DC,artisanal,underground,zimbabwe,22,5.7,operator,laborer,male,2023-10-28,tuesday,1.73,night,6.5,rock_drill,drilling,other,abrasion,multiple,first_aid,none
3406,INC-3ECEAB83,formal_small,surface,south_africa,22,4.0,operator,supervisor,male,2022-09-25,sunday,14.3,evening,4.0,haul_truck,operating_equipment,other,laceration,multiple,first_aid,partial
3407,INC-D919CADE,formal_large,underground,ethiopia,42,24.0,contractor,mechanic_repairman,male,2022-09-03,wednesday,12.0,morning,6.9,earth_moving,other,falling_object,laceration,torso,first_aid,none
3408,INC-53B984AA,formal_small,underground,south_africa,38,13.4,contractor,supervisor,male,2024-09-01,friday,12.98,morning,1.2,earth_moving,walking,struck_by_rock,laceration,hand_finger,fatality,full
3409,INC-E4EDF158,formal_large,surface,south_africa,53,20.6,contractor,laborer,male,2021-09-15,friday,11.55,morning,7.9,light_vehicle,maintenance_repair,hit_by_moving,laceration,hand_finger,temporary_disability,full
3410,INC-258C22EB,artisanal,surface,drc,36,2.7,operator,truck_operator,male,2021-04-26,wednesday,7.04,morning,8.6,haul_truck,maintenance_repair,pit_collapse,fracture,multiple,restricted_work,none
3411,INC-AB8CF0F8,formal_large,surface,south_africa,38,20.0,operator,other,male,2020-03-15,thursday,12.0,morning,2.9,components_parts,other,other,fracture,multiple,first_aid,full
3412,INC-7C55DBE1,formal_small,surface,tanzania,53,26.1,operator,truck_operator,male,2024-09-18,friday,7.67,morning,0.3,mobile_equipment,other,other,laceration,torso,restricted_work,none
3413,INC-5622BD45,formal_large,surface,ghana,33,6.1,operator,laborer,male,2020-01-14,friday,12.74,morning,4.4,haul_truck,lifting_lowering,struck_by_object,laceration,hand_finger,days_away,none
3414,INC-EF0AE497,formal_large,surface,south_africa,40,22.0,contractor,mechanic_repairman,male,2022-01-30,tuesday,10.56,morning,6.5,mobile_equipment,other,hit_by_moving,amputation,hand_finger,days_away,full
3415,INC-3E710F7B,formal_large,underground,ghana,40,22.0,operator,other,male,2022-02-15,thursday,12.96,morning,5.5,earth_moving,other,fall_from_height,other,foot_lower_leg,fatality,full
3416,INC-A20C5F5E,artisanal,underground,other,46,7.7,contractor,laborer,male,2024-08-19,monday,10.6,morning,5.6,none,other,other,fracture,head_face,fatality,none
3417,INC-3AF0EEE2,artisanal,underground,ghana,21,5.0,operator,mechanic_repairman,female,2022-06-02,tuesday,23.68,night,8.9,earth_moving,other,falling_object,other,torso,permanent_disability,none
3418,INC-869BDDA8,formal_large,surface,south_africa,47,20.9,operator,excavator_operator,male,2020-01-13,friday,13.27,morning,5.7,hand_tools,other,other,burns,hand_finger,fatality,partial
3419,INC-DFEC4ACF,artisanal,surface,zimbabwe,33,17.0,contractor,truck_operator,female,2021-02-22,saturday,13.14,morning,5.3,light_vehicle,other,struck_by_object,other,torso,fatality,none
3420,INC-D48DF27C,artisanal,surface,ghana,25,7.1,contractor,laborer,male,2022-07-21,saturday,14.08,evening,6.1,none,operating_equipment,struck_by_object,laceration,foot_lower_leg,first_aid,none
3421,INC-841EEC34,formal_large,underground,drc,46,28.0,operator,driller,female,2023-12-31,friday,12.17,morning,0.4,none,drilling,other,fracture,torso,permanent_disability,full
3422,INC-4C0780A2,artisanal,surface,other,49,9.6,operator,other,male,2020-04-10,wednesday,16.89,evening,2.3,mobile_equipment,other,other,fracture,multiple,temporary_disability,none
3423,INC-D33A7714,formal_small,underground,zimbabwe,49,12.6,operator,laborer,male,2023-08-14,thursday,12.72,morning,3.4,components_parts,charging_up,struck_by_rock,laceration,multiple,days_away,partial
3424,INC-07849402,formal_large,surface,zimbabwe,45,21.8,operator,mechanic_repairman,male,2020-11-13,sunday,8.35,morning,5.0,haul_truck,lifting_lowering,struck_by_object,fracture,multiple,days_away,full
3425,INC-D2FFC6BB,formal_small,surface,ghana,49,31.0,operator,mechanic_repairman,female,2020-12-09,monday,14.95,evening,3.6,mobile_equipment,other,struck_by_object,fracture,hand_finger,first_aid,full
3426,INC-31ADFC69,formal_large,underground,other,34,16.0,contractor,laborer,female,2020-09-15,saturday,21.65,evening,0.1,none,barring_scaling,other,multiple,torso,days_away,full
3427,INC-FB982502,artisanal,surface,zimbabwe,39,7.7,contractor,other,male,2020-12-09,friday,14.89,evening,7.4,mobile_equipment,cleaning_clearing,struck_by_object,laceration,multiple,first_aid,none
3428,INC-370A6251,artisanal,underground,south_africa,32,6.8,operator,mechanic_repairman,male,2023-01-28,thursday,18.0,evening,8.3,rock_drill,walking,other,abrasion,multiple,days_away,none
3429,INC-44416A6F,artisanal,surface,other,22,6.0,contractor,truck_operator,female,2024-04-28,wednesday,14.06,evening,1.1,mobile_equipment,cleaning_clearing,struck_by_object,laceration,multiple,days_away,none
3430,INC-85377C3F,formal_small,surface,other,46,15.2,operator,laborer,male,2020-05-04,sunday,10.27,morning,11.3,haul_truck,other,struck_by_object,fracture,torso,first_aid,partial
3431,INC-EBE51240,formal_small,surface,ghana,58,20.7,operator,supervisor,male,2024-08-05,saturday,10.9,morning,3.4,components_parts,other,hit_by_moving,fracture,upper_extremity,temporary_disability,full
3432,INC-33761388,artisanal,underground,ghana,23,7.0,operator,laborer,male,2021-02-07,thursday,11.19,morning,7.3,earth_moving,drilling,fall_from_height,abrasion,head_face,fatality,none
3433,INC-31F7459D,formal_large,surface,tanzania,27,9.0,contractor,laborer,male,2024-12-02,saturday,14.22,evening,10.4,mobile_equipment,operating_equipment,fall_slip,laceration,multiple,temporary_disability,none
3434,INC-CBDBCA13,formal_large,underground,drc,47,16.3,operator,driller,male,2024-01-16,thursday,14.55,evening,2.2,none,barring_scaling,hit_by_moving,multiple,multiple,days_away,full
3435,INC-5729DEDA,formal_small,underground,zimbabwe,49,8.8,operator,supervisor,male,2023-06-07,friday,22.21,night,4.4,none,other,hit_by_moving,laceration,upper_extremity,days_away,full
3436,INC-0F74C07F,formal_large,surface,ghana,56,15.3,operator,mechanic_repairman,male,2022-06-15,wednesday,14.0,evening,4.3,light_vehicle,other,struck_by_object,fracture,upper_extremity,first_aid,full
3437,INC-558AC40B,formal_large,underground,ghana,49,24.1,operator,other,female,2024-08-23,friday,12.09,morning,5.7,rock_drill,other,other,multiple,upper_extremity,temporary_disability,full
3438,INC-8B1A54C0,formal_large,underground,ghana,43,15.1,contractor,driller,male,2022-05-16,tuesday,11.71,morning,0.7,earth_moving,drilling,fall_from_height,multiple,multiple,first_aid,full
3439,INC-25F88B73,formal_small,surface,south_africa,47,17.9,operator,laborer,male,2020-09-28,friday,12.2,morning,6.7,mobile_equipment,maintenance_repair,other,amputation,hand_finger,fatality,full
3440,INC-9532B9CC,formal_large,underground,drc,36,18.0,operator,mechanic_repairman,male,2021-08-26,thursday,13.11,morning,1.8,components_parts,charging_up,other,laceration,torso,temporary_disability,full
3441,INC-EAD75A2F,formal_large,surface,south_africa,39,18.0,operator,other,male,2020-10-11,wednesday,11.87,morning,6.4,mobile_equipment,maintenance_repair,trapped_between,burns,multiple,days_away,full
3442,INC-F7207FF3,formal_large,surface,ghana,30,12.0,operator,truck_operator,male,2021-04-24,thursday,12.81,morning,3.2,mobile_equipment,maintenance_repair,fall_slip,laceration,foot_lower_leg,restricted_work,partial
3443,INC-B82CF3E1,formal_small,surface,drc,57,19.8,operator,laborer,male,2020-03-16,sunday,12.2,morning,4.8,mobile_equipment,directing_equipment,struck_by_object,contusion,upper_extremity,temporary_disability,full
3444,INC-D30DC833,artisanal,underground,ghana,36,1.0,operator,other,male,2022-05-07,wednesday,12.83,morning,9.4,none,other,fall_from_height,abrasion,multiple,restricted_work,none
3445,INC-E140FD2E,formal_large,surface,ghana,47,14.4,operator,truck_operator,male,2022-09-10,friday,10.84,morning,3.1,components_parts,other,fall_slip,fracture,upper_extremity,days_away,full
3446,INC-9A13114D,artisanal,surface,other,21,5.0,operator,other,male,2022-07-19,friday,10.36,morning,6.2,mobile_equipment,other,falling,abrasion,torso,days_away,none
3447,INC-AD58949D,artisanal,surface,south_africa,21,3.6,contractor,mechanic_repairman,male,2021-02-08,monday,14.53,evening,9.6,haul_truck,cleaning_clearing,pit_collapse,abrasion,foot_lower_leg,temporary_disability,none
3448,INC-AEDE3A54,formal_large,surface,other,34,16.0,operator,truck_operator,male,2021-04-30,friday,13.88,morning,4.1,mobile_equipment,other,hit_by_moving,burns,hand_finger,days_away,partial
3449,INC-25FBA6BE,artisanal,underground,south_africa,30,6.2,operator,driller,male,2022-11-04,saturday,14.08,evening,8.5,earth_moving,other,other,abrasion,multiple,days_away,none
3450,INC-B5B122EC,artisanal,underground,ghana,31,2.6,operator,other,male,2021-08-18,friday,1.18,night,3.4,earth_moving,walking,fall_from_height,fracture,foot_lower_leg,days_away,none
3451,INC-80550C2A,formal_small,surface,ethiopia,45,9.7,operator,mechanic_repairman,female,2020-01-15,monday,11.76,morning,0.1,none,directing_equipment,other,fracture,upper_extremity,temporary_disability,full
3452,INC-F6C4D90D,formal_large,surface,ghana,54,14.4,contractor,other,male,2023-08-07,monday,12.21,morning,1.2,mobile_equipment,cleaning_clearing,other,contusion,hand_finger,first_aid,partial
3453,INC-AB73F9C5,formal_large,underground,zimbabwe,52,20.8,operator,other,female,2022-08-23,wednesday,22.11,night,11.4,drill_rig,other,fall_from_height,multiple,foot_lower_leg,days_away,partial
3454,INC-170C1937,artisanal,surface,south_africa,33,2.4,contractor,excavator_operator,male,2020-12-14,sunday,7.6,morning,4.7,mobile_equipment,directing_equipment,falling,contusion,upper_extremity,restricted_work,none
3455,INC-2483BB0C,artisanal,surface,ethiopia,27,11.0,operator,truck_operator,male,2024-06-11,friday,13.61,morning,1.2,mobile_equipment,operating_equipment,pit_collapse,contusion,upper_extremity,days_away,none
3456,INC-295117BA,artisanal,underground,south_africa,37,4.3,operator,laborer,male,2021-04-12,thursday,4.58,night,5.1,none,other,other,laceration,torso,days_away,none
3457,INC-FCCDD8A5,artisanal,underground,drc,24,7.5,operator,laborer,female,2023-08-18,thursday,0.0,night,1.0,rock_drill,drilling,other,abrasion,hand_finger,days_away,none
3458,INC-2F8D3F15,formal_large,surface,ethiopia,34,15.6,operator,mechanic_repairman,female,2020-03-24,monday,11.84,morning,9.2,haul_truck,other,struck_by_object,burns,hand_finger,temporary_disability,partial
3459,INC-5CE4ACF8,artisanal,surface,zimbabwe,35,10.5,operator,other,male,2021-11-01,thursday,15.04,evening,6.9,light_vehicle,lifting_lowering,other,abrasion,torso,first_aid,none
3460,INC-67EB9DF9,formal_small,underground,south_africa,18,0.0,operator,other,male,2021-03-31,saturday,10.17,morning,1.7,earth_moving,other,struck_by_rock,fracture,multiple,temporary_disability,full
3461,INC-17D20682,artisanal,surface,zimbabwe,32,16.0,operator,mechanic_repairman,male,2020-05-04,wednesday,12.78,morning,1.7,mobile_equipment,other,falling,contusion,multiple,fatality,none
3462,INC-A66749D2,formal_large,surface,ethiopia,46,18.7,operator,laborer,male,2022-02-28,tuesday,15.83,evening,7.0,mobile_equipment,cleaning_clearing,vehicle_motion,burns,hand_finger,days_away,partial
3463,INC-A3217EA5,formal_large,underground,ghana,34,16.0,operator,driller,male,2021-03-23,thursday,11.67,morning,1.6,components_parts,drilling,other,fracture,hand_finger,restricted_work,full
3464,INC-297CFBF9,artisanal,surface,tanzania,35,2.5,operator,laborer,male,2021-04-02,saturday,10.63,morning,8.3,hand_tools,maintenance_repair,other,other,hand_finger,permanent_disability,none
3465,INC-7E545A52,artisanal,surface,south_africa,39,20.8,operator,supervisor,male,2022-07-08,tuesday,14.04,evening,9.4,none,lifting_lowering,other,other,torso,temporary_disability,none
3466,INC-66E6C9FC,artisanal,surface,south_africa,27,8.9,operator,laborer,male,2024-05-16,tuesday,10.85,morning,4.5,mobile_equipment,lifting_lowering,falling,other,hand_finger,days_away,none
3467,INC-D3245B53,formal_large,surface,tanzania,48,11.2,contractor,other,male,2021-04-14,tuesday,10.61,morning,4.7,none,operating_equipment,vehicle_motion,amputation,multiple,fatality,full
3468,INC-D7941B45,formal_large,surface,south_africa,52,15.8,operator,mechanic_repairman,male,2020-10-12,friday,14.64,evening,1.7,mobile_equipment,directing_equipment,fall_slip,contusion,multiple,temporary_disability,full
3469,INC-A0865E7A,artisanal,surface,south_africa,26,8.6,contractor,welder,male,2023-11-18,tuesday,10.67,morning,1.2,haul_truck,operating_equipment,pit_collapse,other,torso,fatality,none
3470,INC-13205308,formal_small,surface,tanzania,53,27.8,operator,mechanic_repairman,male,2022-01-29,wednesday,11.54,morning,3.9,none,directing_equipment,other,multiple,head_face,days_away,partial
3471,INC-1B2B2E55,formal_small,underground,tanzania,59,12.9,contractor,laborer,male,2024-09-03,monday,2.79,night,4.8,none,other,hit_by_moving,laceration,multiple,fatality,none
3472,INC-CBB7ABF9,formal_small,surface,south_africa,54,7.0,operator,truck_operator,male,2023-07-19,sunday,14.26,evening,2.3,mobile_equipment,lifting_lowering,other,burns,multiple,first_aid,full
3473,INC-95ED5A14,formal_small,surface,south_africa,59,17.2,operator,excavator_operator,male,2020-11-17,friday,10.44,morning,6.3,mobile_equipment,maintenance_repair,fall_slip,fracture,multiple,first_aid,full
3474,INC-E3186266,formal_small,surface,ghana,56,19.1,contractor,excavator_operator,male,2023-11-01,tuesday,9.61,morning,4.3,haul_truck,other,other,burns,foot_lower_leg,days_away,full
3475,INC-174E34FB,formal_small,surface,ethiopia,56,14.9,operator,other,male,2020-01-11,saturday,14.35,evening,9.0,mobile_equipment,cleaning_clearing,hit_by_moving,laceration,hand_finger,days_away,none
3476,INC-4F685B3E,artisanal,underground,zimbabwe,18,2.0,contractor,supervisor,male,2022-04-13,friday,3.25,night,7.2,drill_rig,walking,other,laceration,foot_lower_leg,fatality,none
3477,INC-42235491,artisanal,surface,ethiopia,18,2.0,contractor,other,male,2020-06-02,thursday,11.79,morning,6.7,mobile_equipment,other,pit_collapse,laceration,foot_lower_leg,first_aid,none
3478,INC-83D7EA27,artisanal,surface,drc,29,1.6,operator,truck_operator,male,2023-11-13,saturday,12.13,morning,1.9,haul_truck,other,struck_by_object,contusion,upper_extremity,days_away,none
3479,INC-B4C3CF8C,formal_small,underground,other,42,24.0,operator,other,male,2024-01-06,monday,22.01,night,9.6,earth_moving,other,other,laceration,hand_finger,days_away,full
3480,INC-F5DA981E,formal_small,surface,ghana,30,12.0,operator,laborer,male,2024-09-10,monday,12.46,morning,1.0,mobile_equipment,other,struck_by_object,multiple,foot_lower_leg,days_away,partial
3481,INC-1FEE5EEF,artisanal,surface,south_africa,30,14.0,operator,laborer,male,2020-04-08,tuesday,10.28,morning,1.0,none,operating_equipment,pit_collapse,other,multiple,temporary_disability,none
3482,INC-C923EBCC,artisanal,underground,ghana,23,2.3,operator,blaster,female,2024-03-27,thursday,13.67,morning,6.8,none,other,other,laceration,hand_finger,fatality,none
3483,INC-A739888A,formal_small,surface,south_africa,65,20.7,operator,other,male,2023-09-24,monday,10.87,morning,11.4,mobile_equipment,other,struck_by_object,contusion,multiple,first_aid,partial
3484,INC-FBBDC2EB,artisanal,underground,ghana,24,4.6,operator,laborer,male,2024-04-06,thursday,11.81,morning,3.0,earth_moving,charging_up,other,fracture,head_face,days_away,none
3485,INC-0ACE4715,artisanal,underground,other,41,15.3,contractor,driller,female,2022-01-09,friday,0.0,night,11.0,earth_moving,other,falling_object,abrasion,hand_finger,permanent_disability,none
3486,INC-0765F449,artisanal,underground,ghana,36,6.7,operator,driller,male,2023-04-07,thursday,12.43,morning,5.2,none,other,hit_by_moving,abrasion,torso,temporary_disability,none
3487,INC-ABE1D8E2,artisanal,surface,south_africa,21,2.9,operator,mechanic_repairman,male,2022-02-16,thursday,10.47,morning,6.2,mobile_equipment,other,falling,laceration,multiple,days_away,none
3488,INC-61D530D4,formal_large,underground,zimbabwe,43,15.7,operator,other,male,2023-05-22,tuesday,0.86,night,5.2,none,other,other,laceration,foot_lower_leg,first_aid,full
3489,INC-65F53794,formal_small,underground,other,54,24.1,operator,supervisor,female,2023-08-27,saturday,12.0,morning,5.7,drill_rig,drilling,struck_by_rock,laceration,torso,permanent_disability,full
3490,INC-E34875B6,formal_small,surface,south_africa,37,19.0,operator,laborer,male,2021-06-19,wednesday,14.47,evening,9.0,mobile_equipment,other,struck_by_object,multiple,multiple,fatality,full
3491,INC-B842893D,formal_large,underground,drc,52,13.4,operator,blaster,male,2021-08-07,saturday,0.45,night,1.7,earth_moving,drilling,other,laceration,foot_lower_leg,days_away,partial
3492,INC-A1811C89,artisanal,surface,drc,27,11.0,operator,truck_operator,male,2024-12-01,thursday,10.99,morning,4.4,mobile_equipment,other,struck_by_object,other,head_face,fatality,partial
3493,INC-341EF132,artisanal,underground,ghana,33,5.1,operator,laborer,male,2024-01-19,thursday,11.8,morning,4.8,rock_drill,other,hit_by_moving,fracture,head_face,temporary_disability,none
3494,INC-8BABBE16,formal_large,surface,ethiopia,19,1.0,operator,truck_operator,male,2020-04-08,wednesday,11.28,morning,4.3,mobile_equipment,maintenance_repair,other,burns,torso,permanent_disability,full
3495,INC-8D19A9D1,artisanal,surface,ghana,26,4.5,contractor,laborer,female,2020-06-21,thursday,14.91,evening,9.3,components_parts,lifting_lowering,falling,other,upper_extremity,fatality,none
3496,INC-74AF83BF,artisanal,surface,ghana,25,2.4,operator,truck_operator,male,2023-12-19,wednesday,13.97,morning,6.5,hand_tools,other,pit_collapse,laceration,foot_lower_leg,permanent_disability,none
3497,INC-E2772809,artisanal,underground,ghana,28,4.9,operator,driller,male,2023-08-05,thursday,3.75,night,1.3,components_parts,charging_up,other,abrasion,upper_extremity,days_away,none
3498,INC-C72D6EAA,formal_small,surface,south_africa,39,17.1,operator,mechanic_repairman,female,2021-01-25,tuesday,11.34,morning,7.2,mobile_equipment,other,struck_by_object,laceration,hand_finger,restricted_work,full
3499,INC-9803C808,artisanal,surface,tanzania,38,5.7,operator,supervisor,male,2024-07-08,friday,13.09,morning,0.7,components_parts,operating_equipment,falling,laceration,hand_finger,permanent_disability,none
3500,INC-4BF3A521,formal_small,surface,drc,42,24.0,operator,mechanic_repairman,male,2020-02-01,saturday,13.17,morning,4.0,light_vehicle,operating_equipment,other,contusion,foot_lower_leg,days_away,full
3501,INC-563383ED,formal_small,underground,ghana,47,11.2,operator,supervisor,male,2020-10-26,thursday,13.41,morning,7.9,rock_drill,other,falling_object,other,upper_extremity,permanent_disability,partial
3502,INC-B1B90785,formal_large,surface,ethiopia,53,35.0,operator,truck_operator,male,2022-10-03,sunday,12.41,morning,1.4,haul_truck,other,struck_by_object,fracture,upper_extremity,days_away,full
3503,INC-A340D0E0,artisanal,surface,south_africa,39,10.4,operator,laborer,male,2022-10-10,monday,14.18,evening,9.7,mobile_equipment,directing_equipment,falling,laceration,upper_extremity,permanent_disability,none
3504,INC-F0023CA3,artisanal,surface,south_africa,25,3.9,operator,laborer,male,2021-01-26,thursday,13.15,morning,0.8,components_parts,cleaning_clearing,struck_by_object,fracture,foot_lower_leg,first_aid,none
3505,INC-E7B62D51,formal_small,surface,tanzania,32,14.0,contractor,laborer,male,2023-03-16,wednesday,14.79,evening,3.0,mobile_equipment,other,other,fracture,head_face,days_away,full
3506,INC-EA7EBD75,formal_small,surface,south_africa,49,24.0,operator,other,male,2024-03-12,friday,6.61,morning,6.7,light_vehicle,maintenance_repair,fall_slip,laceration,hand_finger,days_away,none
3507,INC-8492923C,artisanal,surface,drc,34,17.4,operator,truck_operator,male,2020-08-30,wednesday,12.48,morning,3.6,hand_tools,cleaning_clearing,falling,other,multiple,temporary_disability,none
3508,INC-1C02ABA1,artisanal,underground,ghana,30,14.0,operator,supervisor,male,2023-12-04,thursday,20.23,evening,7.4,none,other,hit_by_moving,laceration,multiple,fatality,none
3509,INC-943DD43E,formal_large,underground,drc,54,10.2,operator,other,male,2022-09-18,monday,12.29,morning,3.0,none,drilling,hit_by_moving,laceration,torso,days_away,full
3510,INC-9E290983,artisanal,surface,ghana,23,7.0,operator,mechanic_repairman,female,2024-07-03,saturday,13.4,morning,5.4,haul_truck,cleaning_clearing,other,contusion,foot_lower_leg,restricted_work,none
3511,INC-B65A3662,artisanal,surface,ghana,28,8.4,operator,mechanic_repairman,female,2021-04-05,sunday,10.69,morning,7.2,none,maintenance_repair,pit_collapse,other,upper_extremity,first_aid,none
3512,INC-1E89C84F,artisanal,surface,drc,21,5.0,operator,welder,male,2023-06-05,wednesday,12.19,morning,4.9,components_parts,other,falling,abrasion,multiple,days_away,none
3513,INC-ED72A557,artisanal,underground,zimbabwe,38,11.8,operator,driller,male,2023-10-08,thursday,10.78,morning,1.5,none,barring_scaling,other,contusion,torso,days_away,none
3514,INC-1C06410A,artisanal,surface,south_africa,41,14.5,operator,truck_operator,male,2021-10-19,wednesday,12.75,morning,8.6,light_vehicle,other,other,other,torso,days_away,none
3515,INC-E63E7DE3,artisanal,surface,other,27,11.0,operator,other,male,2022-11-03,thursday,12.8,morning,2.9,components_parts,directing_equipment,pit_collapse,contusion,multiple,temporary_disability,none
3516,INC-6C8F8448,artisanal,underground,ghana,26,10.0,operator,supervisor,female,2023-09-01,wednesday,11.38,morning,6.2,components_parts,drilling,hit_by_moving,laceration,head_face,permanent_disability,none
3517,INC-8E88405E,formal_large,surface,south_africa,65,10.1,operator,welder,male,2022-01-19,friday,12.87,morning,1.3,mobile_equipment,operating_equipment,vehicle_motion,laceration,multiple,fatality,full
3518,INC-12223820,formal_small,surface,ghana,49,22.1,contractor,welder,male,2023-04-21,friday,12.71,morning,2.0,haul_truck,other,other,laceration,hand_finger,days_away,full
3519,INC-7EEB214B,artisanal,surface,ethiopia,38,12.3,operator,other,male,2023-09-17,monday,12.1,morning,0.4,mobile_equipment,other,pit_collapse,fracture,torso,days_away,none
3520,INC-2162CFC8,formal_small,surface,ethiopia,38,20.0,operator,supervisor,male,2021-03-11,monday,8.62,morning,1.1,mobile_equipment,other,other,multiple,hand_finger,days_away,none
3521,INC-2A9DFCCE,artisanal,surface,drc,39,11.5,operator,laborer,male,2023-08-29,friday,9.31,morning,5.5,mobile_equipment,operating_equipment,falling,contusion,head_face,temporary_disability,none
3522,INC-2EDA9693,formal_large,underground,zimbabwe,30,12.0,operator,other,male,2022-12-18,friday,24.0,night,6.8,rock_drill,drilling,other,multiple,head_face,first_aid,none
3523,INC-691B0A55,formal_small,surface,south_africa,60,25.7,operator,excavator_operator,female,2021-01-19,thursday,11.7,morning,2.0,haul_truck,other,other,laceration,torso,days_away,partial
3524,INC-2F76FB82,formal_small,surface,ghana,50,10.2,operator,truck_operator,female,2024-03-17,friday,11.45,morning,0.3,mobile_equipment,maintenance_repair,other,multiple,multiple,fatality,full
3525,INC-1AC20919,formal_small,underground,south_africa,42,8.4,operator,other,male,2020-02-16,friday,12.38,morning,2.9,none,other,falling_object,other,torso,days_away,full
3526,INC-3E368D39,formal_large,underground,tanzania,27,9.0,operator,laborer,male,2023-01-14,monday,19.87,evening,6.3,earth_moving,other,hit_by_moving,contusion,head_face,days_away,partial
3527,INC-B1183156,formal_large,surface,south_africa,34,10.0,operator,excavator_operator,male,2021-03-29,wednesday,17.94,evening,1.7,haul_truck,other,struck_by_object,laceration,upper_extremity,permanent_disability,partial
3528,INC-A47FC171,artisanal,underground,ethiopia,22,6.0,operator,mechanic_repairman,female,2023-07-18,friday,11.15,morning,2.1,none,walking,hit_by_moving,contusion,foot_lower_leg,temporary_disability,none
3529,INC-D5955C18,formal_small,surface,ethiopia,48,7.1,operator,mechanic_repairman,male,2024-05-30,tuesday,8.7,morning,7.1,mobile_equipment,operating_equipment,fall_slip,multiple,foot_lower_leg,days_away,full
3530,INC-9B09E2FA,formal_large,surface,drc,46,11.7,operator,excavator_operator,female,2023-04-30,monday,13.33,morning,4.9,mobile_equipment,other,fall_slip,multiple,head_face,days_away,none
3531,INC-C45728D5,formal_large,surface,south_africa,24,6.0,operator,other,female,2021-12-25,friday,14.09,evening,1.8,haul_truck,other,other,laceration,hand_finger,days_away,partial
3532,INC-5057F82F,formal_small,surface,south_africa,49,20.9,operator,excavator_operator,male,2023-03-14,thursday,10.1,morning,7.6,mobile_equipment,maintenance_repair,struck_by_object,fracture,hand_finger,days_away,none
3533,INC-521F8CA5,formal_large,underground,other,28,10.0,operator,other,male,2021-01-02,monday,20.03,evening,5.3,rock_drill,other,hit_by_moving,laceration,foot_lower_leg,days_away,full
3534,INC-3B8A51E2,artisanal,underground,ethiopia,29,7.9,operator,other,male,2020-06-03,monday,12.57,morning,4.3,rock_drill,other,hit_by_moving,contusion,multiple,fatality,none
3535,INC-C840CB49,artisanal,surface,zimbabwe,30,4.6,operator,mechanic_repairman,male,2021-11-04,monday,11.09,morning,2.8,mobile_equipment,directing_equipment,falling,other,hand_finger,temporary_disability,none
3536,INC-8A2EB657,formal_large,surface,tanzania,55,21.6,operator,mechanic_repairman,male,2023-01-26,wednesday,10.01,morning,5.6,components_parts,cleaning_clearing,struck_by_object,fracture,multiple,temporary_disability,full
3537,INC-718411CE,formal_small,underground,other,44,10.4,operator,other,male,2021-11-30,monday,1.54,night,9.1,earth_moving,drilling,fall_from_height,other,torso,permanent_disability,full
3538,INC-D78A5C38,formal_large,surface,ghana,38,20.0,operator,other,male,2020-07-23,saturday,15.23,evening,4.1,haul_truck,other,struck_by_object,laceration,hand_finger,permanent_disability,partial
3539,INC-21E63F37,formal_large,surface,other,52,13.2,operator,mechanic_repairman,male,2022-04-09,thursday,12.69,morning,2.5,light_vehicle,lifting_lowering,vehicle_motion,fracture,hand_finger,permanent_disability,full
3540,INC-64C60482,artisanal,surface,south_africa,25,3.0,contractor,excavator_operator,male,2024-05-08,saturday,10.48,morning,6.6,haul_truck,maintenance_repair,other,other,head_face,restricted_work,none
3541,INC-F48F9344,formal_small,surface,other,46,16.2,contractor,supervisor,male,2022-04-01,sunday,8.31,morning,4.8,mobile_equipment,other,struck_by_object,multiple,multiple,fatality,partial
3542,INC-32B97F4C,artisanal,surface,south_africa,33,2.4,operator,truck_operator,male,2022-04-19,monday,12.64,morning,9.2,mobile_equipment,other,other,abrasion,foot_lower_leg,days_away,none
3543,INC-F3B126F3,formal_large,underground,ghana,55,13.4,operator,laborer,male,2021-06-28,thursday,10.5,morning,7.0,none,walking,fall_from_height,laceration,hand_finger,days_away,none
3544,INC-C09C65E7,formal_large,surface,south_africa,43,9.6,operator,laborer,male,2022-05-20,sunday,13.86,morning,7.6,light_vehicle,directing_equipment,fall_slip,burns,hand_finger,days_away,full
3545,INC-0E6AB4CF,formal_small,surface,drc,44,26.0,operator,mechanic_repairman,male,2021-06-30,wednesday,11.69,morning,2.8,none,other,struck_by_object,amputation,hand_finger,temporary_disability,none
3546,INC-980CB36F,formal_small,underground,other,40,12.2,operator,laborer,female,2024-10-13,friday,2.11,night,6.4,rock_drill,other,other,contusion,torso,permanent_disability,full
3547,INC-FA6DEA7E,artisanal,surface,ghana,25,3.2,operator,supervisor,female,2023-12-31,friday,11.24,morning,0.9,components_parts,operating_equipment,falling,other,hand_finger,temporary_disability,none
3548,INC-5FAB7948,formal_large,underground,ghana,45,6.5,contractor,laborer,male,2023-07-04,wednesday,12.0,morning,8.8,earth_moving,walking,hit_by_moving,other,torso,days_away,full
3549,INC-1DAC3602,artisanal,surface,ghana,27,11.0,operator,mechanic_repairman,female,2023-04-25,thursday,11.41,morning,6.7,mobile_equipment,operating_equipment,pit_collapse,contusion,hand_finger,permanent_disability,none
3550,INC-64E5D800,artisanal,surface,south_africa,30,14.0,operator,truck_operator,male,2021-08-16,friday,6.0,morning,5.7,hand_tools,other,pit_collapse,other,hand_finger,days_away,none
3551,INC-B8FCC373,formal_small,surface,drc,59,26.2,operator,truck_operator,male,2023-05-25,friday,10.88,morning,4.4,mobile_equipment,cleaning_clearing,struck_by_object,burns,upper_extremity,temporary_disability,full
3552,INC-91DFB3E1,formal_large,underground,south_africa,38,5.5,contractor,other,male,2024-10-21,saturday,11.56,morning,2.5,none,charging_up,other,contusion,hand_finger,restricted_work,full
3553,INC-3B5A15D2,formal_small,underground,other,49,17.2,operator,laborer,male,2020-12-13,thursday,0.08,night,2.1,rock_drill,other,fall_from_height,contusion,hand_finger,days_away,partial
3554,INC-4A27DFC0,formal_large,underground,other,34,16.0,contractor,driller,female,2024-04-20,tuesday,11.24,morning,5.7,rock_drill,other,other,other,multiple,temporary_disability,full
3555,INC-E1CB4228,artisanal,surface,south_africa,20,4.0,operator,other,male,2024-12-16,monday,13.52,morning,5.6,mobile_equipment,other,falling,fracture,upper_extremity,days_away,none
3556,INC-361A4DE8,formal_small,surface,zimbabwe,23,5.0,operator,excavator_operator,male,2020-04-23,thursday,10.09,morning,9.1,hand_tools,other,struck_by_object,multiple,hand_finger,days_away,partial
3557,INC-98F225BD,artisanal,underground,other,18,2.0,operator,laborer,female,2020-06-07,thursday,21.16,evening,5.5,none,other,hit_by_moving,other,hand_finger,days_away,none
3558,INC-37AE2CDB,artisanal,surface,other,37,1.6,operator,other,male,2022-06-07,tuesday,12.21,morning,0.3,haul_truck,lifting_lowering,pit_collapse,other,head_face,days_away,none
3559,INC-F30AF06B,formal_small,underground,tanzania,44,18.7,operator,supervisor,male,2023-05-31,thursday,12.78,morning,6.5,rock_drill,other,other,laceration,head_face,fatality,full
3560,INC-2CB94D9C,artisanal,surface,south_africa,25,6.9,operator,excavator_operator,male,2022-08-09,monday,15.64,evening,6.0,components_parts,other,pit_collapse,contusion,head_face,fatality,none
3561,INC-AED67AFA,formal_small,surface,south_africa,46,15.9,operator,supervisor,male,2023-09-19,friday,12.0,morning,7.6,light_vehicle,other,trapped_between,fracture,upper_extremity,days_away,full
3562,INC-777D28E8,artisanal,underground,drc,45,4.4,operator,driller,male,2024-02-11,thursday,23.49,night,7.0,earth_moving,other,other,contusion,foot_lower_leg,permanent_disability,none
3563,INC-FAB0D47A,formal_large,surface,ghana,41,12.1,operator,excavator_operator,male,2021-05-02,friday,12.43,morning,6.9,none,operating_equipment,struck_by_object,fracture,torso,days_away,partial
3564,INC-8E9BE3CB,artisanal,surface,tanzania,44,4.4,operator,welder,male,2022-08-09,wednesday,9.75,morning,9.7,mobile_equipment,cleaning_clearing,other,abrasion,torso,days_away,none
3565,INC-A51059BC,artisanal,surface,tanzania,27,8.2,operator,laborer,male,2020-05-20,monday,12.82,morning,0.2,mobile_equipment,other,falling,abrasion,upper_extremity,days_away,none
3566,INC-7F35EAAA,artisanal,underground,ghana,47,11.9,operator,driller,male,2020-08-03,thursday,14.0,evening,11.4,components_parts,drilling,hit_by_moving,contusion,upper_extremity,days_away,none
3567,INC-85DA7364,formal_small,surface,south_africa,28,10.0,operator,truck_operator,male,2023-09-08,sunday,11.37,morning,2.3,mobile_equipment,lifting_lowering,struck_by_object,amputation,multiple,days_away,full
3568,INC-98C2995A,artisanal,surface,ghana,37,7.6,contractor,other,male,2024-06-25,thursday,13.49,morning,10.7,light_vehicle,operating_equipment,pit_collapse,contusion,head_face,temporary_disability,none
3569,INC-4AF04B62,formal_large,underground,other,45,15.8,operator,driller,male,2022-10-29,tuesday,11.11,morning,2.3,none,drilling,hit_by_moving,other,upper_extremity,days_away,full
3570,INC-CC426BD2,artisanal,surface,ghana,26,10.0,operator,other,female,2023-08-24,friday,12.28,morning,7.6,mobile_equipment,maintenance_repair,pit_collapse,fracture,head_face,fatality,none
3571,INC-7D03D1B0,formal_large,underground,south_africa,45,26.0,operator,blaster,male,2024-10-29,thursday,1.29,night,5.9,none,other,other,fracture,head_face,temporary_disability,full
3572,INC-CBB10E7D,formal_large,underground,other,34,16.0,operator,driller,male,2020-05-22,wednesday,11.92,morning,7.7,none,charging_up,hit_by_moving,fracture,torso,days_away,partial
3573,INC-7AE4C8AF,formal_small,surface,tanzania,30,12.0,contractor,mechanic_repairman,male,2023-08-21,monday,8.86,morning,3.1,components_parts,cleaning_clearing,struck_by_object,amputation,hand_finger,restricted_work,partial
3574,INC-03DAC9BC,formal_large,underground,zimbabwe,40,10.5,operator,laborer,male,2023-02-12,sunday,23.55,night,5.7,none,drilling,fall_from_height,laceration,hand_finger,restricted_work,full
3575,INC-58889EE8,formal_small,surface,drc,49,29.7,operator,other,male,2024-08-24,friday,11.91,morning,3.1,mobile_equipment,cleaning_clearing,other,burns,foot_lower_leg,days_away,full
3576,INC-ACD7A367,artisanal,surface,ghana,18,2.0,contractor,mechanic_repairman,male,2021-07-04,friday,16.59,evening,1.8,mobile_equipment,lifting_lowering,falling,laceration,upper_extremity,days_away,none
3577,INC-6F037EE9,formal_large,surface,other,46,17.2,operator,laborer,male,2023-03-04,monday,11.43,morning,5.2,mobile_equipment,other,struck_by_object,laceration,hand_finger,days_away,full
3578,INC-E430E5B3,artisanal,surface,other,35,1.4,operator,supervisor,male,2024-03-18,thursday,11.88,morning,7.2,haul_truck,other,pit_collapse,abrasion,multiple,restricted_work,none
3579,INC-FBEF0BF0,formal_large,surface,ghana,34,16.0,operator,truck_operator,female,2022-06-28,tuesday,16.14,evening,1.7,mobile_equipment,cleaning_clearing,struck_by_object,laceration,hand_finger,days_away,full
3580,INC-64132814,artisanal,surface,ghana,31,15.0,operator,mechanic_repairman,male,2021-05-08,tuesday,11.28,morning,7.2,components_parts,other,falling,fracture,hand_finger,first_aid,none
3581,INC-2309762E,artisanal,surface,ghana,33,7.3,operator,supervisor,male,2024-09-21,friday,11.4,morning,8.3,components_parts,other,pit_collapse,fracture,hand_finger,permanent_disability,none
3582,INC-ED8F2881,formal_small,surface,tanzania,44,15.3,operator,welder,male,2020-10-13,friday,12.0,morning,5.6,mobile_equipment,other,struck_by_object,amputation,torso,days_away,full
3583,INC-EA8559E9,artisanal,surface,ethiopia,29,13.0,operator,welder,male,2024-02-04,friday,10.9,morning,6.5,light_vehicle,cleaning_clearing,falling,contusion,hand_finger,days_away,none
3584,INC-2B6619CE,artisanal,underground,zimbabwe,22,2.3,operator,other,male,2024-03-10,thursday,1.31,night,7.5,none,drilling,other,abrasion,hand_finger,days_away,none
3585,INC-D01E8970,artisanal,surface,other,27,3.9,operator,supervisor,male,2020-03-05,thursday,6.06,morning,1.6,haul_truck,cleaning_clearing,falling,laceration,head_face,first_aid,none
3586,INC-EBA508FA,formal_small,surface,zimbabwe,51,29.2,operator,truck_operator,male,2021-10-04,thursday,11.25,morning,10.0,mobile_equipment,operating_equipment,struck_by_object,contusion,head_face,fatality,full
3587,INC-D714AE28,formal_small,surface,drc,31,9.8,operator,mechanic_repairman,male,2022-11-30,thursday,12.49,morning,3.8,haul_truck,other,struck_by_object,multiple,foot_lower_leg,first_aid,full
3588,INC-0AED34C9,artisanal,surface,tanzania,35,3.2,operator,other,male,2020-07-04,wednesday,10.09,morning,4.1,mobile_equipment,operating_equipment,struck_by_object,laceration,hand_finger,temporary_disability,none
3589,INC-AC704E5F,formal_large,surface,zimbabwe,43,18.3,operator,laborer,male,2020-09-29,wednesday,10.24,morning,7.1,mobile_equipment,cleaning_clearing,hit_by_moving,fracture,multiple,days_away,full
3590,INC-2E8A09C8,artisanal,surface,south_africa,28,12.0,operator,laborer,male,2021-08-26,wednesday,11.53,morning,5.4,light_vehicle,lifting_lowering,falling,laceration,foot_lower_leg,fatality,none
3591,INC-54AC9A52,formal_large,surface,tanzania,55,10.7,operator,truck_operator,male,2024-09-27,sunday,12.81,morning,8.9,haul_truck,other,other,laceration,multiple,days_away,partial
3592,INC-A00472C5,artisanal,underground,ethiopia,28,12.0,operator,driller,male,2022-02-20,wednesday,9.51,morning,7.7,components_parts,other,hit_by_moving,abrasion,head_face,fatality,none
3593,INC-35E62BF0,formal_large,surface,south_africa,30,12.0,operator,other,female,2023-05-19,wednesday,8.04,morning,8.0,components_parts,other,other,multiple,foot_lower_leg,temporary_disability,full
3594,INC-CD9AAA11,formal_large,surface,drc,53,31.2,contractor,mechanic_repairman,male,2023-01-10,wednesday,15.31,evening,4.6,haul_truck,lifting_lowering,hit_by_moving,multiple,upper_extremity,days_away,partial
3595,INC-8E261880,artisanal,underground,zimbabwe,20,4.0,operator,driller,male,2022-04-04,friday,10.33,morning,10.3,earth_moving,other,other,fracture,torso,fatality,none
3596,INC-7CEA5059,artisanal,surface,ghana,31,9.3,operator,mechanic_repairman,female,2020-06-05,thursday,14.51,evening,2.8,haul_truck,maintenance_repair,struck_by_object,abrasion,torso,restricted_work,none
3597,INC-DC74E2E9,artisanal,surface,drc,23,1.5,operator,truck_operator,male,2024-10-18,friday,13.78,morning,8.8,haul_truck,maintenance_repair,struck_by_object,other,multiple,days_away,none
3598,INC-E3F64A1D,artisanal,surface,ghana,37,4.2,operator,laborer,male,2022-09-07,friday,12.61,morning,6.6,mobile_equipment,operating_equipment,falling,fracture,multiple,first_aid,none
3599,INC-120FCC57,formal_small,surface,ethiopia,58,31.0,operator,truck_operator,male,2021-09-06,friday,13.96,morning,10.6,haul_truck,maintenance_repair,other,laceration,foot_lower_leg,first_aid,full
3600,INC-4CE26809,formal_large,surface,ethiopia,40,16.5,contractor,truck_operator,male,2022-03-19,wednesday,10.69,morning,7.0,hand_tools,operating_equipment,hit_by_moving,fracture,hand_finger,fatality,full
3601,INC-29BF5EEB,formal_large,surface,south_africa,39,21.0,operator,excavator_operator,female,2022-03-22,tuesday,14.24,evening,4.6,mobile_equipment,other,trapped_between,fracture,foot_lower_leg,days_away,partial
3602,INC-8925EC9D,formal_small,surface,ghana,52,21.3,operator,laborer,male,2024-11-22,saturday,13.05,morning,7.5,haul_truck,operating_equipment,fall_slip,amputation,foot_lower_leg,first_aid,full
3603,INC-50A6B2EA,formal_large,underground,south_africa,41,10.7,operator,driller,female,2021-12-29,tuesday,11.81,morning,5.6,components_parts,charging_up,struck_by_rock,laceration,torso,days_away,full
3604,INC-800369F5,artisanal,surface,south_africa,25,4.7,contractor,mechanic_repairman,male,2024-12-04,saturday,11.73,morning,4.1,mobile_equipment,other,pit_collapse,contusion,upper_extremity,temporary_disability,none
3605,INC-9881BF1C,formal_large,surface,tanzania,20,2.0,operator,laborer,male,2020-08-28,sunday,13.09,morning,9.0,mobile_equipment,other,fall_slip,burns,foot_lower_leg,permanent_disability,partial
3606,INC-E5BFBD8A,formal_large,surface,south_africa,42,11.3,operator,truck_operator,male,2021-01-01,saturday,11.06,morning,6.6,mobile_equipment,maintenance_repair,vehicle_motion,amputation,head_face,restricted_work,partial
3607,INC-67297BE2,formal_large,underground,other,47,14.8,contractor,other,male,2020-09-30,tuesday,2.17,night,4.0,earth_moving,walking,struck_by_rock,fracture,torso,first_aid,full
3608,INC-7CAFCDCF,formal_large,surface,ghana,50,6.7,contractor,truck_operator,male,2024-09-24,wednesday,12.88,morning,9.0,haul_truck,operating_equipment,hit_by_moving,fracture,head_face,permanent_disability,full
3609,INC-E449FC9E,formal_large,surface,ghana,34,16.0,operator,mechanic_repairman,male,2022-12-15,tuesday,11.01,morning,7.8,haul_truck,maintenance_repair,other,laceration,head_face,first_aid,full
3610,INC-1724AFCA,artisanal,surface,other,28,1.9,operator,other,male,2022-06-15,friday,13.56,morning,6.1,haul_truck,maintenance_repair,struck_by_object,laceration,foot_lower_leg,temporary_disability,none
3611,INC-7E946F44,formal_large,underground,zimbabwe,40,22.0,operator,supervisor,male,2020-05-06,friday,2.04,night,7.5,none,other,fall_from_height,other,foot_lower_leg,fatality,full
3612,INC-D1CF1015,artisanal,surface,ethiopia,45,7.1,contractor,laborer,male,2020-10-30,friday,14.15,evening,6.7,mobile_equipment,other,pit_collapse,laceration,multiple,days_away,none
3613,INC-4B490ADE,artisanal,surface,tanzania,28,11.0,operator,mechanic_repairman,male,2024-08-27,wednesday,13.67,morning,10.4,haul_truck,other,pit_collapse,abrasion,hand_finger,days_away,none
3614,INC-90FD61AE,artisanal,surface,other,27,11.0,operator,truck_operator,male,2024-10-25,friday,12.18,morning,1.4,mobile_equipment,other,pit_collapse,laceration,hand_finger,days_away,none
3615,INC-8F2013F9,artisanal,surface,south_africa,34,11.6,operator,mechanic_repairman,male,2021-08-21,sunday,12.35,morning,2.8,mobile_equipment,operating_equipment,falling,other,multiple,permanent_disability,none
3616,INC-344AA9C6,formal_small,surface,south_africa,52,21.9,operator,excavator_operator,female,2023-07-22,tuesday,12.09,morning,2.2,mobile_equipment,maintenance_repair,vehicle_motion,contusion,torso,first_aid,none
3617,INC-1256F3CA,formal_large,surface,other,42,18.8,operator,laborer,male,2021-08-09,wednesday,15.63,evening,2.3,hand_tools,other,fall_slip,fracture,multiple,temporary_disability,full
3618,INC-3B524A98,formal_large,surface,south_africa,28,10.0,operator,mechanic_repairman,male,2024-10-25,wednesday,10.17,morning,3.7,light_vehicle,operating_equipment,vehicle_motion,multiple,torso,fatality,none
3619,INC-9EAD021C,artisanal,underground,tanzania,18,2.0,operator,driller,female,2020-09-12,wednesday,4.71,night,7.8,rock_drill,charging_up,hit_by_moving,other,hand_finger,days_away,none
3620,INC-D6DE0C34,artisanal,underground,ethiopia,39,5.0,contractor,driller,female,2020-06-14,thursday,13.04,morning,2.4,rock_drill,barring_scaling,hit_by_moving,other,hand_finger,days_away,none
3621,INC-0C67EE82,formal_large,surface,ethiopia,54,26.7,operator,other,male,2021-10-02,tuesday,11.76,morning,6.2,components_parts,maintenance_repair,other,burns,upper_extremity,days_away,full
3622,INC-27F9E16A,formal_small,surface,drc,40,22.0,operator,truck_operator,male,2020-11-21,friday,10.26,morning,10.4,mobile_equipment,cleaning_clearing,other,multiple,upper_extremity,temporary_disability,full
3623,INC-70EC4331,artisanal,surface,other,37,6.3,operator,truck_operator,male,2023-06-16,friday,13.58,morning,11.4,hand_tools,maintenance_repair,other,contusion,torso,days_away,none
3624,INC-FC7E045E,artisanal,surface,south_africa,34,6.9,operator,mechanic_repairman,male,2024-08-01,tuesday,12.84,morning,5.3,mobile_equipment,maintenance_repair,falling,abrasion,foot_lower_leg,restricted_work,none
3625,INC-BE34DEE7,formal_small,surface,ethiopia,53,12.2,operator,mechanic_repairman,female,2024-10-14,saturday,14.01,evening,3.6,none,lifting_lowering,other,contusion,hand_finger,fatality,full
3626,INC-88F40E96,artisanal,surface,tanzania,18,2.0,operator,other,male,2024-11-28,thursday,13.15,morning,4.3,components_parts,other,falling,contusion,hand_finger,permanent_disability,none
3627,INC-2007B5C5,artisanal,underground,ghana,28,5.2,operator,driller,male,2020-12-17,thursday,14.96,evening,8.8,drill_rig,walking,other,laceration,hand_finger,fatality,none
3628,INC-FAA1FB91,artisanal,surface,other,21,4.5,operator,welder,male,2020-04-04,friday,10.66,morning,11.9,mobile_equipment,directing_equipment,struck_by_object,laceration,hand_finger,temporary_disability,none
3629,INC-9053DB2B,formal_large,underground,zimbabwe,29,11.0,contractor,laborer,male,2020-11-20,friday,3.54,night,2.1,earth_moving,other,falling_object,other,multiple,restricted_work,full
3630,INC-D119E3DE,formal_large,surface,south_africa,41,10.3,contractor,supervisor,female,2023-10-16,friday,17.3,evening,9.5,mobile_equipment,maintenance_repair,struck_by_object,laceration,hand_finger,fatality,partial
3631,INC-7C2795D6,artisanal,surface,other,38,20.7,operator,truck_operator,male,2020-09-10,saturday,9.6,morning,3.1,mobile_equipment,maintenance_repair,pit_collapse,laceration,torso,days_away,none
3632,INC-80444F70,formal_small,surface,other,47,18.8,operator,truck_operator,female,2023-06-02,tuesday,12.0,morning,11.9,mobile_equipment,maintenance_repair,trapped_between,laceration,hand_finger,days_away,partial
3633,INC-C3920FA4,formal_small,surface,south_africa,42,15.2,contractor,welder,male,2022-11-14,friday,13.12,morning,8.6,light_vehicle,operating_equipment,vehicle_motion,fracture,hand_finger,days_away,full
3634,INC-787BBC38,formal_small,surface,drc,31,13.0,contractor,welder,male,2023-12-13,friday,10.89,morning,2.1,mobile_equipment,other,struck_by_object,multiple,multiple,restricted_work,none
3635,INC-0F069B1C,formal_large,surface,south_africa,20,2.0,operator,mechanic_repairman,female,2020-08-01,saturday,14.27,evening,2.3,light_vehicle,maintenance_repair,other,contusion,torso,days_away,full
3636,INC-26CA697C,artisanal,surface,south_africa,38,14.3,operator,mechanic_repairman,male,2022-03-12,friday,10.85,morning,5.0,none,maintenance_repair,other,abrasion,hand_finger,fatality,none
3637,INC-37F2DC81,formal_large,surface,ghana,57,30.6,contractor,other,female,2020-06-09,sunday,16.05,evening,7.6,mobile_equipment,other,other,contusion,hand_finger,temporary_disability,full
3638,INC-9BA48E5F,artisanal,surface,other,33,11.0,contractor,laborer,male,2020-02-10,monday,11.13,morning,11.8,components_parts,cleaning_clearing,other,abrasion,upper_extremity,fatality,none
3639,INC-0E8801B1,formal_small,surface,south_africa,45,9.5,operator,mechanic_repairman,male,2023-09-20,thursday,12.17,morning,7.9,mobile_equipment,cleaning_clearing,fall_slip,multiple,foot_lower_leg,first_aid,partial
3640,INC-8D334BEA,formal_large,surface,south_africa,54,21.2,operator,supervisor,male,2022-10-05,wednesday,11.5,morning,11.9,mobile_equipment,maintenance_repair,other,contusion,hand_finger,days_away,full
3641,INC-5AED2E43,formal_large,underground,tanzania,51,33.0,contractor,laborer,female,2023-12-19,thursday,0.0,night,1.7,none,other,other,fracture,upper_extremity,permanent_disability,partial
3642,INC-8F69FF92,artisanal,surface,ghana,22,3.5,operator,truck_operator,male,2020-05-23,thursday,10.8,morning,9.2,mobile_equipment,operating_equipment,struck_by_object,abrasion,hand_finger,days_away,none
3643,INC-0FC5CED5,formal_large,surface,south_africa,48,23.6,operator,supervisor,male,2021-07-28,saturday,14.05,evening,4.1,haul_truck,operating_equipment,other,multiple,hand_finger,first_aid,full
3644,INC-02651D24,formal_large,surface,south_africa,39,10.8,operator,other,male,2020-09-06,thursday,11.54,morning,2.6,mobile_equipment,other,other,laceration,torso,fatality,full
3645,INC-0457BA10,artisanal,surface,drc,41,12.5,operator,mechanic_repairman,male,2022-11-27,monday,12.73,morning,0.3,mobile_equipment,directing_equipment,pit_collapse,laceration,multiple,fatality,none
3646,INC-E9AEBEAB,formal_small,surface,ethiopia,47,29.0,operator,other,male,2022-10-23,friday,13.62,morning,2.7,mobile_equipment,maintenance_repair,other,burns,torso,days_away,partial
3647,INC-F2C6305F,formal_small,surface,drc,56,24.4,operator,mechanic_repairman,male,2023-09-17,monday,14.24,evening,5.0,mobile_equipment,other,struck_by_object,multiple,multiple,days_away,full
3648,INC-D16BE011,formal_large,surface,south_africa,43,23.2,operator,truck_operator,male,2020-06-12,monday,6.95,morning,8.8,hand_tools,other,struck_by_object,multiple,torso,days_away,partial
3649,INC-15D5D0C2,artisanal,surface,zimbabwe,28,4.1,operator,laborer,male,2020-03-30,friday,13.46,morning,4.8,haul_truck,maintenance_repair,other,fracture,upper_extremity,first_aid,none
3650,INC-6D4BC412,formal_large,surface,drc,61,16.5,operator,laborer,female,2024-04-09,saturday,12.22,morning,6.1,hand_tools,lifting_lowering,other,contusion,head_face,days_away,full
3651,INC-77EF6AFA,formal_large,underground,ghana,28,10.0,operator,supervisor,male,2023-03-04,friday,11.24,morning,5.8,earth_moving,other,fall_from_height,fracture,torso,fatality,full
3652,INC-49D801CD,formal_large,underground,south_africa,27,9.0,contractor,blaster,male,2020-08-03,sunday,11.26,morning,10.4,none,barring_scaling,falling_object,laceration,multiple,restricted_work,full
3653,INC-E208C05F,formal_large,surface,ghana,52,6.0,contractor,mechanic_repairman,female,2021-06-06,wednesday,12.51,morning,7.9,mobile_equipment,cleaning_clearing,trapped_between,laceration,torso,fatality,full
3654,INC-5FBDDB4B,formal_large,surface,ghana,35,14.7,operator,mechanic_repairman,male,2022-01-16,friday,12.0,morning,5.4,haul_truck,other,hit_by_moving,laceration,foot_lower_leg,days_away,none
3655,INC-715A7AEF,formal_large,surface,south_africa,62,15.5,operator,truck_operator,male,2022-01-17,friday,9.98,morning,2.1,mobile_equipment,maintenance_repair,fall_slip,burns,head_face,fatality,full
3656,INC-55AF4855,formal_large,surface,other,55,3.8,contractor,truck_operator,female,2023-08-31,monday,9.7,morning,2.9,light_vehicle,maintenance_repair,vehicle_motion,laceration,torso,fatality,full
3657,INC-EB2F5905,formal_small,surface,zimbabwe,58,40.0,operator,truck_operator,male,2021-10-12,friday,12.25,morning,0.0,haul_truck,directing_equipment,hit_by_moving,laceration,multiple,temporary_disability,none
3658,INC-37C25485,artisanal,surface,ethiopia,43,12.6,operator,mechanic_repairman,male,2022-12-25,monday,11.63,morning,8.5,mobile_equipment,lifting_lowering,pit_collapse,other,hand_finger,days_away,none
3659,INC-A571F66B,formal_large,surface,south_africa,51,10.3,operator,other,female,2023-08-04,saturday,14.53,evening,6.4,components_parts,other,hit_by_moving,amputation,head_face,days_away,none
3660,INC-DE8D1BF3,formal_large,surface,ethiopia,34,10.0,operator,supervisor,male,2020-07-04,friday,13.25,morning,9.2,haul_truck,other,fall_slip,amputation,hand_finger,fatality,full
3661,INC-BD8FEA09,artisanal,surface,ethiopia,32,6.2,operator,other,male,2022-05-05,wednesday,13.84,morning,1.2,haul_truck,other,pit_collapse,abrasion,torso,temporary_disability,none
3662,INC-44FBE32F,artisanal,underground,other,34,15.9,operator,mechanic_repairman,male,2021-04-10,friday,13.35,morning,2.3,rock_drill,barring_scaling,hit_by_moving,abrasion,head_face,fatality,none
3663,INC-BEFC5BC4,artisanal,underground,ghana,27,2.2,operator,other,female,2023-10-19,wednesday,22.46,night,1.9,rock_drill,other,struck_by_rock,contusion,torso,fatality,none
3664,INC-5E02CE25,formal_large,surface,drc,27,7.6,operator,mechanic_repairman,male,2020-08-27,wednesday,14.54,evening,7.2,mobile_equipment,other,other,fracture,torso,first_aid,full
3665,INC-78FB9844,formal_small,surface,ghana,57,14.6,operator,mechanic_repairman,male,2021-07-29,tuesday,17.94,evening,11.9,components_parts,other,other,laceration,upper_extremity,first_aid,none
3666,INC-087C65F6,formal_large,surface,ethiopia,28,10.0,operator,excavator_operator,male,2023-02-06,sunday,10.8,morning,0.4,mobile_equipment,directing_equipment,other,contusion,multiple,days_away,full
3667,INC-CF2DD6FF,formal_large,surface,other,58,18.1,operator,laborer,male,2022-09-15,saturday,11.63,morning,11.1,mobile_equipment,other,other,contusion,torso,permanent_disability,partial
3668,INC-2C4A0464,formal_small,surface,ethiopia,49,11.2,operator,laborer,male,2020-03-12,saturday,11.61,morning,0.2,components_parts,other,other,fracture,upper_extremity,days_away,full
3669,INC-416E946F,formal_small,underground,tanzania,42,22.5,operator,laborer,male,2024-07-14,friday,12.61,morning,1.6,drill_rig,other,hit_by_moving,contusion,foot_lower_leg,days_away,full
3670,INC-65A065B6,formal_small,surface,other,47,18.2,operator,mechanic_repairman,male,2020-05-21,thursday,6.98,morning,1.7,mobile_equipment,lifting_lowering,struck_by_object,contusion,multiple,fatality,full
3671,INC-054F0B39,artisanal,surface,other,40,12.2,contractor,other,male,2022-03-10,saturday,8.88,morning,1.5,mobile_equipment,maintenance_repair,struck_by_object,contusion,upper_extremity,permanent_disability,none
3672,INC-A7F0BCB8,formal_large,underground,south_africa,47,29.0,operator,other,male,2020-04-20,friday,11.18,morning,4.1,components_parts,drilling,hit_by_moving,other,hand_finger,days_away,full
3673,INC-B905F56C,formal_large,surface,south_africa,41,13.0,operator,welder,male,2022-11-18,friday,12.87,morning,11.2,mobile_equipment,other,other,laceration,foot_lower_leg,fatality,full
3674,INC-240D17C5,artisanal,surface,ethiopia,35,16.9,operator,truck_operator,female,2021-10-09,wednesday,17.41,evening,11.5,haul_truck,maintenance_repair,struck_by_object,abrasion,torso,first_aid,none
3675,INC-4ABC6E78,artisanal,underground,other,40,6.5,operator,other,male,2023-05-09,thursday,4.03,night,3.8,none,other,other,contusion,hand_finger,days_away,none
3676,INC-D213FAD9,formal_large,underground,zimbabwe,56,12.3,contractor,supervisor,male,2023-02-19,thursday,11.31,morning,7.2,none,other,other,laceration,head_face,permanent_disability,full
3677,INC-3C045499,formal_small,surface,ghana,56,27.5,operator,welder,male,2024-07-23,thursday,13.38,morning,6.8,mobile_equipment,operating_equipment,other,fracture,foot_lower_leg,first_aid,partial
3678,INC-0BB31E14,formal_large,underground,zimbabwe,44,10.1,operator,driller,male,2020-03-23,thursday,9.79,morning,0.8,components_parts,other,falling_object,other,hand_finger,fatality,partial
3679,INC-E99A567E,formal_large,surface,south_africa,37,7.5,operator,mechanic_repairman,female,2023-03-07,thursday,12.71,morning,7.6,hand_tools,other,struck_by_object,laceration,hand_finger,fatality,full
3680,INC-8FB97BB4,artisanal,surface,south_africa,32,6.1,operator,mechanic_repairman,male,2021-09-13,wednesday,13.65,morning,2.9,hand_tools,operating_equipment,pit_collapse,fracture,foot_lower_leg,temporary_disability,none
3681,INC-6E3645B9,formal_large,surface,south_africa,55,17.9,operator,other,male,2023-01-23,wednesday,10.19,morning,0.7,mobile_equipment,operating_equipment,other,amputation,upper_extremity,first_aid,full
3682,INC-18422C2E,formal_small,underground,south_africa,23,5.0,operator,laborer,female,2024-10-22,tuesday,22.84,night,10.8,earth_moving,other,hit_by_moving,other,multiple,fatality,full
3683,INC-D9199B3E,formal_small,underground,tanzania,47,7.2,contractor,driller,male,2024-03-02,friday,3.82,night,7.9,none,other,struck_by_rock,laceration,multiple,days_away,full
3684,INC-0A2DB3F0,formal_large,surface,ghana,50,29.0,operator,excavator_operator,male,2024-11-11,thursday,12.0,morning,6.3,mobile_equipment,other,vehicle_motion,fracture,head_face,temporary_disability,none
3685,INC-5F507B37,formal_large,surface,south_africa,35,6.7,operator,mechanic_repairman,male,2024-12-16,friday,10.74,morning,6.9,light_vehicle,operating_equipment,other,laceration,head_face,first_aid,full
3686,INC-C04A94EA,formal_large,underground,zimbabwe,52,13.3,operator,blaster,female,2023-11-22,thursday,13.37,morning,7.9,none,charging_up,falling_object,other,multiple,permanent_disability,full
3687,INC-606853BC,artisanal,surface,ghana,30,7.6,operator,truck_operator,female,2024-06-29,tuesday,15.26,evening,7.4,mobile_equipment,lifting_lowering,struck_by_object,laceration,head_face,permanent_disability,none
3688,INC-D6D054A5,artisanal,surface,ghana,34,10.9,operator,mechanic_repairman,male,2023-06-07,tuesday,12.85,morning,0.2,haul_truck,operating_equipment,other,fracture,multiple,fatality,none
3689,INC-56E71EC4,formal_small,underground,ghana,42,18.2,operator,laborer,male,2020-08-16,wednesday,2.6,night,10.9,components_parts,other,falling_object,laceration,torso,fatality,none
3690,INC-2128AC40,formal_large,surface,south_africa,37,19.0,contractor,other,male,2024-06-20,friday,6.71,morning,6.3,components_parts,operating_equipment,hit_by_moving,laceration,torso,permanent_disability,full
3691,INC-0A603BFA,artisanal,surface,tanzania,40,4.9,operator,supervisor,male,2023-05-20,thursday,12.0,morning,4.6,mobile_equipment,other,other,laceration,hand_finger,first_aid,none
3692,INC-75352AFF,formal_large,surface,south_africa,52,34.0,operator,excavator_operator,male,2024-04-27,wednesday,12.16,morning,5.5,light_vehicle,other,other,laceration,hand_finger,days_away,full
3693,INC-1A79BA6A,formal_small,surface,south_africa,32,14.0,operator,other,male,2021-08-22,sunday,8.17,morning,10.9,mobile_equipment,cleaning_clearing,other,laceration,multiple,first_aid,full
3694,INC-B88E641C,artisanal,underground,south_africa,37,4.3,operator,mechanic_repairman,male,2022-12-06,thursday,3.98,night,2.5,components_parts,drilling,other,laceration,hand_finger,first_aid,none
3695,INC-A0229D42,formal_small,surface,ghana,51,14.5,operator,truck_operator,male,2022-01-26,thursday,15.38,evening,9.6,haul_truck,lifting_lowering,other,fracture,multiple,temporary_disability,partial
3696,INC-D9072875,formal_large,surface,south_africa,24,6.0,contractor,other,male,2020-01-22,wednesday,13.17,morning,3.4,haul_truck,other,struck_by_object,laceration,upper_extremity,first_aid,partial
3697,INC-6272619E,formal_large,surface,ghana,45,27.0,operator,welder,female,2023-03-24,tuesday,14.8,evening,1.3,haul_truck,operating_equipment,struck_by_object,contusion,hand_finger,permanent_disability,none
3698,INC-A57E7052,formal_large,surface,south_africa,43,25.0,operator,other,male,2021-07-07,wednesday,12.8,morning,8.4,mobile_equipment,other,trapped_between,multiple,upper_extremity,temporary_disability,full
3699,INC-624EFFE4,formal_small,surface,south_africa,37,19.0,operator,other,female,2020-09-21,wednesday,12.86,morning,2.2,haul_truck,other,other,amputation,hand_finger,fatality,full
3700,INC-A12C00C3,artisanal,surface,other,31,15.0,operator,welder,male,2021-01-19,saturday,8.35,morning,7.5,mobile_equipment,maintenance_repair,pit_collapse,laceration,hand_finger,first_aid,none
3701,INC-AEF40CD2,formal_large,surface,ghana,46,20.3,operator,mechanic_repairman,male,2023-06-18,saturday,11.89,morning,4.3,components_parts,cleaning_clearing,struck_by_object,contusion,torso,days_away,partial
3702,INC-C27C0894,formal_small,surface,south_africa,42,19.3,operator,mechanic_repairman,male,2023-07-25,thursday,11.94,morning,7.5,haul_truck,maintenance_repair,struck_by_object,burns,foot_lower_leg,fatality,full
3703,INC-84580697,artisanal,surface,zimbabwe,18,2.0,operator,truck_operator,female,2021-06-19,wednesday,6.56,morning,10.4,mobile_equipment,maintenance_repair,falling,abrasion,foot_lower_leg,restricted_work,none
3704,INC-17739A40,formal_large,surface,south_africa,53,5.9,operator,mechanic_repairman,male,2021-09-14,monday,12.57,morning,2.5,mobile_equipment,directing_equipment,trapped_between,laceration,hand_finger,days_away,full
3705,INC-D1996238,formal_large,surface,drc,48,2.9,contractor,truck_operator,male,2024-02-04,friday,11.87,morning,2.7,mobile_equipment,operating_equipment,other,fracture,torso,temporary_disability,full
3706,INC-30DB72C8,formal_large,surface,south_africa,47,16.2,contractor,welder,male,2022-05-15,saturday,10.44,morning,2.4,mobile_equipment,operating_equipment,other,amputation,upper_extremity,first_aid,full
3707,INC-C58ABAC5,artisanal,surface,zimbabwe,36,7.2,operator,mechanic_repairman,male,2021-11-09,thursday,17.98,evening,11.2,hand_tools,cleaning_clearing,other,laceration,foot_lower_leg,permanent_disability,none
3708,INC-AAA059C3,formal_small,surface,other,45,9.4,contractor,other,male,2024-04-10,saturday,10.55,morning,8.9,haul_truck,other,other,contusion,hand_finger,restricted_work,partial
3709,INC-58870C27,artisanal,surface,south_africa,20,4.0,operator,mechanic_repairman,male,2020-04-01,wednesday,13.28,morning,3.6,mobile_equipment,operating_equipment,falling,other,foot_lower_leg,days_away,none
3710,INC-8156718F,artisanal,underground,south_africa,31,11.5,contractor,supervisor,female,2023-05-24,thursday,11.41,morning,6.5,drill_rig,other,other,laceration,multiple,temporary_disability,none
3711,INC-527F0089,artisanal,surface,ethiopia,29,4.5,operator,mechanic_repairman,male,2022-12-29,friday,13.32,morning,7.2,hand_tools,lifting_lowering,other,abrasion,hand_finger,days_away,none
3712,INC-2677C771,artisanal,underground,other,20,4.0,operator,blaster,male,2021-12-26,friday,11.28,morning,8.7,drill_rig,drilling,hit_by_moving,fracture,upper_extremity,days_away,none
3713,INC-29B38522,artisanal,underground,ghana,33,14.8,operator,driller,male,2023-10-01,saturday,12.57,morning,5.6,components_parts,other,other,abrasion,hand_finger,permanent_disability,none
3714,INC-14D0F25E,artisanal,surface,ethiopia,45,13.6,operator,mechanic_repairman,male,2021-05-25,monday,10.94,morning,11.8,haul_truck,other,pit_collapse,fracture,upper_extremity,first_aid,none
3715,INC-BE154382,artisanal,surface,south_africa,28,5.8,contractor,other,male,2023-01-31,friday,11.3,morning,0.7,mobile_equipment,maintenance_repair,pit_collapse,contusion,head_face,fatality,none
3716,INC-D41D0131,artisanal,surface,ethiopia,36,7.7,operator,welder,male,2021-04-15,friday,12.64,morning,5.2,mobile_equipment,maintenance_repair,pit_collapse,laceration,hand_finger,first_aid,none
3717,INC-C378BD0E,artisanal,surface,ghana,47,3.7,contractor,mechanic_repairman,male,2023-11-23,friday,12.86,morning,7.9,components_parts,lifting_lowering,pit_collapse,abrasion,upper_extremity,temporary_disability,none
3718,INC-8771D893,artisanal,surface,ethiopia,36,7.7,operator,mechanic_repairman,male,2022-02-01,friday,15.29,evening,3.0,mobile_equipment,operating_equipment,other,other,hand_finger,restricted_work,none
3719,INC-9A4B588A,formal_small,surface,south_africa,38,20.0,operator,truck_operator,male,2024-01-08,monday,13.19,morning,6.4,haul_truck,other,trapped_between,multiple,hand_finger,first_aid,full
3720,INC-77ED3175,artisanal,underground,zimbabwe,26,10.0,operator,driller,male,2022-11-26,thursday,14.94,evening,8.6,none,drilling,other,contusion,multiple,days_away,none
3721,INC-0ACC5824,formal_small,surface,south_africa,40,19.6,operator,other,male,2020-03-18,wednesday,12.5,morning,6.7,mobile_equipment,maintenance_repair,other,multiple,upper_extremity,days_away,full
3722,INC-A80C79C9,artisanal,underground,tanzania,32,12.9,operator,supervisor,male,2023-01-29,sunday,19.55,evening,3.8,none,other,struck_by_rock,other,foot_lower_leg,days_away,none
3723,INC-EFFF773D,formal_small,underground,tanzania,45,7.4,operator,driller,female,2020-01-04,tuesday,18.95,evening,7.7,none,drilling,hit_by_moving,laceration,hand_finger,fatality,full
3724,INC-A208442A,artisanal,surface,drc,34,3.7,contractor,excavator_operator,male,2023-08-31,friday,12.16,morning,5.9,haul_truck,operating_equipment,pit_collapse,contusion,torso,permanent_disability,none
3725,INC-CEB2DAD8,artisanal,underground,other,40,1.9,operator,other,female,2021-02-13,tuesday,12.0,morning,1.4,none,drilling,other,other,multiple,first_aid,none
3726,INC-7AA40DFF,artisanal,underground,zimbabwe,39,3.7,operator,blaster,female,2024-11-28,friday,12.34,morning,3.1,earth_moving,other,other,other,torso,days_away,none
3727,INC-0C8CCD70,formal_large,surface,tanzania,41,20.6,operator,truck_operator,male,2021-02-14,friday,11.78,morning,2.5,mobile_equipment,maintenance_repair,other,fracture,foot_lower_leg,fatality,full
3728,INC-2C544FBA,artisanal,surface,south_africa,18,2.0,operator,truck_operator,male,2022-04-08,sunday,9.24,morning,10.2,light_vehicle,maintenance_repair,other,abrasion,multiple,first_aid,none
3729,INC-E84A6766,artisanal,surface,other,24,6.8,contractor,mechanic_repairman,male,2022-10-24,friday,14.57,evening,4.3,haul_truck,maintenance_repair,struck_by_object,other,head_face,fatality,none
3730,INC-C381D6EE,artisanal,surface,ethiopia,30,14.0,operator,excavator_operator,male,2020-09-17,thursday,12.97,morning,1.1,haul_truck,cleaning_clearing,falling,abrasion,hand_finger,days_away,none
3731,INC-E0775CCA,artisanal,surface,ghana,23,6.9,operator,welder,female,2021-02-22,thursday,10.85,morning,5.0,mobile_equipment,operating_equipment,falling,other,upper_extremity,temporary_disability,none
3732,INC-C951415E,formal_small,surface,ghana,53,21.2,operator,laborer,male,2024-11-10,friday,12.49,morning,1.6,mobile_equipment,cleaning_clearing,other,amputation,hand_finger,days_away,none
3733,INC-C8FBBECC,formal_small,surface,drc,43,20.9,operator,mechanic_repairman,male,2021-10-28,monday,10.53,morning,11.0,hand_tools,operating_equipment,vehicle_motion,amputation,hand_finger,days_away,full
3734,INC-2280A283,formal_large,underground,drc,46,13.0,operator,other,male,2023-11-09,thursday,8.67,morning,6.5,none,other,other,fracture,hand_finger,fatality,full
3735,INC-B82D41E0,artisanal,surface,drc,18,2.0,operator,mechanic_repairman,male,2022-04-08,wednesday,12.57,morning,7.1,mobile_equipment,maintenance_repair,falling,contusion,hand_finger,restricted_work,none
3736,INC-35DA0580,formal_large,surface,zimbabwe,29,11.0,contractor,excavator_operator,male,2021-01-22,monday,12.98,morning,6.0,mobile_equipment,directing_equipment,struck_by_object,burns,foot_lower_leg,fatality,none
3737,INC-33E6413B,artisanal,surface,ghana,25,5.9,operator,laborer,male,2023-01-02,tuesday,11.52,morning,3.5,haul_truck,operating_equipment,pit_collapse,contusion,upper_extremity,first_aid,none
3738,INC-F87E4FF6,artisanal,underground,other,30,10.7,operator,other,female,2020-09-10,friday,14.27,evening,6.6,none,other,hit_by_moving,abrasion,upper_extremity,temporary_disability,none
3739,INC-8BA02716,formal_small,surface,ethiopia,51,23.7,operator,welder,male,2024-12-25,saturday,10.77,morning,1.9,mobile_equipment,lifting_lowering,other,amputation,hand_finger,days_away,full
3740,INC-0AD5C07F,formal_large,surface,zimbabwe,37,19.0,operator,supervisor,female,2023-05-18,friday,10.63,morning,1.2,light_vehicle,other,hit_by_moving,contusion,hand_finger,permanent_disability,full
3741,INC-3B5EFB86,formal_large,surface,ethiopia,33,15.0,operator,other,male,2023-06-11,saturday,11.53,morning,4.0,components_parts,other,hit_by_moving,contusion,foot_lower_leg,temporary_disability,full
3742,INC-92D9CCED,artisanal,surface,ethiopia,27,8.5,contractor,other,male,2020-02-17,saturday,11.71,morning,1.2,components_parts,other,other,abrasion,hand_finger,temporary_disability,none
3743,INC-12A8D8A9,formal_small,underground,tanzania,58,37.1,operator,blaster,male,2021-04-30,thursday,10.77,morning,6.7,none,other,falling_object,laceration,multiple,permanent_disability,partial
3744,INC-09A73B41,formal_large,surface,ethiopia,49,31.0,operator,truck_operator,male,2021-12-06,saturday,14.0,evening,0.2,mobile_equipment,cleaning_clearing,fall_slip,multiple,hand_finger,temporary_disability,full
3745,INC-AE8DA798,artisanal,surface,other,23,3.8,operator,other,male,2021-10-02,friday,11.6,morning,0.8,mobile_equipment,maintenance_repair,pit_collapse,abrasion,hand_finger,fatality,none
3746,INC-CAE362C2,formal_large,surface,other,52,18.8,operator,laborer,male,2020-07-26,tuesday,12.59,morning,3.9,mobile_equipment,directing_equipment,other,fracture,foot_lower_leg,days_away,none
3747,INC-139CC71A,artisanal,underground,ghana,31,13.0,operator,blaster,male,2020-03-20,monday,13.3,morning,1.2,rock_drill,drilling,other,abrasion,head_face,restricted_work,none
3748,INC-ED1973BE,formal_large,underground,south_africa,47,12.4,operator,other,male,2022-12-23,thursday,4.3,night,3.4,none,other,other,multiple,multiple,first_aid,full
3749,INC-8ABE37D2,formal_large,surface,ethiopia,42,11.6,operator,laborer,male,2022-02-05,wednesday,10.18,morning,3.5,mobile_equipment,other,trapped_between,fracture,hand_finger,first_aid,none
3750,INC-C8D34348,formal_large,underground,ethiopia,40,22.0,operator,driller,male,2021-03-13,tuesday,13.88,morning,8.4,components_parts,other,other,multiple,foot_lower_leg,days_away,full
3751,INC-35DBAC21,formal_small,surface,zimbabwe,50,8.6,operator,excavator_operator,male,2022-12-11,friday,6.2,morning,0.1,light_vehicle,other,struck_by_object,multiple,upper_extremity,days_away,none
3752,INC-F4F5B8C8,formal_small,underground,other,53,24.8,contractor,blaster,male,2024-12-14,thursday,13.38,morning,4.2,components_parts,other,other,contusion,upper_extremity,days_away,full
3753,INC-AD5AC085,artisanal,underground,south_africa,33,3.2,operator,supervisor,male,2024-09-29,thursday,12.41,morning,5.9,rock_drill,other,hit_by_moving,other,upper_extremity,days_away,none
3754,INC-0B323BDC,formal_small,surface,ghana,42,7.9,operator,mechanic_repairman,male,2024-05-21,wednesday,11.92,morning,10.2,mobile_equipment,cleaning_clearing,fall_slip,multiple,hand_finger,first_aid,full
3755,INC-6DF7D985,formal_large,surface,other,62,17.2,operator,excavator_operator,male,2021-05-04,wednesday,7.29,morning,7.5,mobile_equipment,other,struck_by_object,multiple,torso,restricted_work,full
3756,INC-162636CE,formal_large,surface,other,41,23.0,operator,supervisor,male,2020-11-06,sunday,13.26,morning,2.9,light_vehicle,maintenance_repair,struck_by_object,laceration,multiple,days_away,partial
3757,INC-CFFB7758,formal_large,surface,ghana,29,11.0,contractor,other,male,2021-03-20,friday,7.79,morning,4.2,haul_truck,maintenance_repair,struck_by_object,fracture,upper_extremity,first_aid,full
3758,INC-280804A5,artisanal,surface,south_africa,27,8.1,operator,welder,male,2021-07-20,monday,14.88,evening,6.7,haul_truck,other,pit_collapse,laceration,head_face,first_aid,none
3759,INC-1F79F471,formal_large,surface,ghana,26,8.0,operator,other,male,2020-02-01,friday,14.44,evening,6.2,mobile_equipment,other,fall_slip,multiple,head_face,days_away,partial
3760,INC-BC087F41,artisanal,surface,zimbabwe,40,5.3,contractor,mechanic_repairman,male,2021-07-27,friday,13.41,morning,2.2,mobile_equipment,other,struck_by_object,other,multiple,fatality,none
3761,INC-3FCFE562,formal_large,surface,zimbabwe,26,8.0,operator,other,male,2022-11-15,sunday,15.23,evening,10.7,light_vehicle,operating_equipment,struck_by_object,multiple,foot_lower_leg,first_aid,full
3762,INC-70242872,formal_large,surface,ghana,39,18.1,operator,excavator_operator,male,2021-04-01,friday,11.89,morning,6.9,haul_truck,maintenance_repair,fall_slip,laceration,foot_lower_leg,fatality,full
3763,INC-CB9C3710,formal_large,surface,ghana,40,5.2,operator,laborer,male,2024-12-23,monday,14.14,evening,2.5,mobile_equipment,maintenance_repair,other,burns,head_face,days_away,full
3764,INC-9ED2558B,formal_large,surface,tanzania,49,7.8,operator,excavator_operator,male,2024-03-30,friday,15.02,evening,8.2,hand_tools,maintenance_repair,trapped_between,amputation,hand_finger,permanent_disability,full
3765,INC-C88D6262,artisanal,surface,ethiopia,31,6.5,operator,other,male,2021-11-08,friday,7.03,morning,7.6,mobile_equipment,operating_equipment,falling,fracture,foot_lower_leg,days_away,none
3766,INC-6E9B26F2,formal_small,underground,tanzania,42,5.4,operator,laborer,male,2022-01-22,thursday,1.77,night,9.7,earth_moving,other,falling_object,contusion,torso,days_away,partial
3767,INC-A397484B,formal_large,underground,ghana,51,26.1,operator,other,male,2022-06-28,wednesday,0.67,night,1.7,drill_rig,other,falling_object,laceration,hand_finger,days_away,full
3768,INC-C3521E35,artisanal,surface,ghana,24,3.3,operator,mechanic_repairman,male,2021-08-28,thursday,12.48,morning,0.5,mobile_equipment,operating_equipment,pit_collapse,abrasion,torso,temporary_disability,none
3769,INC-D2D95372,artisanal,surface,ghana,22,6.0,contractor,welder,male,2020-04-16,friday,12.5,morning,0.6,mobile_equipment,operating_equipment,struck_by_object,laceration,head_face,first_aid,none
3770,INC-A97DA91C,artisanal,surface,other,29,3.0,operator,other,male,2021-12-02,thursday,11.42,morning,7.6,haul_truck,other,other,laceration,upper_extremity,days_away,none
3771,INC-29632392,artisanal,underground,ghana,38,5.0,operator,mechanic_repairman,male,2022-11-08,friday,13.19,morning,9.9,none,walking,other,laceration,multiple,fatality,none
3772,INC-39B786D7,artisanal,surface,ethiopia,25,6.2,operator,mechanic_repairman,male,2021-04-09,sunday,9.95,morning,10.2,mobile_equipment,maintenance_repair,struck_by_object,fracture,head_face,fatality,none
3773,INC-2C2F6A6C,artisanal,underground,zimbabwe,34,3.9,operator,supervisor,female,2021-01-18,saturday,11.99,morning,7.3,earth_moving,other,falling_object,abrasion,multiple,restricted_work,none
3774,INC-60AFD0AC,artisanal,surface,other,31,15.0,operator,excavator_operator,male,2022-08-09,sunday,12.44,morning,5.7,mobile_equipment,maintenance_repair,falling,laceration,hand_finger,temporary_disability,none
3775,INC-1541506D,formal_small,surface,ghana,43,14.4,operator,excavator_operator,male,2020-01-29,tuesday,11.29,morning,0.1,components_parts,cleaning_clearing,struck_by_object,laceration,torso,days_away,full
3776,INC-2235BFF7,artisanal,surface,ghana,44,5.0,operator,supervisor,male,2023-09-13,thursday,10.37,morning,4.7,mobile_equipment,other,struck_by_object,other,foot_lower_leg,days_away,none
3777,INC-CFD4B073,formal_large,underground,drc,43,25.0,operator,mechanic_repairman,male,2023-06-02,wednesday,20.94,evening,1.0,earth_moving,other,fall_from_height,contusion,head_face,first_aid,none
3778,INC-F88CAB64,artisanal,underground,south_africa,33,5.9,operator,mechanic_repairman,male,2024-10-29,monday,14.94,evening,6.9,none,walking,other,laceration,hand_finger,days_away,none
3779,INC-E7F99A49,artisanal,surface,ethiopia,25,7.6,operator,other,male,2020-09-26,tuesday,17.42,evening,8.2,components_parts,lifting_lowering,falling,fracture,head_face,first_aid,none
3780,INC-5B808D2A,formal_large,surface,ghana,37,4.2,operator,truck_operator,male,2023-12-28,wednesday,9.57,morning,7.0,mobile_equipment,other,struck_by_object,amputation,foot_lower_leg,first_aid,full
3781,INC-EB282C46,artisanal,surface,other,35,2.3,operator,laborer,female,2020-07-03,tuesday,13.87,morning,4.6,mobile_equipment,other,struck_by_object,fracture,multiple,fatality,partial
3782,INC-735F7FCB,artisanal,underground,tanzania,36,1.6,operator,laborer,male,2023-11-05,tuesday,3.35,night,2.6,none,other,struck_by_rock,abrasion,multiple,fatality,none
3783,INC-B6AE6962,formal_large,surface,south_africa,56,22.4,operator,excavator_operator,male,2021-02-20,thursday,10.95,morning,7.0,mobile_equipment,maintenance_repair,trapped_between,laceration,upper_extremity,days_away,full
3784,INC-27BE83DB,formal_small,underground,drc,28,5.2,operator,other,male,2024-02-09,thursday,14.22,evening,1.1,none,drilling,falling_object,fracture,multiple,fatality,full
3785,INC-B0609A2D,artisanal,surface,tanzania,28,6.2,operator,laborer,male,2020-09-08,monday,16.06,evening,11.6,mobile_equipment,other,falling,fracture,hand_finger,fatality,none
3786,INC-80831CE5,artisanal,surface,ethiopia,22,1.8,operator,mechanic_repairman,male,2024-01-21,friday,13.12,morning,7.0,none,maintenance_repair,struck_by_object,abrasion,foot_lower_leg,fatality,none
3787,INC-772FFE9B,formal_large,surface,south_africa,45,11.2,operator,truck_operator,male,2023-02-11,tuesday,13.67,morning,1.5,mobile_equipment,other,struck_by_object,laceration,torso,fatality,full
3788,INC-76EB0AA1,formal_large,surface,south_africa,41,17.1,operator,excavator_operator,male,2020-03-24,wednesday,11.42,morning,6.2,mobile_equipment,other,trapped_between,burns,hand_finger,restricted_work,full
3789,INC-C97E3504,artisanal,underground,ethiopia,34,9.4,operator,driller,female,2021-05-02,wednesday,1.28,night,2.4,rock_drill,barring_scaling,other,abrasion,head_face,days_away,none
3790,INC-45242C78,formal_large,underground,ghana,50,14.2,operator,driller,male,2022-05-18,thursday,22.83,night,2.5,rock_drill,other,other,laceration,torso,temporary_disability,partial
3791,INC-CC4EB272,formal_large,underground,other,42,20.9,operator,driller,male,2023-05-10,monday,12.46,morning,7.4,rock_drill,walking,other,multiple,multiple,days_away,full
3792,INC-2033AEC9,formal_large,surface,ghana,43,13.0,operator,mechanic_repairman,male,2023-09-03,tuesday,11.23,morning,7.6,mobile_equipment,maintenance_repair,fall_slip,amputation,upper_extremity,days_away,full
3793,INC-C5D962E8,formal_large,underground,ethiopia,40,16.1,operator,laborer,female,2022-09-23,wednesday,22.87,night,3.4,none,other,hit_by_moving,laceration,multiple,fatality,full
3794,INC-341D4F97,formal_small,surface,south_africa,56,10.1,operator,laborer,male,2023-06-15,wednesday,12.21,morning,4.7,mobile_equipment,maintenance_repair,trapped_between,contusion,hand_finger,temporary_disability,full
3795,INC-ACE23241,artisanal,surface,ethiopia,31,9.7,operator,mechanic_repairman,male,2021-10-07,monday,12.11,morning,1.4,mobile_equipment,other,other,contusion,multiple,days_away,none
3796,INC-44FF63EA,artisanal,surface,south_africa,20,4.0,operator,other,female,2021-08-19,saturday,14.95,evening,2.9,components_parts,other,struck_by_object,contusion,upper_extremity,permanent_disability,none
3797,INC-0E6DE3DD,artisanal,surface,ghana,32,12.3,operator,other,male,2020-12-19,thursday,12.21,morning,1.4,mobile_equipment,lifting_lowering,struck_by_object,abrasion,torso,fatality,none
3798,INC-8DE21024,formal_small,surface,south_africa,43,24.5,operator,laborer,male,2023-05-02,sunday,10.03,morning,4.7,components_parts,maintenance_repair,fall_slip,laceration,hand_finger,first_aid,full
3799,INC-32FC51DA,formal_large,surface,ethiopia,61,19.2,contractor,other,male,2023-05-13,monday,12.0,morning,4.4,haul_truck,other,other,laceration,foot_lower_leg,days_away,full
3800,INC-84406E81,formal_large,surface,ghana,45,22.3,operator,other,male,2024-07-25,tuesday,12.0,morning,7.7,mobile_equipment,lifting_lowering,fall_slip,amputation,torso,days_away,full
3801,INC-81FB2BAC,formal_large,surface,drc,43,17.8,operator,supervisor,male,2022-08-15,saturday,13.65,morning,11.4,mobile_equipment,cleaning_clearing,struck_by_object,laceration,hand_finger,permanent_disability,full
3802,INC-19B50FD2,formal_large,surface,south_africa,41,23.0,contractor,laborer,male,2023-01-26,thursday,13.98,morning,4.7,mobile_equipment,other,struck_by_object,laceration,hand_finger,restricted_work,none
3803,INC-645663D2,formal_large,surface,ethiopia,48,13.1,operator,welder,male,2023-08-09,monday,12.0,morning,6.1,light_vehicle,operating_equipment,other,contusion,multiple,first_aid,none
3804,INC-51D66D37,formal_large,underground,ethiopia,37,18.7,operator,other,male,2024-05-11,wednesday,11.0,morning,4.4,rock_drill,other,hit_by_moving,laceration,upper_extremity,permanent_disability,partial
3805,INC-55330AAF,formal_large,surface,south_africa,44,26.0,operator,supervisor,female,2022-07-13,monday,6.15,morning,11.4,components_parts,other,other,laceration,hand_finger,temporary_disability,partial
3806,INC-87738729,artisanal,surface,south_africa,26,6.2,operator,laborer,male,2023-09-25,saturday,13.1,morning,6.4,mobile_equipment,other,pit_collapse,abrasion,upper_extremity,days_away,none
3807,INC-D0733B49,artisanal,underground,ghana,20,4.0,contractor,supervisor,male,2024-01-04,saturday,13.52,morning,5.7,components_parts,other,other,other,multiple,fatality,none
3808,INC-FAEF1AF3,artisanal,underground,ethiopia,28,8.8,operator,blaster,male,2022-11-30,wednesday,14.75,evening,4.9,earth_moving,other,hit_by_moving,other,head_face,days_away,none
3809,INC-87414576,artisanal,underground,other,39,16.9,contractor,other,female,2022-09-30,monday,14.04,evening,10.1,drill_rig,other,fall_from_height,laceration,torso,days_away,none
3810,INC-2F52F85C,formal_small,underground,south_africa,43,9.1,contractor,driller,male,2023-05-02,wednesday,20.2,evening,6.7,earth_moving,charging_up,other,fracture,upper_extremity,first_aid,none
3811,INC-3280D2A8,formal_large,underground,tanzania,46,28.0,contractor,other,female,2024-01-25,saturday,12.24,morning,11.2,earth_moving,other,struck_by_rock,laceration,hand_finger,days_away,full
3812,INC-0576A97E,formal_small,surface,tanzania,46,28.0,operator,welder,female,2022-10-14,wednesday,13.37,morning,2.8,haul_truck,maintenance_repair,trapped_between,multiple,hand_finger,permanent_disability,none
3813,INC-69673B17,formal_large,underground,tanzania,46,23.4,operator,other,female,2022-09-30,thursday,9.98,morning,5.9,drill_rig,other,fall_from_height,fracture,head_face,days_away,full
3814,INC-0550267C,formal_small,underground,zimbabwe,43,3.3,operator,other,male,2021-02-01,friday,13.76,morning,6.0,none,charging_up,other,fracture,upper_extremity,temporary_disability,full
3815,INC-1070E60D,formal_small,surface,other,57,9.4,operator,welder,male,2024-10-22,thursday,11.7,morning,7.9,mobile_equipment,cleaning_clearing,other,amputation,foot_lower_leg,fatality,full
3816,INC-741CF1C0,formal_small,underground,zimbabwe,47,5.6,contractor,supervisor,male,2020-04-14,wednesday,10.93,morning,3.7,earth_moving,other,struck_by_rock,other,multiple,restricted_work,partial
3817,INC-B908B3A2,formal_large,underground,drc,65,21.0,operator,laborer,male,2024-04-06,tuesday,11.84,morning,11.2,earth_moving,barring_scaling,struck_by_rock,laceration,upper_extremity,days_away,partial
3818,INC-99BA168A,artisanal,underground,ghana,39,12.0,operator,supervisor,male,2021-12-01,thursday,20.03,evening,1.3,none,drilling,other,fracture,torso,days_away,none
3819,INC-657C9DF7,artisanal,underground,drc,37,6.3,contractor,driller,male,2021-04-09,thursday,12.2,morning,5.3,none,other,other,abrasion,head_face,days_away,none
3820,INC-D8CE696C,artisanal,surface,other,32,8.7,operator,truck_operator,male,2021-02-17,sunday,13.45,morning,8.0,mobile_equipment,lifting_lowering,pit_collapse,laceration,hand_finger,permanent_disability,none
3821,INC-28757988,artisanal,surface,other,34,10.6,contractor,supervisor,male,2023-08-22,friday,12.41,morning,7.4,mobile_equipment,lifting_lowering,pit_collapse,fracture,torso,restricted_work,none
3822,INC-CED55C97,formal_small,surface,ghana,43,17.9,operator,other,male,2021-06-12,friday,10.9,morning,11.9,haul_truck,cleaning_clearing,other,burns,hand_finger,days_away,full
3823,INC-F76AEE48,formal_large,underground,drc,52,34.0,operator,driller,male,2020-08-29,friday,2.9,night,11.3,components_parts,drilling,fall_from_height,laceration,multiple,temporary_disability,full
3824,INC-A93101CA,artisanal,underground,south_africa,31,1.5,operator,driller,male,2022-04-21,wednesday,23.25,night,4.6,earth_moving,other,hit_by_moving,abrasion,hand_finger,first_aid,none
3825,INC-41A26BCF,formal_small,underground,tanzania,36,18.0,operator,other,male,2024-07-21,sunday,15.81,evening,2.0,none,other,other,laceration,multiple,temporary_disability,partial
3826,INC-A28C912F,formal_large,underground,ghana,56,17.2,contractor,laborer,male,2024-05-05,thursday,12.11,morning,1.0,none,other,fall_from_height,fracture,hand_finger,days_away,full
3827,INC-8BD1104F,formal_large,underground,tanzania,36,17.9,operator,supervisor,female,2021-09-22,thursday,11.72,morning,2.1,components_parts,drilling,other,contusion,hand_finger,first_aid,partial
3828,INC-3E872628,artisanal,surface,ghana,23,2.4,operator,mechanic_repairman,male,2023-03-25,thursday,8.94,morning,5.4,hand_tools,other,falling,abrasion,torso,permanent_disability,none
3829,INC-7EF1F662,artisanal,underground,south_africa,24,8.0,contractor,mechanic_repairman,male,2022-05-21,friday,14.22,evening,2.1,rock_drill,other,hit_by_moving,contusion,multiple,days_away,none
3830,INC-C96A2E4B,formal_small,surface,south_africa,47,13.6,operator,mechanic_repairman,female,2021-12-28,friday,9.54,morning,5.3,light_vehicle,lifting_lowering,struck_by_object,fracture,head_face,days_away,full
3831,INC-4FA704B4,artisanal,surface,south_africa,26,10.0,operator,other,male,2020-02-07,friday,11.38,morning,3.2,mobile_equipment,operating_equipment,pit_collapse,abrasion,head_face,first_aid,none
3832,INC-6078F671,formal_small,surface,ghana,40,22.0,operator,mechanic_repairman,male,2020-10-11,tuesday,17.37,evening,3.1,mobile_equipment,directing_equipment,other,multiple,multiple,days_away,full
3833,INC-5CD4A154,formal_small,surface,drc,47,10.8,contractor,laborer,male,2024-05-03,friday,10.4,morning,6.9,mobile_equipment,operating_equipment,vehicle_motion,fracture,torso,days_away,full
3834,INC-00DD4043,formal_large,surface,tanzania,40,16.8,contractor,welder,male,2024-10-24,sunday,12.0,morning,8.5,mobile_equipment,maintenance_repair,fall_slip,amputation,head_face,permanent_disability,full
3835,INC-4A8AFFE3,formal_small,surface,drc,35,11.3,operator,excavator_operator,male,2024-09-27,wednesday,12.67,morning,5.1,mobile_equipment,other,other,multiple,upper_extremity,days_away,full
3836,INC-C482CF0F,artisanal,surface,drc,40,14.5,operator,mechanic_repairman,male,2024-10-11,thursday,13.94,morning,1.7,components_parts,other,pit_collapse,abrasion,head_face,restricted_work,none
3837,INC-795247EE,formal_large,underground,ghana,40,20.3,contractor,mechanic_repairman,male,2022-05-09,thursday,15.28,evening,0.7,drill_rig,other,other,fracture,upper_extremity,days_away,full
3838,INC-99A43E4E,artisanal,surface,zimbabwe,38,6.1,contractor,mechanic_repairman,male,2020-04-30,thursday,10.91,morning,1.0,mobile_equipment,operating_equipment,pit_collapse,other,torso,days_away,none
3839,INC-8A7297E8,formal_large,surface,zimbabwe,57,30.0,operator,excavator_operator,male,2020-12-09,friday,10.08,morning,5.1,mobile_equipment,operating_equipment,trapped_between,contusion,head_face,first_aid,full
3840,INC-28A75367,artisanal,surface,south_africa,23,7.0,operator,truck_operator,male,2023-12-21,friday,14.46,evening,6.9,mobile_equipment,cleaning_clearing,other,fracture,multiple,first_aid,none
3841,INC-A48C8E95,artisanal,surface,ethiopia,31,6.4,operator,supervisor,male,2023-06-20,thursday,14.0,evening,7.1,mobile_equipment,other,pit_collapse,abrasion,torso,permanent_disability,none
3842,INC-A00B8850,artisanal,surface,tanzania,27,10.5,operator,other,male,2024-12-10,monday,7.79,morning,6.9,mobile_equipment,other,falling,abrasion,foot_lower_leg,restricted_work,none
3843,INC-D5F6BB97,artisanal,surface,ethiopia,29,13.0,operator,supervisor,male,2021-06-26,wednesday,11.53,morning,2.0,mobile_equipment,directing_equipment,other,abrasion,hand_finger,days_away,none
3844,INC-ACA081B2,artisanal,underground,tanzania,27,11.0,operator,driller,male,2021-12-29,friday,13.8,morning,8.6,none,walking,hit_by_moving,other,hand_finger,fatality,none
3845,INC-E48805C5,formal_small,surface,south_africa,47,7.9,operator,truck_operator,female,2024-10-18,wednesday,11.68,morning,10.0,haul_truck,other,fall_slip,amputation,hand_finger,days_away,full
3846,INC-A8A2467E,artisanal,underground,drc,40,3.2,contractor,supervisor,male,2024-07-28,thursday,13.48,morning,6.0,none,other,hit_by_moving,contusion,foot_lower_leg,days_away,none
3847,INC-98039CD9,artisanal,surface,south_africa,30,6.7,operator,welder,male,2021-07-22,friday,7.25,morning,10.8,haul_truck,lifting_lowering,pit_collapse,fracture,multiple,restricted_work,none
3848,INC-AFD9C00E,formal_large,underground,other,30,12.0,contractor,mechanic_repairman,male,2024-10-14,tuesday,11.89,morning,11.3,earth_moving,drilling,falling_object,multiple,torso,fatality,full
3849,INC-773C05C3,formal_large,underground,south_africa,53,34.7,operator,other,male,2022-11-17,monday,12.86,morning,7.0,none,other,other,laceration,head_face,days_away,full
3850,INC-1F05CA37,formal_small,surface,zimbabwe,34,16.0,contractor,mechanic_repairman,male,2024-12-17,thursday,13.29,morning,8.0,haul_truck,other,other,fracture,upper_extremity,fatality,partial
3851,INC-A8A4A21F,formal_large,surface,zimbabwe,50,13.7,operator,laborer,male,2020-03-31,wednesday,10.88,morning,6.4,haul_truck,other,other,laceration,hand_finger,temporary_disability,partial
3852,INC-6E2D180D,formal_small,surface,ghana,48,11.6,operator,welder,male,2022-11-17,thursday,12.1,morning,7.4,mobile_equipment,directing_equipment,fall_slip,amputation,hand_finger,days_away,full
3853,INC-9D5F5954,formal_small,surface,ghana,48,2.5,operator,other,male,2024-12-12,thursday,14.68,evening,6.8,components_parts,maintenance_repair,struck_by_object,laceration,hand_finger,temporary_disability,full
3854,INC-6CEFE2D3,artisanal,surface,south_africa,32,9.0,operator,laborer,female,2024-10-23,friday,14.3,evening,6.5,haul_truck,other,pit_collapse,abrasion,head_face,temporary_disability,none
3855,INC-CBF1E5BE,formal_large,surface,ethiopia,60,31.7,operator,mechanic_repairman,male,2022-11-18,friday,11.93,morning,3.9,mobile_equipment,other,other,laceration,hand_finger,first_aid,full
3856,INC-918D1EB8,artisanal,underground,other,32,11.0,operator,driller,male,2020-03-18,saturday,11.66,morning,6.5,components_parts,other,struck_by_rock,contusion,multiple,days_away,none
3857,INC-D3B079F1,formal_small,underground,ghana,35,17.0,operator,other,male,2024-11-15,friday,14.48,evening,5.2,none,other,other,laceration,upper_extremity,days_away,full
3858,INC-31F512DE,artisanal,surface,zimbabwe,23,7.0,contractor,welder,female,2020-10-15,friday,12.71,morning,6.4,mobile_equipment,lifting_lowering,falling,other,multiple,days_away,none
3859,INC-91A8EFDD,formal_large,surface,other,48,19.1,operator,laborer,male,2021-07-03,tuesday,11.0,morning,7.9,haul_truck,other,fall_slip,fracture,hand_finger,days_away,partial
3860,INC-E574CFFF,formal_small,surface,zimbabwe,54,36.0,operator,other,male,2024-05-19,friday,12.72,morning,9.7,mobile_equipment,lifting_lowering,fall_slip,amputation,hand_finger,fatality,partial
3861,INC-BF7B6DCD,formal_large,surface,drc,36,17.9,operator,truck_operator,male,2022-08-20,wednesday,13.59,morning,9.7,components_parts,maintenance_repair,other,multiple,torso,first_aid,full
3862,INC-7D7B87C7,artisanal,underground,ghana,31,11.1,operator,mechanic_repairman,male,2021-04-15,sunday,15.0,evening,10.8,components_parts,walking,hit_by_moving,fracture,upper_extremity,days_away,none
3863,INC-F1CA20BB,formal_large,surface,ghana,35,17.0,operator,laborer,male,2020-02-03,monday,10.75,morning,7.8,mobile_equipment,other,vehicle_motion,burns,head_face,days_away,full
3864,INC-FE8749DC,artisanal,surface,south_africa,38,7.0,operator,mechanic_repairman,female,2020-11-28,friday,12.62,morning,10.2,light_vehicle,cleaning_clearing,struck_by_object,abrasion,foot_lower_leg,days_away,none
3865,INC-1280F248,formal_large,surface,south_africa,40,14.1,operator,other,male,2023-11-08,monday,7.91,morning,2.7,mobile_equipment,other,struck_by_object,laceration,hand_finger,days_away,full
3866,INC-261794D7,formal_small,surface,ethiopia,46,15.9,operator,excavator_operator,male,2023-08-01,monday,9.72,morning,4.5,light_vehicle,maintenance_repair,struck_by_object,fracture,hand_finger,first_aid,partial
3867,INC-EE214F76,formal_large,surface,drc,29,11.0,operator,supervisor,male,2020-10-31,monday,14.38,evening,1.1,mobile_equipment,other,other,laceration,upper_extremity,restricted_work,none
3868,INC-45DE2036,artisanal,surface,south_africa,41,5.9,operator,truck_operator,male,2024-07-03,friday,9.99,morning,4.0,mobile_equipment,maintenance_repair,other,fracture,head_face,first_aid,none
3869,INC-9CCB8D82,formal_small,surface,other,48,11.3,operator,other,male,2022-02-15,tuesday,14.18,evening,5.6,mobile_equipment,maintenance_repair,other,laceration,foot_lower_leg,restricted_work,partial
3870,INC-D28F359A,formal_small,surface,ghana,29,11.0,operator,laborer,male,2023-07-01,saturday,10.74,morning,3.3,hand_tools,cleaning_clearing,trapped_between,burns,head_face,days_away,none
3871,INC-F6FBD10D,formal_large,underground,ghana,55,19.5,contractor,blaster,male,2023-05-08,thursday,21.79,evening,11.2,components_parts,barring_scaling,fall_from_height,laceration,head_face,permanent_disability,full
3872,INC-82C8E21E,formal_large,surface,other,47,6.0,operator,mechanic_repairman,female,2020-07-29,wednesday,13.92,morning,10.8,mobile_equipment,maintenance_repair,other,laceration,multiple,days_away,full
3873,INC-F01B2B41,formal_large,underground,other,61,32.6,contractor,driller,male,2020-05-29,thursday,18.39,evening,1.8,rock_drill,other,other,other,hand_finger,fatality,partial
3874,INC-F1CD3079,artisanal,surface,zimbabwe,22,6.0,operator,excavator_operator,male,2023-01-24,wednesday,10.09,morning,2.7,haul_truck,other,struck_by_object,laceration,torso,temporary_disability,none
3875,INC-DD1AF48F,formal_small,surface,ghana,49,10.8,contractor,truck_operator,male,2023-12-01,thursday,6.14,morning,4.9,haul_truck,directing_equipment,other,amputation,multiple,temporary_disability,full
3876,INC-32B59916,formal_large,underground,south_africa,40,11.4,operator,mechanic_repairman,male,2024-09-10,tuesday,19.81,evening,9.9,none,charging_up,other,laceration,multiple,days_away,partial
3877,INC-574E164D,artisanal,surface,ghana,20,4.0,operator,other,male,2024-01-11,friday,15.7,evening,7.1,mobile_equipment,other,pit_collapse,other,hand_finger,days_away,none
3878,INC-D109FCD8,formal_large,surface,drc,35,15.8,operator,supervisor,male,2022-12-06,friday,13.23,morning,6.2,components_parts,other,other,burns,hand_finger,days_away,full
3879,INC-A52DC93D,formal_small,surface,ghana,45,23.2,contractor,welder,male,2022-08-28,tuesday,11.42,morning,7.5,haul_truck,operating_equipment,other,multiple,hand_finger,days_away,full
3880,INC-24DB22F7,artisanal,underground,tanzania,31,4.9,operator,supervisor,male,2022-01-08,thursday,0.94,night,9.0,components_parts,walking,fall_from_height,contusion,torso,days_away,none
3881,INC-A281EDED,artisanal,underground,south_africa,38,14.3,operator,driller,male,2023-01-09,thursday,11.18,morning,0.5,rock_drill,other,fall_from_height,laceration,multiple,days_away,none
3882,INC-1D772E96,artisanal,surface,zimbabwe,33,8.1,operator,truck_operator,male,2024-10-15,friday,12.0,morning,10.6,components_parts,other,pit_collapse,abrasion,hand_finger,temporary_disability,none
3883,INC-DA2AC048,formal_small,surface,ghana,42,21.7,operator,other,male,2020-06-21,thursday,14.1,evening,4.5,components_parts,other,other,fracture,hand_finger,restricted_work,full
3884,INC-AAD8D63E,artisanal,surface,zimbabwe,35,5.1,operator,other,male,2022-05-23,sunday,14.43,evening,6.5,mobile_equipment,operating_equipment,falling,other,head_face,days_away,none
3885,INC-B3F303D3,formal_large,surface,ethiopia,54,36.0,operator,welder,female,2022-03-30,thursday,13.57,morning,5.9,haul_truck,operating_equipment,fall_slip,fracture,hand_finger,days_away,partial
3886,INC-6A2C961F,artisanal,surface,other,21,5.0,operator,laborer,male,2021-07-09,wednesday,15.29,evening,8.9,mobile_equipment,maintenance_repair,pit_collapse,other,foot_lower_leg,temporary_disability,none
3887,INC-100C3F9B,artisanal,surface,other,26,5.4,contractor,truck_operator,male,2024-03-15,friday,10.74,morning,3.9,components_parts,other,pit_collapse,laceration,torso,first_aid,none
3888,INC-FD4B51F5,artisanal,underground,tanzania,18,1.6,operator,other,female,2022-09-25,wednesday,3.96,night,6.3,none,other,other,abrasion,torso,temporary_disability,none
3889,INC-50D0B4BE,formal_large,surface,south_africa,34,16.0,operator,truck_operator,male,2020-06-12,monday,13.44,morning,0.6,none,other,other,fracture,hand_finger,permanent_disability,none
3890,INC-5DA8F0A2,formal_large,underground,other,62,7.5,operator,blaster,male,2023-06-24,thursday,14.54,evening,7.3,rock_drill,drilling,fall_from_height,multiple,head_face,days_away,full
3891,INC-C91C5BF3,artisanal,underground,other,29,11.2,operator,driller,male,2024-12-10,monday,22.23,night,7.4,components_parts,drilling,falling_object,contusion,head_face,first_aid,none
3892,INC-FA4236A0,formal_small,underground,other,55,10.0,operator,supervisor,male,2020-12-09,thursday,12.84,morning,3.4,earth_moving,other,other,other,foot_lower_leg,permanent_disability,none
3893,INC-4B9562E1,formal_small,surface,zimbabwe,41,7.1,operator,other,male,2022-06-06,friday,17.68,evening,1.9,light_vehicle,other,other,burns,foot_lower_leg,fatality,partial
3894,INC-EEFB7BF5,artisanal,surface,south_africa,18,2.0,operator,laborer,female,2021-03-14,friday,10.21,morning,4.0,mobile_equipment,maintenance_repair,other,abrasion,foot_lower_leg,days_away,none
3895,INC-05E05AB6,artisanal,surface,drc,40,13.3,contractor,mechanic_repairman,male,2020-01-24,tuesday,9.93,morning,3.0,mobile_equipment,lifting_lowering,struck_by_object,contusion,torso,days_away,none
3896,INC-3AABF956,formal_large,surface,ghana,60,7.0,operator,welder,male,2022-02-25,monday,12.0,morning,1.3,components_parts,other,other,multiple,torso,fatality,partial
3897,INC-1334F949,formal_small,surface,ghana,35,14.8,operator,truck_operator,female,2021-09-12,monday,10.08,morning,7.4,light_vehicle,maintenance_repair,trapped_between,fracture,torso,restricted_work,full
3898,INC-CA9E48C7,formal_large,surface,ghana,44,26.0,contractor,truck_operator,male,2024-07-05,monday,12.39,morning,7.9,components_parts,cleaning_clearing,struck_by_object,amputation,hand_finger,restricted_work,full
3899,INC-BFDD9B54,formal_large,surface,ethiopia,30,12.0,contractor,other,male,2022-07-03,thursday,9.91,morning,7.1,mobile_equipment,maintenance_repair,struck_by_object,fracture,torso,days_away,none
3900,INC-A2BBB109,formal_large,surface,ghana,60,23.6,operator,mechanic_repairman,male,2023-02-25,friday,11.44,morning,2.0,mobile_equipment,other,struck_by_object,burns,head_face,fatality,full
3901,INC-6AE23BE3,artisanal,underground,tanzania,41,12.7,operator,driller,male,2024-10-17,friday,13.35,morning,4.8,components_parts,other,falling_object,abrasion,upper_extremity,restricted_work,none
3902,INC-9C48ED9C,artisanal,underground,ethiopia,31,3.0,operator,other,male,2022-08-25,friday,1.36,night,5.2,rock_drill,other,other,fracture,upper_extremity,first_aid,none
3903,INC-9FDF37EE,formal_small,surface,zimbabwe,27,9.0,operator,truck_operator,male,2023-07-11,monday,10.77,morning,4.4,hand_tools,other,struck_by_object,fracture,foot_lower_leg,days_away,full
3904,INC-A4177AF3,formal_small,underground,south_africa,29,11.0,operator,driller,male,2022-08-16,thursday,11.45,morning,10.6,none,other,fall_from_height,fracture,upper_extremity,temporary_disability,full
3905,INC-8F028089,artisanal,surface,other,20,4.0,operator,other,male,2022-11-26,tuesday,13.59,morning,8.6,light_vehicle,other,pit_collapse,other,foot_lower_leg,fatality,none
3906,INC-97E74E81,artisanal,surface,ghana,33,4.7,operator,mechanic_repairman,male,2021-01-16,saturday,11.53,morning,8.8,components_parts,operating_equipment,falling,fracture,hand_finger,fatality,none
3907,INC-6CA58086,artisanal,underground,ghana,43,2.6,operator,blaster,male,2024-10-30,wednesday,15.76,evening,8.0,earth_moving,drilling,struck_by_rock,other,head_face,fatality,none
3908,INC-619DAD2C,formal_small,surface,zimbabwe,36,12.1,operator,truck_operator,male,2021-07-13,tuesday,11.42,morning,2.4,components_parts,cleaning_clearing,other,laceration,torso,permanent_disability,none
3909,INC-127170B3,artisanal,surface,ghana,34,0.9,operator,laborer,male,2021-06-22,saturday,11.3,morning,1.7,haul_truck,other,other,contusion,hand_finger,days_away,none
3910,INC-2874FCCA,formal_small,surface,tanzania,55,30.3,operator,truck_operator,male,2021-09-09,monday,14.03,evening,5.7,mobile_equipment,maintenance_repair,trapped_between,amputation,foot_lower_leg,days_away,full
3911,INC-E54F2037,formal_small,surface,south_africa,52,28.3,operator,welder,female,2021-11-24,saturday,12.15,morning,7.6,mobile_equipment,other,trapped_between,contusion,multiple,days_away,partial
3912,INC-31EB004D,artisanal,surface,other,39,8.8,operator,excavator_operator,male,2021-10-05,friday,10.03,morning,7.1,hand_tools,lifting_lowering,falling,fracture,head_face,days_away,none
3913,INC-ACD4559A,formal_small,surface,south_africa,44,14.5,contractor,other,male,2023-11-03,tuesday,13.44,morning,5.4,mobile_equipment,cleaning_clearing,struck_by_object,laceration,head_face,first_aid,partial
3914,INC-39B15422,formal_small,surface,other,52,11.7,operator,other,male,2023-08-12,wednesday,12.96,morning,5.0,haul_truck,other,trapped_between,fracture,multiple,first_aid,full
3915,INC-B591548B,formal_large,surface,ethiopia,41,16.7,contractor,mechanic_repairman,male,2022-12-21,wednesday,12.66,morning,1.9,mobile_equipment,maintenance_repair,struck_by_object,amputation,hand_finger,first_aid,partial
3916,INC-DB11D311,formal_small,surface,south_africa,47,29.0,contractor,excavator_operator,male,2021-06-29,monday,13.61,morning,9.7,hand_tools,lifting_lowering,other,burns,head_face,days_away,full
3917,INC-083B3F4E,formal_small,surface,ethiopia,58,32.2,operator,laborer,male,2021-02-03,wednesday,13.97,morning,10.1,haul_truck,directing_equipment,other,burns,hand_finger,temporary_disability,none
3918,INC-92F0BB09,artisanal,underground,ghana,27,11.0,contractor,laborer,male,2023-05-31,thursday,10.32,morning,3.9,none,other,hit_by_moving,other,multiple,restricted_work,none
3919,INC-A3C36059,formal_small,underground,other,40,14.4,operator,driller,female,2023-10-03,tuesday,11.27,morning,5.8,components_parts,other,struck_by_rock,other,multiple,days_away,partial
3920,INC-AD9EAC3B,formal_large,surface,drc,35,17.0,operator,truck_operator,male,2022-01-03,friday,13.03,morning,11.8,haul_truck,maintenance_repair,other,contusion,head_face,first_aid,partial
3921,INC-28F00A47,artisanal,underground,zimbabwe,24,8.0,operator,blaster,male,2021-05-02,monday,2.18,night,5.3,none,drilling,other,other,foot_lower_leg,days_away,none
3922,INC-8C1E2713,formal_large,surface,ghana,47,25.6,operator,truck_operator,male,2022-04-12,friday,13.12,morning,6.2,light_vehicle,maintenance_repair,struck_by_object,fracture,hand_finger,days_away,full
3923,INC-3578FDA2,artisanal,surface,other,30,7.6,operator,laborer,male,2022-10-17,tuesday,14.06,evening,10.4,mobile_equipment,cleaning_clearing,struck_by_object,other,upper_extremity,days_away,none
3924,INC-3075898B,formal_large,surface,tanzania,50,23.3,contractor,welder,male,2020-04-17,friday,12.15,morning,4.1,components_parts,other,other,amputation,upper_extremity,days_away,full
3925,INC-83F645BD,formal_small,surface,zimbabwe,44,26.0,operator,other,male,2024-04-12,wednesday,13.6,morning,6.5,haul_truck,directing_equipment,hit_by_moving,amputation,multiple,fatality,full
3926,INC-C470F515,formal_small,underground,ghana,52,21.5,contractor,laborer,female,2023-08-03,friday,19.72,evening,7.5,components_parts,other,other,laceration,upper_extremity,days_away,full
3927,INC-4D0C3D6D,artisanal,underground,ghana,18,2.0,contractor,other,male,2021-05-17,tuesday,20.02,evening,4.9,none,charging_up,fall_from_height,other,head_face,days_away,none
3928,INC-4334AB7E,formal_large,surface,tanzania,41,18.8,contractor,mechanic_repairman,male,2024-02-29,monday,17.3,evening,9.7,mobile_equipment,directing_equipment,fall_slip,laceration,multiple,days_away,full
3929,INC-19A987DE,artisanal,surface,ethiopia,46,26.0,operator,mechanic_repairman,male,2023-10-21,tuesday,12.35,morning,1.8,mobile_equipment,other,struck_by_object,abrasion,hand_finger,days_away,none
3930,INC-2E4CEBA4,formal_small,surface,drc,44,5.3,operator,other,male,2022-07-13,wednesday,11.89,morning,5.4,components_parts,lifting_lowering,trapped_between,amputation,hand_finger,fatality,none
3931,INC-4EDEF93A,formal_small,surface,ethiopia,46,27.4,operator,other,male,2024-04-21,monday,11.3,morning,7.6,mobile_equipment,maintenance_repair,struck_by_object,amputation,multiple,fatality,partial
3932,INC-77A9253E,formal_small,surface,ethiopia,45,11.1,operator,welder,male,2021-01-08,monday,11.81,morning,0.6,mobile_equipment,other,fall_slip,fracture,hand_finger,days_away,partial
3933,INC-40837371,formal_large,underground,zimbabwe,58,10.2,operator,laborer,male,2021-08-02,thursday,11.59,morning,11.3,none,other,struck_by_rock,laceration,upper_extremity,days_away,full
3934,INC-4DB1194A,formal_small,underground,drc,46,19.1,operator,driller,male,2024-12-24,thursday,9.29,morning,8.6,none,walking,struck_by_rock,fracture,hand_finger,fatality,partial
3935,INC-31CA871D,formal_large,underground,ghana,40,10.0,contractor,supervisor,male,2020-12-25,sunday,20.08,evening,1.9,drill_rig,other,hit_by_moving,laceration,multiple,days_away,none
3936,INC-C0CE6BC3,formal_large,surface,other,48,22.4,operator,supervisor,male,2024-04-06,wednesday,10.69,morning,6.8,mobile_equipment,other,other,amputation,torso,days_away,none
3937,INC-F6861179,artisanal,surface,ghana,31,5.7,operator,other,female,2024-04-29,sunday,12.85,morning,3.6,mobile_equipment,other,falling,abrasion,torso,restricted_work,none
3938,INC-1F2781B7,formal_small,surface,tanzania,52,20.5,operator,truck_operator,female,2021-11-22,friday,11.54,morning,1.0,mobile_equipment,operating_equipment,other,laceration,hand_finger,first_aid,full
3939,INC-5E2CC3E2,formal_large,underground,other,50,19.5,operator,supervisor,male,2022-05-01,friday,12.84,morning,1.2,earth_moving,other,hit_by_moving,multiple,head_face,temporary_disability,partial
3940,INC-ABE4D781,formal_large,surface,drc,49,16.7,contractor,laborer,male,2024-09-07,sunday,11.95,morning,4.1,components_parts,lifting_lowering,struck_by_object,burns,multiple,permanent_disability,partial
3941,INC-BD174DC1,formal_large,surface,ghana,28,10.0,operator,laborer,female,2021-07-22,monday,10.1,morning,8.1,mobile_equipment,cleaning_clearing,struck_by_object,fracture,hand_finger,temporary_disability,full
3942,INC-8AB58DBE,formal_large,surface,tanzania,19,1.0,operator,truck_operator,female,2021-11-08,saturday,14.19,evening,5.6,light_vehicle,cleaning_clearing,other,multiple,hand_finger,fatality,partial
3943,INC-36FD1079,artisanal,underground,south_africa,36,10.3,operator,supervisor,male,2020-01-19,friday,10.86,morning,1.1,components_parts,other,other,abrasion,hand_finger,first_aid,none
3944,INC-7B14A2B4,formal_large,underground,south_africa,55,22.3,contractor,other,male,2021-10-14,thursday,13.63,morning,1.5,rock_drill,other,other,laceration,upper_extremity,days_away,partial
3945,INC-6BC05BD7,artisanal,surface,drc,27,11.0,operator,other,male,2020-12-20,monday,12.11,morning,1.9,components_parts,operating_equipment,other,other,hand_finger,days_away,none
3946,INC-CB531418,formal_large,surface,drc,47,11.7,operator,other,male,2021-01-07,tuesday,13.24,morning,1.3,haul_truck,maintenance_repair,other,amputation,head_face,restricted_work,full
3947,INC-95C2F8B6,formal_large,underground,south_africa,42,17.5,operator,driller,male,2022-07-25,wednesday,10.67,morning,4.5,components_parts,other,fall_from_height,laceration,multiple,restricted_work,full
3948,INC-29C2CFFE,artisanal,surface,other,19,2.7,operator,welder,male,2023-11-08,monday,13.1,morning,9.0,haul_truck,operating_equipment,pit_collapse,other,hand_finger,first_aid,none
3949,INC-E6EB3EDA,formal_large,surface,ghana,49,11.6,contractor,mechanic_repairman,male,2024-02-22,thursday,15.22,evening,10.1,mobile_equipment,maintenance_repair,trapped_between,multiple,hand_finger,days_away,none
3950,INC-D73F7115,formal_small,surface,other,61,17.4,operator,other,male,2021-11-15,tuesday,13.78,morning,0.7,mobile_equipment,lifting_lowering,fall_slip,amputation,multiple,fatality,partial
3951,INC-0EC004C5,artisanal,surface,drc,40,2.9,operator,excavator_operator,male,2022-07-06,friday,16.34,evening,1.4,none,maintenance_repair,struck_by_object,contusion,hand_finger,days_away,none
3952,INC-76E1CE46,artisanal,surface,other,22,6.0,contractor,mechanic_repairman,male,2020-05-20,friday,11.44,morning,4.9,mobile_equipment,lifting_lowering,falling,contusion,hand_finger,days_away,none
3953,INC-AD6989E6,artisanal,underground,drc,33,14.3,operator,supervisor,male,2021-05-19,wednesday,2.09,night,7.1,components_parts,other,other,laceration,foot_lower_leg,fatality,none
3954,INC-47CC3FF2,formal_large,surface,other,56,12.6,operator,laborer,male,2021-07-23,wednesday,12.33,morning,1.7,components_parts,operating_equipment,other,laceration,torso,first_aid,none
3955,INC-4BD919B0,formal_small,surface,ethiopia,52,17.2,operator,laborer,male,2024-08-23,saturday,12.8,morning,10.5,mobile_equipment,other,vehicle_motion,burns,head_face,days_away,none
3956,INC-4201B959,artisanal,surface,south_africa,33,4.4,contractor,mechanic_repairman,male,2024-03-31,tuesday,11.97,morning,4.3,none,other,other,abrasion,multiple,restricted_work,none
3957,INC-B942767C,artisanal,surface,ghana,31,3.3,contractor,truck_operator,female,2021-11-05,monday,13.57,morning,5.3,light_vehicle,directing_equipment,struck_by_object,fracture,upper_extremity,days_away,none
3958,INC-B0D07528,formal_large,surface,drc,34,16.0,operator,other,female,2020-11-10,tuesday,11.76,morning,11.2,mobile_equipment,maintenance_repair,vehicle_motion,laceration,multiple,restricted_work,full
3959,INC-60C817CF,formal_small,surface,south_africa,35,17.0,operator,other,male,2020-10-24,wednesday,12.0,morning,4.6,mobile_equipment,maintenance_repair,trapped_between,laceration,upper_extremity,first_aid,full
3960,INC-A34404C6,formal_large,surface,other,20,2.0,operator,truck_operator,female,2022-07-24,monday,10.8,morning,7.1,components_parts,other,other,amputation,hand_finger,fatality,full
3961,INC-F7563591,formal_large,surface,south_africa,49,24.0,operator,mechanic_repairman,male,2024-09-22,monday,11.16,morning,10.4,haul_truck,cleaning_clearing,trapped_between,multiple,foot_lower_leg,days_away,full
3962,INC-E6D72B39,artisanal,underground,other,25,3.0,operator,blaster,male,2022-12-29,tuesday,12.88,morning,8.5,drill_rig,drilling,other,fracture,hand_finger,days_away,none
3963,INC-EDB1E912,formal_large,surface,zimbabwe,53,8.7,contractor,truck_operator,male,2021-12-24,wednesday,15.39,evening,2.0,mobile_equipment,other,other,laceration,multiple,fatality,partial
3964,INC-658BC414,formal_large,surface,drc,54,16.2,operator,welder,female,2024-02-21,saturday,14.28,evening,2.6,none,other,hit_by_moving,multiple,foot_lower_leg,restricted_work,partial
3965,INC-E664BBDB,formal_large,surface,other,49,19.5,operator,truck_operator,male,2022-05-30,saturday,12.89,morning,5.6,haul_truck,operating_equipment,struck_by_object,multiple,foot_lower_leg,days_away,partial
3966,INC-C87F8791,formal_small,surface,ghana,41,12.3,operator,laborer,female,2021-02-01,sunday,10.52,morning,3.0,mobile_equipment,operating_equipment,struck_by_object,amputation,torso,days_away,partial
3967,INC-8E79A79A,formal_large,surface,tanzania,37,19.0,operator,mechanic_repairman,male,2024-02-24,monday,12.44,morning,5.9,components_parts,other,struck_by_object,laceration,hand_finger,temporary_disability,full
3968,INC-A2082A11,formal_small,underground,south_africa,35,13.1,operator,driller,female,2024-07-23,thursday,11.16,morning,11.2,none,other,hit_by_moving,other,head_face,permanent_disability,full
3969,INC-2EA7CC16,formal_large,surface,drc,41,18.1,operator,supervisor,male,2021-06-09,monday,14.42,evening,3.3,mobile_equipment,maintenance_repair,struck_by_object,laceration,upper_extremity,days_away,full
3970,INC-AD9520EB,artisanal,underground,drc,29,8.6,operator,blaster,female,2024-11-25,monday,13.76,morning,1.0,drill_rig,drilling,other,laceration,upper_extremity,days_away,none
3971,INC-BEC4334A,formal_large,surface,ghana,33,11.0,contractor,other,female,2022-08-23,friday,10.76,morning,4.5,mobile_equipment,lifting_lowering,other,burns,hand_finger,fatality,full
3972,INC-89EB0344,formal_small,underground,south_africa,59,17.1,operator,driller,male,2021-03-16,saturday,14.3,evening,8.0,none,other,struck_by_rock,other,upper_extremity,permanent_disability,partial
3973,INC-9B3A6039,formal_large,surface,ghana,30,12.0,operator,supervisor,male,2024-04-30,friday,13.26,morning,7.6,components_parts,maintenance_repair,other,fracture,upper_extremity,temporary_disability,partial
3974,INC-A7F38521,formal_large,surface,south_africa,41,23.0,operator,truck_operator,male,2020-09-14,tuesday,9.94,morning,10.8,haul_truck,lifting_lowering,fall_slip,burns,upper_extremity,temporary_disability,partial
3975,INC-C2082578,formal_large,surface,drc,24,6.0,operator,laborer,female,2021-04-12,saturday,11.94,morning,7.5,haul_truck,lifting_lowering,hit_by_moving,laceration,hand_finger,first_aid,full
3976,INC-08404461,formal_large,surface,ghana,45,27.0,contractor,truck_operator,male,2021-10-31,sunday,12.96,morning,2.5,hand_tools,directing_equipment,other,multiple,hand_finger,first_aid,full
3977,INC-A97E1BA0,formal_large,underground,other,42,21.5,operator,other,male,2024-06-20,tuesday,13.24,morning,0.7,earth_moving,other,hit_by_moving,multiple,multiple,fatality,full
3978,INC-851E5108,formal_small,underground,other,39,21.0,operator,supervisor,male,2024-09-29,tuesday,0.38,night,7.2,earth_moving,other,fall_from_height,laceration,torso,days_away,none
3979,INC-C6CBB3C4,artisanal,surface,other,24,4.4,operator,truck_operator,male,2020-12-15,wednesday,9.95,morning,2.5,components_parts,operating_equipment,pit_collapse,laceration,multiple,days_away,none
3980,INC-D3932AE0,formal_large,surface,ethiopia,34,16.0,contractor,laborer,male,2020-01-30,sunday,17.22,evening,3.7,mobile_equipment,operating_equipment,other,laceration,upper_extremity,days_away,full
3981,INC-515C72E6,formal_small,surface,ghana,43,12.5,contractor,other,male,2024-04-09,monday,11.89,morning,7.3,mobile_equipment,cleaning_clearing,vehicle_motion,fracture,torso,permanent_disability,full
3982,INC-209F61E3,formal_small,surface,drc,37,19.0,operator,other,female,2022-09-01,thursday,16.0,evening,8.0,hand_tools,cleaning_clearing,vehicle_motion,amputation,torso,temporary_disability,full
3983,INC-51362D0E,formal_large,underground,tanzania,41,20.4,operator,blaster,male,2021-12-19,thursday,13.46,morning,10.1,earth_moving,other,other,laceration,foot_lower_leg,days_away,full
3984,INC-BD5E3B9F,formal_small,surface,other,61,24.6,contractor,truck_operator,female,2020-01-15,tuesday,13.74,morning,10.0,components_parts,cleaning_clearing,other,laceration,torso,fatality,partial
3985,INC-C0547ECD,formal_large,underground,ghana,44,26.0,contractor,mechanic_repairman,male,2022-09-27,wednesday,11.03,morning,6.2,earth_moving,drilling,fall_from_height,multiple,hand_finger,days_away,full
3986,INC-FC7903C6,formal_large,surface,south_africa,48,11.4,contractor,laborer,male,2020-09-01,friday,12.08,morning,3.5,mobile_equipment,lifting_lowering,vehicle_motion,laceration,multiple,first_aid,partial
3987,INC-009BD7DA,formal_small,underground,other,38,20.0,operator,supervisor,female,2022-10-03,tuesday,13.71,morning,7.5,drill_rig,charging_up,other,laceration,foot_lower_leg,days_away,full
3988,INC-3C035FE7,artisanal,surface,drc,36,4.5,operator,truck_operator,male,2020-10-04,monday,10.18,morning,2.4,mobile_equipment,lifting_lowering,struck_by_object,abrasion,foot_lower_leg,first_aid,none
3989,INC-98BEDF3E,artisanal,surface,south_africa,34,3.0,operator,laborer,male,2021-01-09,thursday,11.53,morning,7.5,mobile_equipment,operating_equipment,falling,laceration,multiple,permanent_disability,none
3990,INC-5F6E8EC0,artisanal,underground,tanzania,30,7.8,contractor,supervisor,female,2020-08-17,sunday,22.81,night,5.9,earth_moving,other,other,other,foot_lower_leg,temporary_disability,none
3991,INC-B92313C0,formal_small,surface,south_africa,35,17.0,contractor,truck_operator,male,2020-11-11,tuesday,9.01,morning,4.7,light_vehicle,operating_equipment,other,burns,hand_finger,fatality,full
3992,INC-2532D525,formal_large,surface,ethiopia,42,15.4,operator,supervisor,male,2023-07-02,thursday,12.17,morning,1.1,haul_truck,other,struck_by_object,laceration,hand_finger,days_away,full
3993,INC-3BD76CE2,formal_large,surface,ghana,65,4.4,operator,other,male,2023-07-23,friday,11.28,morning,11.0,mobile_equipment,lifting_lowering,other,multiple,hand_finger,permanent_disability,partial
3994,INC-6F00E4DE,formal_large,surface,ghana,40,22.0,operator,truck_operator,male,2022-04-17,wednesday,10.94,morning,0.6,mobile_equipment,maintenance_repair,struck_by_object,multiple,head_face,fatality,partial
3995,INC-5E9FD4A9,formal_large,underground,south_africa,46,28.0,operator,blaster,male,2024-02-16,wednesday,11.56,morning,6.3,components_parts,drilling,other,other,hand_finger,days_away,full
3996,INC-5410A2B5,formal_large,underground,ghana,35,16.5,operator,other,male,2024-10-21,friday,4.12,night,7.1,earth_moving,other,falling_object,laceration,upper_extremity,days_away,partial
3997,INC-1C307160,formal_small,surface,zimbabwe,18,0.0,operator,other,male,2020-09-07,friday,10.84,morning,6.7,haul_truck,operating_equipment,other,amputation,hand_finger,restricted_work,full
3998,INC-09277E19,formal_large,underground,south_africa,35,17.0,operator,blaster,male,2021-02-24,friday,12.29,morning,1.8,rock_drill,other,other,laceration,multiple,days_away,full
3999,INC-79444281,formal_large,surface,zimbabwe,65,8.1,operator,laborer,male,2023-10-04,sunday,10.26,morning,8.2,mobile_equipment,cleaning_clearing,hit_by_moving,laceration,torso,permanent_disability,partial
4000,INC-267FF49A,artisanal,underground,ethiopia,26,2.7,operator,blaster,male,2022-12-11,wednesday,12.78,morning,6.9,components_parts,charging_up,other,abrasion,torso,days_away,none
4001,INC-16489E67,formal_small,surface,tanzania,48,30.0,operator,excavator_operator,male,2021-08-19,saturday,11.51,morning,4.8,components_parts,maintenance_repair,other,amputation,foot_lower_leg,restricted_work,none
4002,INC-81259884,artisanal,surface,tanzania,45,11.3,contractor,excavator_operator,female,2022-11-26,sunday,13.16,morning,4.4,components_parts,maintenance_repair,struck_by_object,fracture,torso,fatality,none
4003,INC-459AC541,formal_large,surface,south_africa,58,16.2,operator,truck_operator,female,2022-12-21,tuesday,13.76,morning,1.6,mobile_equipment,maintenance_repair,struck_by_object,burns,multiple,days_away,full
4004,INC-318262EC,formal_small,surface,south_africa,39,10.8,operator,mechanic_repairman,male,2022-12-18,thursday,11.33,morning,5.2,components_parts,other,fall_slip,amputation,hand_finger,first_aid,full
4005,INC-7B096070,formal_large,underground,drc,20,2.0,operator,mechanic_repairman,male,2022-09-03,wednesday,4.43,night,6.2,earth_moving,barring_scaling,falling_object,contusion,torso,days_away,none
4006,INC-2E8FE0F3,formal_small,surface,other,32,14.0,operator,mechanic_repairman,male,2020-02-26,friday,10.19,morning,4.9,hand_tools,cleaning_clearing,trapped_between,fracture,foot_lower_leg,days_away,partial
4007,INC-5AC3C839,formal_large,surface,other,46,23.6,operator,laborer,female,2023-09-19,sunday,12.01,morning,4.8,mobile_equipment,other,hit_by_moving,laceration,hand_finger,days_away,partial
4008,INC-4A1B5DC0,formal_large,surface,other,45,11.2,operator,mechanic_repairman,male,2020-12-08,tuesday,13.63,morning,7.9,components_parts,cleaning_clearing,trapped_between,amputation,hand_finger,fatality,full
4009,INC-4C95002F,artisanal,surface,ethiopia,21,5.0,contractor,welder,male,2022-09-16,sunday,14.23,evening,9.6,haul_truck,other,pit_collapse,fracture,foot_lower_leg,fatality,none
4010,INC-A69A64CA,formal_large,surface,other,42,24.0,operator,other,male,2022-09-01,thursday,10.08,morning,11.8,haul_truck,lifting_lowering,other,fracture,upper_extremity,first_aid,none
4011,INC-D3E9A7DB,formal_large,surface,ghana,37,16.4,operator,laborer,male,2020-06-19,friday,11.39,morning,8.1,mobile_equipment,operating_equipment,other,multiple,upper_extremity,days_away,partial
4012,INC-98743FC0,artisanal,underground,drc,19,3.0,contractor,blaster,female,2021-06-09,thursday,12.29,morning,7.0,none,other,hit_by_moving,laceration,head_face,days_away,none
4013,INC-9CA2AAF2,formal_large,surface,other,51,5.1,contractor,mechanic_repairman,male,2021-05-24,thursday,13.16,morning,5.4,none,other,struck_by_object,fracture,upper_extremity,days_away,full
4014,INC-FC7733F3,formal_small,underground,drc,38,17.4,operator,laborer,male,2021-01-02,friday,10.56,morning,11.5,drill_rig,walking,other,laceration,upper_extremity,fatality,full
4015,INC-D2240C58,formal_small,underground,ghana,45,17.3,contractor,driller,male,2021-12-27,friday,11.39,morning,4.5,earth_moving,other,hit_by_moving,laceration,multiple,permanent_disability,partial
4016,INC-5F8197BD,formal_large,surface,ghana,44,17.1,operator,laborer,female,2021-06-18,wednesday,13.52,morning,10.6,mobile_equipment,other,other,laceration,hand_finger,days_away,full
4017,INC-9035099D,formal_small,surface,ghana,39,21.0,contractor,mechanic_repairman,male,2022-11-10,monday,8.49,morning,11.6,none,other,other,laceration,hand_finger,first_aid,full
4018,INC-F74A25F2,formal_large,underground,ghana,34,16.0,operator,blaster,male,2020-04-22,wednesday,21.49,evening,2.7,none,other,other,fracture,hand_finger,temporary_disability,full
4019,INC-871252CB,artisanal,underground,drc,30,14.0,operator,other,female,2020-11-05,monday,11.6,morning,4.6,none,other,struck_by_rock,abrasion,foot_lower_leg,days_away,none
4020,INC-7FE488B4,formal_large,surface,tanzania,38,17.7,contractor,supervisor,female,2022-07-30,tuesday,8.71,morning,8.2,mobile_equipment,other,struck_by_object,amputation,torso,fatality,none
4021,INC-A1F00E9F,formal_large,underground,south_africa,60,18.8,contractor,mechanic_repairman,male,2021-09-08,thursday,24.0,night,0.4,drill_rig,other,hit_by_moving,laceration,head_face,days_away,full
4022,INC-289C24EB,formal_large,underground,tanzania,53,13.7,operator,blaster,male,2022-01-28,thursday,20.86,evening,0.2,drill_rig,walking,fall_from_height,fracture,upper_extremity,days_away,partial
4023,INC-00F6DC91,artisanal,surface,ghana,28,6.7,operator,mechanic_repairman,female,2020-04-25,friday,10.72,morning,2.9,mobile_equipment,cleaning_clearing,falling,abrasion,upper_extremity,days_away,none
4024,INC-8A2E1C8A,artisanal,underground,ethiopia,38,4.0,contractor,laborer,female,2021-04-09,wednesday,21.18,evening,11.2,drill_rig,drilling,hit_by_moving,laceration,torso,days_away,none
4025,INC-1723710B,artisanal,surface,ghana,35,5.7,operator,mechanic_repairman,male,2021-08-11,friday,14.16,evening,5.6,light_vehicle,maintenance_repair,falling,fracture,hand_finger,restricted_work,none
4026,INC-EB5C42F5,artisanal,underground,zimbabwe,31,1.9,operator,supervisor,male,2020-02-10,thursday,2.28,night,2.4,earth_moving,other,falling_object,abrasion,head_face,restricted_work,none
4027,INC-17D1FB4A,artisanal,underground,tanzania,34,4.7,operator,blaster,male,2022-07-24,sunday,1.36,night,1.4,none,other,fall_from_height,other,multiple,days_away,none
4028,INC-63893D9F,formal_small,surface,tanzania,52,17.7,contractor,other,male,2020-04-02,thursday,12.0,morning,4.8,mobile_equipment,cleaning_clearing,other,multiple,upper_extremity,restricted_work,full
4029,INC-5AD4AE49,artisanal,surface,drc,34,6.5,operator,truck_operator,male,2024-09-05,friday,11.94,morning,4.1,mobile_equipment,other,pit_collapse,abrasion,multiple,fatality,none
4030,INC-9789307E,formal_small,surface,ghana,35,17.0,operator,mechanic_repairman,male,2020-03-13,thursday,17.3,evening,3.0,haul_truck,lifting_lowering,trapped_between,multiple,foot_lower_leg,days_away,full
4031,INC-DBDC3E42,formal_small,underground,tanzania,29,11.0,operator,driller,male,2020-11-20,saturday,11.81,morning,7.2,drill_rig,other,other,laceration,torso,first_aid,full
4032,INC-B619C297,artisanal,surface,south_africa,45,7.6,operator,mechanic_repairman,male,2022-08-09,tuesday,11.89,morning,5.0,haul_truck,other,falling,abrasion,hand_finger,restricted_work,none
4033,INC-0FBF0D50,formal_small,underground,zimbabwe,53,34.4,operator,driller,female,2020-02-20,thursday,2.15,night,7.4,none,walking,other,fracture,upper_extremity,permanent_disability,full
4034,INC-88ECA175,formal_large,surface,ethiopia,51,5.9,operator,truck_operator,male,2023-02-12,wednesday,12.16,morning,7.8,mobile_equipment,other,fall_slip,laceration,hand_finger,first_aid,none
4035,INC-4F8C2A35,formal_small,surface,tanzania,44,26.0,operator,other,male,2021-11-19,thursday,9.2,morning,5.9,light_vehicle,maintenance_repair,struck_by_object,amputation,multiple,days_away,full
4036,INC-BAC6F72D,formal_large,underground,other,39,21.0,contractor,driller,female,2020-02-05,sunday,11.99,morning,5.0,none,charging_up,other,other,torso,temporary_disability,full
4037,INC-EFD7D497,artisanal,surface,ghana,32,14.6,operator,mechanic_repairman,male,2023-01-14,thursday,13.33,morning,1.8,mobile_equipment,maintenance_repair,other,fracture,upper_extremity,temporary_disability,none
4038,INC-46E243C6,formal_small,surface,drc,29,7.5,operator,mechanic_repairman,male,2020-05-16,sunday,13.92,morning,6.6,haul_truck,operating_equipment,other,amputation,foot_lower_leg,first_aid,full
4039,INC-26721327,artisanal,surface,ghana,26,10.0,operator,other,male,2023-01-14,sunday,11.36,morning,10.1,components_parts,lifting_lowering,pit_collapse,contusion,hand_finger,days_away,none
4040,INC-348F274B,formal_small,surface,ethiopia,51,33.0,contractor,truck_operator,male,2023-04-29,thursday,9.71,morning,3.2,haul_truck,other,hit_by_moving,laceration,upper_extremity,days_away,full
4041,INC-A622AEAF,artisanal,surface,drc,32,8.6,operator,mechanic_repairman,male,2021-09-22,wednesday,14.18,evening,9.0,mobile_equipment,other,falling,laceration,head_face,restricted_work,none
4042,INC-2FE4DF6C,formal_large,surface,tanzania,54,8.4,operator,mechanic_repairman,female,2023-01-13,saturday,11.69,morning,7.8,components_parts,other,other,burns,foot_lower_leg,fatality,full
4043,INC-A11681A1,artisanal,surface,other,18,2.0,operator,other,female,2020-03-09,tuesday,13.52,morning,7.0,mobile_equipment,operating_equipment,struck_by_object,laceration,upper_extremity,days_away,none
4044,INC-F83BDD2B,formal_small,surface,drc,36,18.0,operator,excavator_operator,male,2024-05-08,thursday,11.0,morning,3.4,mobile_equipment,other,fall_slip,amputation,hand_finger,restricted_work,full
4045,INC-6937309E,formal_large,surface,ghana,35,5.3,operator,laborer,male,2024-08-04,sunday,13.24,morning,4.6,haul_truck,other,other,amputation,foot_lower_leg,fatality,full
4046,INC-76389BF9,formal_large,surface,other,54,10.8,operator,laborer,male,2020-11-05,saturday,11.46,morning,3.0,components_parts,other,struck_by_object,multiple,upper_extremity,temporary_disability,full
4047,INC-30361218,formal_large,surface,other,36,18.0,contractor,excavator_operator,female,2022-07-05,sunday,12.0,morning,7.3,mobile_equipment,maintenance_repair,trapped_between,multiple,upper_extremity,restricted_work,full
4048,INC-8D56ADAD,formal_small,underground,ghana,59,25.1,operator,laborer,male,2022-01-28,thursday,1.74,night,3.7,components_parts,other,fall_from_height,contusion,foot_lower_leg,restricted_work,full
4049,INC-1B99411D,artisanal,surface,south_africa,30,3.2,contractor,supervisor,male,2023-11-18,monday,12.0,morning,0.3,mobile_equipment,operating_equipment,pit_collapse,contusion,multiple,first_aid,none
4050,INC-EE7D6B09,artisanal,surface,ghana,38,4.8,contractor,other,male,2021-01-27,thursday,11.55,morning,0.5,mobile_equipment,lifting_lowering,pit_collapse,other,foot_lower_leg,fatality,none
4051,INC-5D9FC938,artisanal,surface,drc,35,4.2,operator,laborer,female,2021-12-25,friday,13.75,morning,9.9,mobile_equipment,operating_equipment,falling,laceration,hand_finger,days_away,none
4052,INC-EA53DE30,formal_small,underground,other,41,16.8,operator,blaster,male,2021-11-12,monday,13.99,morning,11.7,components_parts,drilling,struck_by_rock,contusion,foot_lower_leg,permanent_disability,partial
4053,INC-C6F1A153,formal_small,underground,drc,39,21.0,operator,other,male,2024-02-27,thursday,11.58,morning,6.3,components_parts,other,struck_by_rock,laceration,head_face,permanent_disability,full
4054,INC-07F51AB6,artisanal,underground,ghana,32,8.8,operator,driller,male,2022-08-04,thursday,22.0,night,3.2,earth_moving,charging_up,other,fracture,torso,days_away,none
4055,INC-351198AB,artisanal,underground,south_africa,35,3.4,operator,driller,male,2023-12-03,friday,20.56,evening,9.8,drill_rig,drilling,struck_by_rock,other,head_face,fatality,none
4056,INC-9C25D4A6,formal_large,surface,zimbabwe,43,24.3,operator,other,male,2020-05-17,tuesday,15.25,evening,2.9,mobile_equipment,directing_equipment,struck_by_object,laceration,multiple,days_away,full
4057,INC-B352DE7A,artisanal,underground,ghana,38,18.3,operator,laborer,male,2020-06-23,saturday,2.47,night,1.7,rock_drill,other,hit_by_moving,fracture,foot_lower_leg,days_away,none
4058,INC-3115D32A,formal_small,surface,south_africa,39,21.0,contractor,mechanic_repairman,male,2024-09-21,friday,13.73,morning,2.1,mobile_equipment,directing_equipment,struck_by_object,multiple,head_face,days_away,full
4059,INC-70261A3E,artisanal,underground,south_africa,40,13.1,contractor,driller,male,2020-04-03,thursday,13.63,morning,0.8,none,other,other,abrasion,torso,days_away,none
4060,INC-27C8E1DA,artisanal,underground,south_africa,33,14.9,operator,blaster,male,2023-05-07,wednesday,19.1,evening,8.5,rock_drill,other,other,abrasion,head_face,permanent_disability,none
4061,INC-38259048,artisanal,underground,south_africa,28,4.6,operator,driller,female,2020-09-29,wednesday,13.71,morning,5.8,rock_drill,charging_up,struck_by_rock,contusion,foot_lower_leg,restricted_work,none
4062,INC-FD5A8B3B,formal_large,surface,drc,53,17.2,operator,welder,male,2022-08-02,wednesday,13.85,morning,1.4,light_vehicle,other,trapped_between,amputation,foot_lower_leg,days_away,none
4063,INC-04228567,formal_small,underground,ghana,51,9.9,contractor,driller,male,2024-02-11,thursday,14.14,evening,4.7,none,other,other,other,foot_lower_leg,first_aid,full
4064,INC-4A140B32,formal_large,surface,ghana,53,9.8,operator,laborer,male,2022-05-16,saturday,11.21,morning,6.2,haul_truck,cleaning_clearing,trapped_between,laceration,foot_lower_leg,first_aid,partial
4065,INC-66C9232E,artisanal,surface,ethiopia,18,2.0,operator,mechanic_repairman,male,2021-05-07,thursday,10.41,morning,0.3,haul_truck,maintenance_repair,other,laceration,hand_finger,days_away,none
4066,INC-DCD358A9,formal_large,surface,other,44,15.3,operator,mechanic_repairman,male,2020-10-26,wednesday,10.48,morning,0.1,hand_tools,maintenance_repair,trapped_between,laceration,upper_extremity,fatality,full
4067,INC-4C693B22,artisanal,surface,drc,37,4.4,contractor,mechanic_repairman,female,2021-12-23,sunday,13.63,morning,2.6,haul_truck,maintenance_repair,struck_by_object,abrasion,head_face,fatality,none
4068,INC-59FDF7A8,artisanal,surface,ethiopia,34,7.9,contractor,truck_operator,male,2024-09-20,friday,10.12,morning,7.0,mobile_equipment,operating_equipment,other,abrasion,head_face,days_away,none
4069,INC-4E3CACAA,formal_large,surface,tanzania,38,11.1,contractor,supervisor,male,2022-11-22,thursday,12.73,morning,2.4,mobile_equipment,other,vehicle_motion,contusion,head_face,fatality,full
4070,INC-6DE48D62,formal_small,surface,tanzania,42,10.6,operator,mechanic_repairman,male,2022-04-28,sunday,13.91,morning,5.5,mobile_equipment,other,hit_by_moving,amputation,head_face,fatality,partial
4071,INC-1F1A660A,artisanal,surface,tanzania,31,7.4,operator,laborer,female,2023-04-05,friday,10.46,morning,2.8,none,other,other,abrasion,head_face,days_away,none
4072,INC-5DF59B25,formal_small,surface,zimbabwe,38,6.7,operator,mechanic_repairman,male,2022-08-27,friday,11.6,morning,7.8,light_vehicle,maintenance_repair,struck_by_object,laceration,foot_lower_leg,first_aid,full
4073,INC-717E85DD,formal_large,surface,ethiopia,56,15.8,operator,excavator_operator,male,2022-02-17,wednesday,13.49,morning,1.5,mobile_equipment,other,fall_slip,laceration,upper_extremity,first_aid,none
4074,INC-D2313F03,formal_large,underground,zimbabwe,52,6.6,operator,blaster,male,2020-10-30,thursday,11.41,morning,4.7,none,other,fall_from_height,other,multiple,days_away,none
4075,INC-9659EB0F,formal_small,surface,ghana,42,15.6,operator,truck_operator,male,2022-03-31,saturday,13.47,morning,4.1,mobile_equipment,directing_equipment,other,fracture,torso,permanent_disability,partial
4076,INC-E2D3A65D,artisanal,underground,ghana,25,9.0,operator,mechanic_repairman,male,2021-05-09,thursday,14.27,evening,6.0,none,drilling,falling_object,fracture,torso,days_away,none
4077,INC-F2A6E4C8,formal_small,surface,ghana,34,5.6,operator,mechanic_repairman,male,2021-08-22,friday,12.3,morning,4.7,components_parts,operating_equipment,trapped_between,amputation,multiple,days_away,full
4078,INC-2914C654,formal_large,surface,ghana,57,14.8,contractor,welder,female,2021-07-06,friday,10.55,morning,6.6,haul_truck,directing_equipment,hit_by_moving,laceration,hand_finger,days_away,partial
4079,INC-168E363A,formal_small,surface,ethiopia,44,23.9,operator,truck_operator,male,2020-06-20,sunday,12.29,morning,3.2,haul_truck,maintenance_repair,hit_by_moving,laceration,hand_finger,days_away,none
4080,INC-D5924769,formal_small,surface,zimbabwe,41,10.8,operator,truck_operator,male,2022-08-09,wednesday,10.06,morning,1.5,mobile_equipment,maintenance_repair,struck_by_object,amputation,multiple,first_aid,full
4081,INC-595BD700,formal_large,surface,south_africa,57,21.1,operator,laborer,male,2020-09-27,friday,9.99,morning,1.2,none,lifting_lowering,vehicle_motion,fracture,multiple,first_aid,none
4082,INC-CC7579D2,artisanal,surface,ghana,37,19.1,operator,other,male,2022-01-16,saturday,12.47,morning,2.4,hand_tools,other,falling,contusion,hand_finger,restricted_work,none
4083,INC-18F39B9D,formal_large,surface,ghana,38,20.0,operator,laborer,male,2024-06-12,monday,12.0,morning,5.7,mobile_equipment,directing_equipment,struck_by_object,multiple,foot_lower_leg,days_away,none
4084,INC-CEC8742E,formal_small,surface,tanzania,39,12.5,operator,welder,male,2024-03-22,friday,13.62,morning,5.6,components_parts,other,struck_by_object,fracture,foot_lower_leg,days_away,full
4085,INC-9A426683,artisanal,surface,ghana,28,8.3,operator,excavator_operator,male,2024-11-15,saturday,12.03,morning,5.8,mobile_equipment,operating_equipment,pit_collapse,laceration,upper_extremity,first_aid,none
4086,INC-92164438,formal_small,surface,south_africa,40,6.4,operator,welder,female,2020-09-29,friday,11.16,morning,8.3,haul_truck,operating_equipment,other,multiple,foot_lower_leg,temporary_disability,partial
4087,INC-92F64548,artisanal,underground,south_africa,30,2.4,operator,driller,male,2024-02-16,tuesday,2.03,night,4.5,none,drilling,other,laceration,head_face,days_away,none
4088,INC-9D4361D4,formal_large,surface,zimbabwe,30,12.0,contractor,excavator_operator,male,2024-01-26,monday,11.47,morning,5.1,haul_truck,directing_equipment,trapped_between,multiple,hand_finger,first_aid,partial
4089,INC-3A4F55F1,formal_large,surface,south_africa,45,27.0,contractor,excavator_operator,male,2021-07-12,monday,15.41,evening,5.8,mobile_equipment,cleaning_clearing,struck_by_object,laceration,upper_extremity,temporary_disability,full
4090,INC-0C4443C1,formal_large,surface,zimbabwe,35,12.5,operator,welder,female,2021-10-26,monday,12.53,morning,2.2,components_parts,other,struck_by_object,laceration,hand_finger,days_away,full
4091,INC-830237AF,artisanal,surface,ethiopia,30,6.0,operator,supervisor,male,2020-11-21,wednesday,13.41,morning,7.1,mobile_equipment,maintenance_repair,pit_collapse,abrasion,multiple,days_away,none
4092,INC-089AE153,artisanal,surface,other,33,17.0,operator,truck_operator,male,2024-10-30,friday,13.62,morning,8.1,light_vehicle,other,struck_by_object,laceration,foot_lower_leg,permanent_disability,none
4093,INC-BE0120D2,formal_large,surface,tanzania,37,19.0,operator,mechanic_repairman,male,2022-07-18,friday,12.74,morning,2.9,components_parts,other,other,laceration,hand_finger,first_aid,none
4094,INC-B38A57B8,formal_large,surface,south_africa,36,18.0,operator,laborer,male,2021-06-11,thursday,11.55,morning,7.5,mobile_equipment,other,other,laceration,torso,restricted_work,full
4095,INC-3B99507A,formal_large,surface,ghana,37,19.0,operator,supervisor,male,2020-06-21,thursday,13.53,morning,1.8,mobile_equipment,directing_equipment,hit_by_moving,laceration,upper_extremity,days_away,full
4096,INC-3BDA4689,formal_small,surface,drc,35,8.3,contractor,supervisor,male,2022-07-02,friday,17.94,evening,5.1,mobile_equipment,operating_equipment,hit_by_moving,amputation,hand_finger,days_away,none
4097,INC-6CB57F03,artisanal,surface,ghana,22,2.5,operator,truck_operator,male,2024-07-28,saturday,11.34,morning,3.8,components_parts,maintenance_repair,struck_by_object,abrasion,foot_lower_leg,fatality,none
4098,INC-6C9227ED,artisanal,surface,other,34,9.0,operator,laborer,male,2021-11-28,saturday,13.36,morning,4.6,mobile_equipment,other,pit_collapse,laceration,multiple,days_away,none
4099,INC-63EE505A,artisanal,underground,zimbabwe,25,4.4,operator,supervisor,male,2023-11-03,thursday,20.97,evening,2.0,drill_rig,other,other,abrasion,hand_finger,permanent_disability,none
4100,INC-428CA943,formal_large,surface,south_africa,45,24.7,operator,other,female,2021-09-08,friday,13.22,morning,0.1,components_parts,other,other,laceration,torso,fatality,full
4101,INC-ABB6D479,artisanal,surface,south_africa,25,9.0,contractor,mechanic_repairman,male,2024-11-12,wednesday,13.05,morning,5.5,mobile_equipment,maintenance_repair,struck_by_object,fracture,torso,days_away,none
4102,INC-DC020BEE,formal_small,surface,other,41,23.0,operator,excavator_operator,male,2023-03-06,sunday,13.08,morning,2.3,mobile_equipment,cleaning_clearing,other,amputation,multiple,permanent_disability,partial
4103,INC-70FCAAE9,formal_large,underground,other,43,18.9,operator,supervisor,male,2024-04-11,monday,20.38,evening,5.5,drill_rig,other,falling_object,other,multiple,days_away,partial
4104,INC-BDB3D226,artisanal,underground,other,36,9.6,operator,driller,male,2023-01-01,thursday,1.14,night,3.0,none,other,fall_from_height,fracture,multiple,fatality,none
4105,INC-0E1CFBA6,formal_large,underground,ghana,65,21.3,operator,other,female,2022-01-16,tuesday,21.31,evening,8.8,none,other,fall_from_height,laceration,hand_finger,days_away,full
4106,INC-1C8D29DB,artisanal,surface,drc,23,4.4,operator,truck_operator,male,2020-03-26,saturday,12.0,morning,5.8,mobile_equipment,operating_equipment,pit_collapse,contusion,multiple,temporary_disability,none
4107,INC-B6B1DEFF,artisanal,surface,south_africa,36,5.3,operator,supervisor,male,2021-07-27,sunday,13.75,morning,2.0,mobile_equipment,operating_equipment,falling,abrasion,upper_extremity,temporary_disability,none
4108,INC-05D580C0,artisanal,underground,ghana,31,1.4,operator,laborer,male,2021-02-17,saturday,20.6,evening,1.2,rock_drill,charging_up,other,fracture,hand_finger,days_away,none
4109,INC-97FE8573,formal_small,surface,tanzania,41,23.0,operator,truck_operator,male,2024-03-03,friday,12.2,morning,6.4,mobile_equipment,other,other,amputation,upper_extremity,days_away,full
4110,INC-64D3E6A3,formal_large,underground,other,48,30.0,operator,driller,male,2022-11-02,friday,22.18,night,2.2,none,other,struck_by_rock,laceration,foot_lower_leg,fatality,full
4111,INC-6086AE78,artisanal,surface,ghana,19,3.0,operator,laborer,male,2022-12-09,wednesday,15.21,evening,5.7,mobile_equipment,other,falling,contusion,upper_extremity,days_away,none
4112,INC-46EBC988,artisanal,surface,zimbabwe,40,9.1,operator,mechanic_repairman,male,2024-11-15,thursday,17.09,evening,10.2,mobile_equipment,cleaning_clearing,struck_by_object,other,upper_extremity,days_away,none
4113,INC-97480C45,formal_small,surface,south_africa,49,22.3,operator,mechanic_repairman,male,2024-05-23,wednesday,10.87,morning,2.7,light_vehicle,other,vehicle_motion,fracture,foot_lower_leg,days_away,none
4114,INC-713DCCC9,artisanal,surface,ghana,32,2.4,operator,mechanic_repairman,male,2023-05-11,wednesday,8.85,morning,9.4,components_parts,other,struck_by_object,abrasion,foot_lower_leg,days_away,none
4115,INC-9DECA314,formal_large,underground,south_africa,42,23.5,operator,supervisor,male,2021-08-16,friday,13.0,morning,5.0,drill_rig,drilling,struck_by_rock,laceration,upper_extremity,days_away,full
4116,INC-14F077D4,formal_small,surface,other,45,20.7,contractor,truck_operator,female,2020-07-17,thursday,13.39,morning,2.5,none,other,other,laceration,upper_extremity,restricted_work,partial
4117,INC-684A04F8,artisanal,surface,south_africa,33,11.2,contractor,other,male,2022-09-24,sunday,10.22,morning,11.5,haul_truck,other,other,fracture,multiple,first_aid,none
4118,INC-31402C28,formal_large,surface,tanzania,43,25.0,contractor,mechanic_repairman,male,2024-12-10,thursday,9.96,morning,4.3,mobile_equipment,maintenance_repair,other,amputation,torso,first_aid,full
4119,INC-7B64ED22,formal_small,underground,ghana,44,19.1,operator,driller,male,2022-04-24,monday,12.0,morning,1.6,components_parts,other,struck_by_rock,laceration,upper_extremity,permanent_disability,full
4120,INC-7D3CFED6,artisanal,surface,zimbabwe,37,19.0,operator,mechanic_repairman,male,2024-11-27,thursday,11.44,morning,7.2,mobile_equipment,other,pit_collapse,abrasion,foot_lower_leg,days_away,none
4121,INC-C78783A4,artisanal,underground,ghana,41,2.9,operator,driller,male,2020-11-30,thursday,4.2,night,7.0,none,other,fall_from_height,abrasion,multiple,days_away,none
4122,INC-4227390B,artisanal,underground,ghana,32,11.0,contractor,other,male,2020-04-22,tuesday,12.46,morning,7.4,earth_moving,drilling,falling_object,contusion,multiple,first_aid,none
4123,INC-4173C467,formal_small,surface,zimbabwe,37,19.0,contractor,other,male,2022-09-15,friday,12.44,morning,4.8,hand_tools,maintenance_repair,other,burns,upper_extremity,fatality,none
4124,INC-58615650,artisanal,underground,ethiopia,35,11.2,operator,driller,male,2021-11-13,monday,13.96,morning,1.5,components_parts,charging_up,struck_by_rock,contusion,upper_extremity,days_away,none
4125,INC-D0E5F21B,formal_large,underground,other,38,20.0,operator,other,male,2020-06-01,thursday,12.41,morning,3.2,earth_moving,drilling,fall_from_height,multiple,torso,days_away,none
4126,INC-86FC3C42,formal_small,surface,ghana,43,14.3,operator,truck_operator,male,2024-09-17,wednesday,13.33,morning,1.0,components_parts,other,struck_by_object,fracture,multiple,temporary_disability,partial
4127,INC-5ADAFF74,formal_small,surface,ethiopia,24,6.0,operator,excavator_operator,male,2021-11-15,monday,13.48,morning,11.1,haul_truck,other,hit_by_moving,laceration,hand_finger,first_aid,none
4128,INC-7A4F1216,artisanal,surface,other,33,8.3,operator,mechanic_repairman,female,2021-04-09,friday,12.77,morning,1.5,haul_truck,operating_equipment,falling,laceration,foot_lower_leg,restricted_work,none
4129,INC-26B86D21,artisanal,surface,ghana,28,8.7,operator,other,male,2022-09-01,wednesday,6.04,morning,9.9,none,lifting_lowering,pit_collapse,contusion,hand_finger,days_away,none
4130,INC-A363F94F,artisanal,surface,other,19,3.0,operator,welder,female,2024-03-23,tuesday,10.79,morning,2.6,light_vehicle,cleaning_clearing,falling,fracture,hand_finger,restricted_work,none
4131,INC-E06144F4,artisanal,underground,other,32,1.3,contractor,other,male,2020-09-22,wednesday,11.37,morning,7.4,earth_moving,drilling,other,laceration,multiple,temporary_disability,none
4132,INC-553B1948,formal_small,surface,drc,57,13.6,contractor,mechanic_repairman,male,2021-10-29,thursday,11.75,morning,7.6,components_parts,maintenance_repair,vehicle_motion,amputation,foot_lower_leg,days_away,full
4133,INC-798BFA65,formal_small,surface,ethiopia,63,10.9,contractor,laborer,male,2023-10-08,tuesday,15.49,evening,1.7,components_parts,maintenance_repair,hit_by_moving,contusion,hand_finger,days_away,partial
4134,INC-D2AFB7AB,formal_small,surface,tanzania,44,23.8,operator,truck_operator,male,2023-05-02,wednesday,9.05,morning,1.6,components_parts,other,struck_by_object,laceration,foot_lower_leg,days_away,full
4135,INC-98A1BAA6,formal_large,surface,zimbabwe,49,13.2,operator,truck_operator,female,2020-12-14,thursday,6.04,morning,0.5,mobile_equipment,other,other,laceration,head_face,permanent_disability,none
4136,INC-2F651D56,formal_small,surface,ethiopia,53,35.0,operator,welder,male,2020-02-20,sunday,11.9,morning,7.4,components_parts,operating_equipment,other,contusion,multiple,fatality,full
4137,INC-4181E30F,artisanal,surface,other,40,9.4,operator,welder,male,2023-08-23,wednesday,13.4,morning,2.1,components_parts,other,pit_collapse,abrasion,multiple,fatality,none
4138,INC-088F9032,artisanal,surface,ghana,34,13.0,contractor,laborer,male,2021-01-17,thursday,15.32,evening,4.0,none,directing_equipment,other,contusion,hand_finger,days_away,none
4139,INC-16E5DD91,artisanal,surface,drc,23,3.6,operator,mechanic_repairman,male,2020-02-13,thursday,12.67,morning,3.4,mobile_equipment,operating_equipment,falling,contusion,hand_finger,days_away,none
4140,INC-39BDD07A,formal_small,surface,zimbabwe,30,12.0,operator,supervisor,male,2024-05-24,friday,9.94,morning,8.9,haul_truck,operating_equipment,fall_slip,amputation,head_face,days_away,partial
4141,INC-B9708C59,formal_small,underground,south_africa,51,11.1,operator,laborer,male,2023-06-11,saturday,20.97,evening,4.2,rock_drill,charging_up,falling_object,laceration,hand_finger,fatality,full
4142,INC-08285C4D,formal_large,surface,ethiopia,38,10.6,operator,mechanic_repairman,male,2022-04-09,thursday,10.63,morning,9.7,mobile_equipment,other,fall_slip,multiple,head_face,days_away,full
4143,INC-F21DE506,formal_small,surface,drc,64,10.3,operator,laborer,male,2022-01-01,friday,16.84,evening,3.1,haul_truck,cleaning_clearing,other,laceration,hand_finger,days_away,partial
4144,INC-D85C27DB,formal_small,surface,ethiopia,41,5.1,operator,mechanic_repairman,male,2024-05-09,saturday,12.0,morning,1.9,components_parts,other,struck_by_object,laceration,foot_lower_leg,days_away,full
4145,INC-EC0901E9,formal_large,underground,drc,51,13.0,operator,blaster,male,2023-12-13,saturday,2.18,night,5.4,components_parts,charging_up,hit_by_moving,multiple,upper_extremity,days_away,full
4146,INC-5234C036,formal_large,surface,ghana,41,23.0,operator,welder,male,2022-08-21,wednesday,11.07,morning,3.3,hand_tools,other,other,multiple,torso,permanent_disability,full
4147,INC-ABDA5DB4,artisanal,surface,other,38,4.5,operator,excavator_operator,male,2022-10-23,saturday,12.69,morning,3.7,mobile_equipment,other,falling,abrasion,head_face,restricted_work,partial
4148,INC-7B01D45D,formal_small,surface,ethiopia,63,24.4,operator,laborer,male,2022-09-06,wednesday,13.63,morning,7.9,haul_truck,operating_equipment,other,laceration,upper_extremity,first_aid,none
4149,INC-95BA67F3,formal_small,surface,drc,38,16.4,contractor,supervisor,female,2021-11-24,saturday,10.65,morning,6.2,mobile_equipment,cleaning_clearing,vehicle_motion,laceration,upper_extremity,restricted_work,full
4150,INC-B2F12A2E,formal_large,surface,ghana,54,23.0,operator,excavator_operator,male,2022-07-02,friday,11.89,morning,0.9,mobile_equipment,maintenance_repair,hit_by_moving,fracture,foot_lower_leg,permanent_disability,full
4151,INC-67CBE913,formal_small,surface,ghana,48,6.5,operator,other,male,2023-04-27,friday,10.19,morning,10.6,hand_tools,cleaning_clearing,fall_slip,multiple,hand_finger,days_away,none
4152,INC-F890EED2,formal_small,surface,other,46,8.7,operator,other,female,2023-03-27,thursday,14.67,evening,8.1,mobile_equipment,other,other,multiple,multiple,days_away,full
4153,INC-10B9F751,formal_small,underground,south_africa,45,19.1,operator,driller,male,2021-12-09,saturday,19.08,evening,7.1,none,other,other,other,torso,fatality,partial
4154,INC-C3DFA5A9,formal_small,surface,ghana,36,18.0,operator,other,male,2024-02-19,friday,11.08,morning,5.2,mobile_equipment,other,other,amputation,upper_extremity,days_away,full
4155,INC-B95E4F28,formal_large,underground,drc,18,0.0,operator,other,male,2021-10-12,monday,20.57,evening,5.8,none,other,other,multiple,multiple,days_away,partial
4156,INC-C25D79F1,artisanal,surface,tanzania,28,4.0,contractor,truck_operator,male,2023-09-09,tuesday,11.95,morning,2.0,none,operating_equipment,falling,laceration,hand_finger,restricted_work,none
4157,INC-A522E7C0,formal_large,surface,other,53,12.8,operator,mechanic_repairman,male,2022-02-16,thursday,11.25,morning,5.5,mobile_equipment,operating_equipment,other,laceration,hand_finger,days_away,none
4158,INC-1A76F4C9,formal_small,surface,tanzania,38,12.5,operator,laborer,male,2024-09-18,friday,12.96,morning,3.4,components_parts,operating_equipment,other,amputation,multiple,restricted_work,full
4159,INC-E5AEC17B,formal_large,surface,other,54,25.6,contractor,truck_operator,female,2023-07-21,wednesday,11.8,morning,11.6,mobile_equipment,maintenance_repair,other,fracture,foot_lower_leg,fatality,full
4160,INC-30298125,formal_small,surface,zimbabwe,46,24.8,operator,supervisor,male,2023-08-02,wednesday,12.74,morning,7.2,light_vehicle,maintenance_repair,trapped_between,amputation,multiple,first_aid,partial
4161,INC-01C6E341,formal_large,underground,ethiopia,54,5.3,operator,other,male,2023-01-27,thursday,5.4,night,4.6,none,drilling,hit_by_moving,other,head_face,restricted_work,full
4162,INC-E3F0B420,artisanal,surface,drc,18,2.0,operator,mechanic_repairman,male,2020-11-22,wednesday,15.04,evening,5.8,haul_truck,cleaning_clearing,falling,abrasion,hand_finger,restricted_work,none
4163,INC-523A2F55,formal_small,surface,tanzania,50,5.3,operator,supervisor,male,2024-07-31,saturday,10.42,morning,7.5,haul_truck,cleaning_clearing,vehicle_motion,laceration,hand_finger,days_away,partial
4164,INC-20566DE0,artisanal,surface,south_africa,37,9.0,operator,mechanic_repairman,male,2023-07-09,wednesday,6.15,morning,3.3,mobile_equipment,cleaning_clearing,struck_by_object,abrasion,head_face,fatality,none
4165,INC-642A22E6,formal_large,surface,ghana,19,1.0,contractor,other,male,2020-01-01,friday,11.14,morning,7.5,haul_truck,maintenance_repair,struck_by_object,laceration,hand_finger,fatality,full
4166,INC-E44984D7,formal_large,surface,ethiopia,48,21.3,operator,laborer,male,2021-06-30,sunday,12.23,morning,10.6,mobile_equipment,operating_equipment,struck_by_object,fracture,hand_finger,days_away,full
4167,INC-B1F3861D,formal_small,surface,drc,39,20.3,operator,mechanic_repairman,male,2020-10-20,monday,12.07,morning,7.3,haul_truck,cleaning_clearing,vehicle_motion,laceration,torso,permanent_disability,partial
4168,INC-384139F4,formal_small,surface,zimbabwe,54,11.4,contractor,welder,male,2020-09-02,tuesday,10.31,morning,3.5,hand_tools,maintenance_repair,struck_by_object,laceration,hand_finger,temporary_disability,full
4169,INC-56892202,formal_small,surface,drc,48,15.4,operator,welder,female,2022-06-21,sunday,11.64,morning,11.9,mobile_equipment,maintenance_repair,other,fracture,upper_extremity,permanent_disability,full
4170,INC-6CFF2056,artisanal,surface,drc,24,3.8,operator,other,male,2023-12-21,friday,12.9,morning,10.7,none,other,other,abrasion,torso,days_away,none
4171,INC-F10FFBFC,artisanal,surface,ghana,43,7.2,contractor,excavator_operator,male,2023-05-07,wednesday,10.87,morning,3.8,haul_truck,operating_equipment,falling,contusion,hand_finger,fatality,none
4172,INC-237416ED,artisanal,surface,ethiopia,38,7.4,operator,excavator_operator,male,2024-08-31,monday,12.72,morning,1.1,mobile_equipment,operating_equipment,other,fracture,upper_extremity,days_away,none
4173,INC-E2F10883,formal_large,surface,ethiopia,48,13.3,operator,truck_operator,male,2020-06-12,thursday,13.84,morning,2.3,mobile_equipment,maintenance_repair,other,multiple,torso,permanent_disability,full
4174,INC-57A9F24D,artisanal,underground,south_africa,29,9.6,operator,blaster,male,2023-02-16,monday,12.77,morning,9.5,none,walking,other,other,torso,fatality,none
4175,INC-4FA980CF,formal_small,underground,zimbabwe,40,22.0,operator,driller,female,2021-06-21,thursday,12.46,morning,9.8,none,charging_up,other,multiple,foot_lower_leg,restricted_work,partial
4176,INC-37E6E685,artisanal,surface,zimbabwe,34,5.6,contractor,laborer,male,2020-01-27,friday,9.28,morning,4.4,light_vehicle,maintenance_repair,falling,laceration,hand_finger,days_away,none
4177,INC-DEC46E6E,artisanal,surface,drc,47,15.4,operator,mechanic_repairman,female,2024-12-10,thursday,11.2,morning,8.0,components_parts,other,falling,other,multiple,days_away,none
4178,INC-C63E4352,artisanal,underground,zimbabwe,37,9.6,contractor,driller,female,2020-08-20,thursday,19.7,evening,0.6,none,other,hit_by_moving,abrasion,hand_finger,days_away,none
4179,INC-070F46AF,artisanal,surface,south_africa,32,15.2,contractor,other,male,2021-08-21,saturday,13.12,morning,6.3,haul_truck,other,other,other,multiple,restricted_work,none
4180,INC-EFC0B396,artisanal,surface,zimbabwe,50,9.5,operator,laborer,male,2022-08-01,wednesday,11.33,morning,2.1,mobile_equipment,cleaning_clearing,pit_collapse,abrasion,multiple,restricted_work,none
4181,INC-BA6B9190,formal_large,surface,drc,34,16.0,contractor,other,male,2021-11-25,thursday,7.16,morning,8.2,mobile_equipment,operating_equipment,other,multiple,upper_extremity,permanent_disability,full
4182,INC-0E3A58A1,artisanal,surface,ethiopia,31,10.0,contractor,supervisor,female,2020-10-08,monday,11.19,morning,0.3,haul_truck,other,falling,abrasion,multiple,fatality,none
4183,INC-2E5A674D,formal_small,underground,ghana,38,20.0,contractor,driller,male,2021-03-12,thursday,2.66,night,8.4,earth_moving,other,other,multiple,multiple,days_away,partial
4184,INC-91448603,artisanal,underground,other,34,2.0,operator,driller,male,2023-05-30,monday,13.77,morning,5.3,earth_moving,other,other,contusion,hand_finger,temporary_disability,none
4185,INC-30D399DA,artisanal,underground,south_africa,24,8.0,operator,blaster,male,2020-02-01,monday,1.89,night,9.6,earth_moving,other,other,other,foot_lower_leg,days_away,none
4186,INC-DDE6649C,formal_large,underground,ghana,25,7.0,operator,other,male,2020-04-19,wednesday,2.08,night,7.9,drill_rig,other,other,fracture,upper_extremity,temporary_disability,full
4187,INC-A51D33C6,formal_large,surface,ghana,37,19.0,operator,mechanic_repairman,male,2021-06-05,thursday,14.07,evening,6.3,mobile_equipment,operating_equipment,other,laceration,foot_lower_leg,days_away,full
4188,INC-E1C00F12,formal_large,underground,tanzania,29,11.0,contractor,laborer,female,2024-11-17,wednesday,12.31,morning,1.7,components_parts,walking,other,laceration,torso,fatality,partial
4189,INC-65328742,formal_small,surface,drc,29,11.0,contractor,truck_operator,male,2020-10-21,saturday,12.56,morning,2.1,hand_tools,other,other,contusion,head_face,fatality,full
4190,INC-17056878,formal_large,surface,south_africa,44,26.0,operator,truck_operator,male,2023-04-06,tuesday,11.11,morning,7.6,haul_truck,other,fall_slip,fracture,hand_finger,fatality,full
4191,INC-E78D4494,artisanal,surface,drc,19,3.0,operator,truck_operator,male,2021-11-26,friday,9.58,morning,2.8,mobile_equipment,other,other,fracture,hand_finger,days_away,none
4192,INC-AA55AA89,formal_small,surface,tanzania,48,17.7,contractor,mechanic_repairman,male,2022-07-20,wednesday,11.98,morning,4.7,haul_truck,operating_equipment,struck_by_object,burns,upper_extremity,days_away,none
4193,INC-FA730245,artisanal,surface,other,28,12.0,operator,other,male,2021-02-28,wednesday,12.03,morning,0.9,mobile_equipment,operating_equipment,struck_by_object,other,multiple,temporary_disability,none
4194,INC-A9209316,formal_large,surface,other,42,11.5,operator,excavator_operator,male,2024-08-08,monday,11.09,morning,7.3,haul_truck,operating_equipment,struck_by_object,laceration,foot_lower_leg,days_away,partial
4195,INC-24E543D0,formal_small,surface,drc,38,19.9,operator,excavator_operator,female,2022-01-07,thursday,6.34,morning,3.5,hand_tools,other,hit_by_moving,laceration,foot_lower_leg,permanent_disability,full
4196,INC-486D924F,formal_large,surface,south_africa,33,13.7,operator,welder,male,2020-03-20,sunday,13.35,morning,0.1,hand_tools,other,struck_by_object,multiple,hand_finger,restricted_work,partial
4197,INC-D2172CA6,artisanal,surface,ghana,31,14.8,contractor,mechanic_repairman,male,2021-05-07,tuesday,12.83,morning,2.5,haul_truck,cleaning_clearing,pit_collapse,abrasion,hand_finger,first_aid,none
4198,INC-949583F0,formal_large,surface,other,39,7.5,operator,welder,male,2021-08-09,tuesday,12.58,morning,3.7,mobile_equipment,operating_equipment,vehicle_motion,laceration,hand_finger,days_away,none
4199,INC-D97CE32B,formal_large,surface,ethiopia,35,9.8,operator,truck_operator,male,2024-07-29,tuesday,16.93,evening,5.7,mobile_equipment,directing_equipment,other,laceration,upper_extremity,days_away,full
4200,INC-40ECA7F1,formal_large,surface,zimbabwe,42,24.0,contractor,other,male,2020-02-21,friday,10.96,morning,3.5,mobile_equipment,operating_equipment,other,amputation,foot_lower_leg,first_aid,full
4201,INC-3719358F,artisanal,underground,other,33,17.0,contractor,mechanic_repairman,male,2021-06-16,tuesday,13.44,morning,5.9,none,drilling,other,other,hand_finger,days_away,none
4202,INC-9BB53606,formal_large,surface,other,28,10.0,contractor,laborer,male,2020-11-24,tuesday,12.92,morning,7.3,mobile_equipment,maintenance_repair,other,fracture,torso,temporary_disability,full
4203,INC-5F6A4EB8,artisanal,surface,tanzania,20,4.0,contractor,mechanic_repairman,male,2020-12-10,sunday,10.16,morning,2.1,hand_tools,lifting_lowering,pit_collapse,abrasion,upper_extremity,first_aid,none
4204,INC-B6941C87,artisanal,surface,other,35,7.5,operator,laborer,male,2024-12-05,friday,11.78,morning,4.8,mobile_equipment,directing_equipment,other,other,hand_finger,fatality,none
4205,INC-752A86E1,artisanal,underground,south_africa,24,8.0,contractor,laborer,male,2023-10-23,friday,13.57,morning,0.6,earth_moving,other,hit_by_moving,laceration,torso,days_away,none
4206,INC-0940FA2C,formal_large,surface,drc,49,15.3,operator,excavator_operator,male,2024-09-24,friday,15.16,evening,0.4,mobile_equipment,cleaning_clearing,fall_slip,contusion,upper_extremity,days_away,full
4207,INC-8B83708D,formal_large,surface,other,37,19.0,operator,mechanic_repairman,male,2024-01-22,monday,12.67,morning,4.7,hand_tools,other,other,contusion,foot_lower_leg,days_away,full
4208,INC-8959D728,formal_small,surface,south_africa,46,14.2,operator,mechanic_repairman,male,2024-04-19,thursday,6.79,morning,4.2,mobile_equipment,other,other,laceration,foot_lower_leg,first_aid,none
4209,INC-D45F9E92,formal_large,underground,south_africa,51,33.0,operator,laborer,male,2022-10-25,monday,13.99,morning,9.1,components_parts,other,other,other,foot_lower_leg,days_away,full
4210,INC-C8E32A38,artisanal,underground,drc,35,4.4,operator,blaster,male,2022-08-13,tuesday,12.95,morning,9.6,none,other,other,contusion,multiple,fatality,none
4211,INC-343CDCD4,formal_small,surface,zimbabwe,46,28.0,contractor,mechanic_repairman,male,2021-09-21,saturday,10.76,morning,2.8,mobile_equipment,cleaning_clearing,other,fracture,torso,first_aid,full
4212,INC-D527CEB6,formal_small,surface,south_africa,50,14.7,operator,supervisor,male,2020-05-10,thursday,6.94,morning,9.6,components_parts,other,other,multiple,upper_extremity,temporary_disability,full
4213,INC-B819C5F8,formal_large,surface,ghana,23,5.0,operator,other,female,2024-03-03,friday,10.69,morning,0.5,mobile_equipment,directing_equipment,trapped_between,contusion,hand_finger,first_aid,partial
4214,INC-79948D15,formal_small,surface,ghana,38,20.0,contractor,laborer,male,2021-11-25,friday,12.66,morning,6.2,components_parts,operating_equipment,vehicle_motion,amputation,torso,first_aid,full
4215,INC-2F0ADE00,formal_large,underground,ghana,53,9.2,contractor,other,female,2023-05-08,saturday,14.69,evening,6.8,none,other,other,laceration,hand_finger,days_away,full
4216,INC-1917F7A2,artisanal,underground,other,37,16.3,operator,supervisor,male,2024-10-16,saturday,24.0,night,7.7,none,charging_up,hit_by_moving,contusion,head_face,fatality,none
4217,INC-A25952DD,formal_large,underground,tanzania,47,5.8,operator,other,male,2021-11-26,wednesday,21.57,evening,9.4,none,walking,falling_object,laceration,head_face,days_away,partial
4218,INC-834BCC7C,artisanal,underground,tanzania,28,12.0,operator,driller,male,2020-09-10,friday,1.95,night,10.1,none,other,other,abrasion,multiple,fatality,none
4219,INC-0B3FE9C3,artisanal,surface,south_africa,24,7.3,operator,mechanic_repairman,male,2021-12-16,sunday,11.43,morning,7.1,haul_truck,cleaning_clearing,falling,abrasion,upper_extremity,temporary_disability,none
4220,INC-0A0A6E0C,formal_large,underground,ghana,60,31.7,contractor,laborer,female,2024-10-06,tuesday,22.5,night,11.7,components_parts,other,other,laceration,upper_extremity,days_away,full
4221,INC-AC235D69,formal_large,surface,ghana,59,15.1,contractor,truck_operator,male,2020-01-05,wednesday,7.33,morning,10.1,mobile_equipment,maintenance_repair,vehicle_motion,laceration,hand_finger,fatality,full
4222,INC-B9CA3DCF,formal_large,surface,other,45,14.4,operator,truck_operator,female,2021-04-16,saturday,13.96,morning,6.5,mobile_equipment,other,struck_by_object,burns,hand_finger,fatality,partial
4223,INC-1D458A21,formal_large,surface,other,40,22.0,operator,truck_operator,male,2020-04-15,wednesday,12.0,morning,6.0,mobile_equipment,other,hit_by_moving,fracture,upper_extremity,days_away,none
4224,INC-C4DDE17E,formal_large,surface,ghana,33,11.5,operator,excavator_operator,female,2023-11-05,friday,14.23,evening,5.8,mobile_equipment,operating_equipment,other,fracture,torso,days_away,none
4225,INC-1D4558D5,artisanal,underground,other,41,21.4,operator,blaster,male,2020-09-03,thursday,21.36,evening,5.7,none,drilling,hit_by_moving,fracture,foot_lower_leg,days_away,none
4226,INC-E074C3E6,artisanal,underground,south_africa,36,15.6,operator,blaster,male,2021-05-03,saturday,11.72,morning,0.2,components_parts,other,fall_from_height,abrasion,head_face,days_away,none
4227,INC-A7836F9A,formal_large,underground,ghana,38,14.3,operator,blaster,female,2021-03-27,thursday,12.94,morning,1.8,none,other,other,contusion,hand_finger,days_away,full
4228,INC-13154B92,formal_small,underground,drc,39,9.3,operator,driller,male,2020-03-19,tuesday,13.48,morning,7.2,drill_rig,other,other,contusion,head_face,days_away,full
4229,INC-2B386B0A,formal_large,surface,ghana,37,6.4,operator,mechanic_repairman,male,2024-08-18,friday,15.29,evening,11.3,haul_truck,other,other,laceration,hand_finger,temporary_disability,full
4230,INC-FB3427FB,artisanal,surface,other,31,2.7,operator,mechanic_repairman,male,2021-12-02,thursday,14.37,evening,0.7,mobile_equipment,other,falling,contusion,torso,fatality,none
4231,INC-7029FA99,formal_large,underground,south_africa,34,14.1,operator,laborer,male,2024-02-09,thursday,24.0,night,3.2,rock_drill,other,other,fracture,head_face,days_away,full
4232,INC-40CF1C2A,artisanal,surface,drc,41,19.3,operator,excavator_operator,male,2022-08-10,monday,13.77,morning,5.4,mobile_equipment,maintenance_repair,pit_collapse,contusion,hand_finger,restricted_work,none
4233,INC-7D67EB18,artisanal,underground,south_africa,31,7.3,operator,supervisor,male,2020-03-15,friday,12.46,morning,2.2,none,other,fall_from_height,abrasion,torso,restricted_work,none
4234,INC-89A4A074,formal_large,surface,south_africa,46,11.4,operator,truck_operator,male,2020-12-03,thursday,12.26,morning,11.1,mobile_equipment,operating_equipment,hit_by_moving,amputation,multiple,temporary_disability,partial
4235,INC-39A268C8,formal_large,surface,ghana,59,10.6,operator,laborer,female,2020-01-28,tuesday,17.09,evening,5.3,mobile_equipment,other,trapped_between,multiple,hand_finger,days_away,partial
4236,INC-EAF4E5DB,formal_small,surface,other,51,18.7,contractor,supervisor,male,2021-03-25,thursday,10.93,morning,7.6,mobile_equipment,maintenance_repair,vehicle_motion,multiple,upper_extremity,days_away,full
4237,INC-094B9554,artisanal,surface,ethiopia,26,9.9,operator,laborer,female,2022-12-06,monday,10.8,morning,9.7,mobile_equipment,other,falling,fracture,head_face,first_aid,none
4238,INC-BB848A66,formal_small,underground,ethiopia,39,21.0,contractor,blaster,male,2020-08-15,friday,2.34,night,9.0,components_parts,drilling,other,other,multiple,days_away,none
4239,INC-9F0CD0B8,artisanal,underground,south_africa,23,7.0,operator,other,male,2021-11-18,wednesday,19.61,evening,8.1,none,other,other,other,foot_lower_leg,first_aid,none
4240,INC-2E822E11,artisanal,surface,south_africa,30,11.6,operator,other,male,2020-02-22,thursday,11.28,morning,7.5,light_vehicle,other,falling,fracture,foot_lower_leg,restricted_work,none
4241,INC-4BACC938,artisanal,surface,south_africa,36,18.6,operator,laborer,female,2024-01-04,wednesday,14.0,evening,6.9,mobile_equipment,other,struck_by_object,other,head_face,restricted_work,none
4242,INC-C041B32B,formal_small,surface,drc,52,27.2,operator,supervisor,male,2021-10-05,monday,11.7,morning,6.6,mobile_equipment,directing_equipment,struck_by_object,amputation,hand_finger,first_aid,full
4243,INC-281CA813,formal_small,surface,south_africa,46,26.7,operator,laborer,female,2024-11-11,friday,11.64,morning,5.5,light_vehicle,operating_equipment,struck_by_object,laceration,foot_lower_leg,days_away,full
4244,INC-4C7E1290,artisanal,surface,ghana,40,9.8,operator,supervisor,male,2021-08-19,wednesday,10.18,morning,7.1,mobile_equipment,maintenance_repair,pit_collapse,abrasion,hand_finger,days_away,none
4245,INC-6D934B56,formal_large,surface,ethiopia,42,12.3,operator,truck_operator,male,2022-06-21,friday,12.46,morning,7.1,mobile_equipment,maintenance_repair,trapped_between,burns,head_face,days_away,full
4246,INC-6726A965,artisanal,surface,ethiopia,30,7.0,contractor,welder,male,2022-07-01,saturday,11.93,morning,8.2,components_parts,directing_equipment,struck_by_object,contusion,foot_lower_leg,restricted_work,none
4247,INC-4ADAD2CC,formal_large,surface,ghana,42,17.8,operator,truck_operator,male,2020-11-19,saturday,12.78,morning,3.4,haul_truck,other,fall_slip,fracture,foot_lower_leg,fatality,partial
4248,INC-6EF870F9,formal_large,surface,south_africa,41,13.8,operator,excavator_operator,male,2023-09-11,thursday,14.95,evening,8.9,haul_truck,maintenance_repair,struck_by_object,multiple,hand_finger,fatality,none
4249,INC-51BF99B7,artisanal,underground,ghana,39,3.7,operator,mechanic_repairman,male,2024-06-18,wednesday,11.2,morning,6.0,components_parts,other,other,abrasion,hand_finger,temporary_disability,none
4250,INC-645D3DD6,formal_large,surface,tanzania,49,12.4,operator,truck_operator,male,2024-04-16,thursday,9.78,morning,1.6,mobile_equipment,operating_equipment,struck_by_object,contusion,hand_finger,days_away,partial
4251,INC-92C8A5ED,formal_large,surface,south_africa,44,12.8,operator,other,male,2022-02-09,thursday,12.42,morning,5.6,mobile_equipment,maintenance_repair,struck_by_object,laceration,foot_lower_leg,restricted_work,none
4252,INC-F6A56F5C,formal_large,underground,tanzania,36,10.1,operator,other,male,2023-10-31,thursday,11.85,morning,4.5,components_parts,other,struck_by_rock,contusion,torso,fatality,full
4253,INC-E6F542A9,formal_small,underground,south_africa,35,17.0,operator,driller,male,2022-01-31,wednesday,20.31,evening,6.3,components_parts,walking,hit_by_moving,laceration,multiple,days_away,none
4254,INC-58174775,artisanal,underground,other,29,5.4,operator,supervisor,male,2020-09-22,wednesday,13.81,morning,3.7,none,drilling,fall_from_height,abrasion,foot_lower_leg,days_away,none
4255,INC-65C28CB1,formal_large,surface,other,45,27.0,operator,laborer,male,2023-07-09,wednesday,15.37,evening,3.9,mobile_equipment,other,other,amputation,hand_finger,restricted_work,partial
4256,INC-9EEE308C,formal_large,surface,south_africa,47,13.7,contractor,truck_operator,male,2022-01-14,wednesday,12.21,morning,6.1,light_vehicle,other,other,multiple,hand_finger,days_away,partial
4257,INC-936519D9,formal_small,underground,zimbabwe,40,12.9,operator,driller,male,2021-11-06,tuesday,12.27,morning,2.2,earth_moving,drilling,fall_from_height,laceration,torso,days_away,none
4258,INC-573C40B4,artisanal,surface,ghana,25,9.0,operator,welder,female,2020-05-15,tuesday,13.68,morning,0.7,mobile_equipment,other,other,fracture,multiple,days_away,none
4259,INC-0F8A3ACD,formal_large,surface,drc,32,5.7,operator,supervisor,male,2021-03-04,sunday,16.42,evening,11.5,haul_truck,operating_equipment,vehicle_motion,multiple,multiple,first_aid,full
4260,INC-02AD5F3A,artisanal,underground,zimbabwe,21,5.0,operator,other,male,2022-01-28,wednesday,14.21,evening,6.5,earth_moving,walking,struck_by_rock,other,head_face,days_away,none
4261,INC-E5DC7B78,artisanal,surface,ethiopia,27,5.9,operator,supervisor,male,2023-09-16,monday,9.72,morning,8.4,mobile_equipment,other,pit_collapse,fracture,hand_finger,permanent_disability,none
4262,INC-D9C34AA8,formal_large,underground,south_africa,54,24.6,operator,laborer,female,2021-12-23,thursday,10.49,morning,4.1,none,barring_scaling,falling_object,fracture,hand_finger,days_away,full
4263,INC-C685067E,artisanal,underground,south_africa,21,5.0,operator,other,male,2020-12-05,friday,12.0,morning,6.5,earth_moving,other,other,other,multiple,restricted_work,none
4264,INC-53391E38,artisanal,surface,tanzania,44,5.1,operator,laborer,male,2021-12-27,wednesday,13.56,morning,11.3,mobile_equipment,cleaning_clearing,struck_by_object,contusion,head_face,restricted_work,none
4265,INC-DB72B29F,formal_small,underground,ethiopia,52,4.9,contractor,mechanic_repairman,male,2020-03-12,monday,2.84,night,7.3,none,charging_up,other,laceration,head_face,days_away,full
4266,INC-3AFBFCC5,formal_small,surface,drc,24,6.0,operator,mechanic_repairman,female,2022-04-20,tuesday,8.24,morning,6.4,mobile_equipment,other,other,fracture,torso,permanent_disability,full
4267,INC-A36B6EB7,artisanal,underground,drc,33,1.6,operator,driller,male,2022-06-27,thursday,11.11,morning,0.2,components_parts,charging_up,fall_from_height,contusion,upper_extremity,days_away,none
4268,INC-0489CDAD,artisanal,underground,ethiopia,30,2.4,operator,supervisor,male,2023-07-08,thursday,12.78,morning,3.7,components_parts,drilling,hit_by_moving,other,upper_extremity,days_away,none
4269,INC-11832D46,artisanal,underground,zimbabwe,42,15.8,operator,mechanic_repairman,male,2020-03-02,thursday,23.17,night,2.0,none,other,fall_from_height,laceration,torso,fatality,none
4270,INC-8688B267,artisanal,surface,other,21,1.7,contractor,other,male,2023-02-28,monday,13.9,morning,0.8,mobile_equipment,other,pit_collapse,contusion,head_face,days_away,none
4271,INC-7365BAB1,formal_small,underground,drc,55,11.8,operator,driller,male,2023-12-15,friday,13.53,morning,9.8,none,drilling,struck_by_rock,laceration,head_face,days_away,full
4272,INC-66F9032A,artisanal,underground,other,29,12.4,operator,laborer,male,2024-01-17,saturday,13.02,morning,5.8,none,other,other,contusion,torso,first_aid,none
4273,INC-E03DB414,artisanal,surface,other,44,9.3,operator,other,male,2024-11-19,tuesday,11.5,morning,1.5,mobile_equipment,maintenance_repair,falling,contusion,hand_finger,days_away,none
4274,INC-AAB95A84,formal_large,surface,ghana,41,16.0,operator,other,male,2023-05-22,thursday,10.38,morning,3.7,hand_tools,operating_equipment,trapped_between,laceration,multiple,restricted_work,full
4275,INC-32C9C21A,formal_large,surface,tanzania,44,19.8,operator,laborer,male,2024-09-28,friday,13.87,morning,8.0,haul_truck,other,other,multiple,multiple,days_away,full
4276,INC-1992D168,formal_small,underground,tanzania,53,19.2,operator,other,male,2021-09-15,tuesday,13.63,morning,3.8,rock_drill,walking,struck_by_rock,fracture,foot_lower_leg,temporary_disability,full
4277,INC-4EA1063A,artisanal,surface,south_africa,29,13.0,operator,mechanic_repairman,male,2020-09-28,saturday,15.11,evening,6.5,mobile_equipment,other,falling,fracture,multiple,days_away,none
4278,INC-3804C2D2,formal_large,surface,ethiopia,58,29.0,operator,other,male,2020-01-01,friday,6.9,morning,0.8,none,cleaning_clearing,trapped_between,burns,hand_finger,days_away,full
4279,INC-98A31B72,artisanal,underground,ghana,47,8.6,operator,supervisor,male,2024-08-28,saturday,0.82,night,7.2,none,other,other,abrasion,torso,fatality,none
4280,INC-2F17B6E0,formal_large,underground,zimbabwe,52,5.1,operator,laborer,male,2020-08-04,saturday,0.97,night,10.6,drill_rig,drilling,fall_from_height,multiple,multiple,permanent_disability,none
4281,INC-469A0DF8,formal_small,underground,south_africa,45,27.0,contractor,blaster,male,2020-07-23,wednesday,10.83,morning,4.9,earth_moving,other,other,other,multiple,fatality,none
4282,INC-4E745DF1,artisanal,surface,tanzania,36,10.8,operator,mechanic_repairman,male,2023-09-02,saturday,11.81,morning,8.6,mobile_equipment,operating_equipment,struck_by_object,other,upper_extremity,fatality,none
4283,INC-16EBA8C1,formal_large,surface,tanzania,29,11.0,operator,mechanic_repairman,male,2021-10-09,friday,15.07,evening,4.8,mobile_equipment,operating_equipment,other,laceration,hand_finger,restricted_work,full
4284,INC-9647B83D,artisanal,surface,zimbabwe,39,9.1,operator,laborer,male,2022-07-27,tuesday,13.28,morning,7.7,mobile_equipment,operating_equipment,other,abrasion,torso,days_away,none
4285,INC-7DD97810,formal_large,surface,south_africa,23,5.0,operator,welder,female,2020-06-02,saturday,10.59,morning,7.7,mobile_equipment,maintenance_repair,struck_by_object,fracture,hand_finger,days_away,full
4286,INC-5A0A98E4,artisanal,underground,ethiopia,40,10.0,operator,driller,female,2022-02-13,friday,3.67,night,4.5,none,barring_scaling,other,laceration,upper_extremity,fatality,none
4287,INC-F1C691C0,formal_large,surface,south_africa,51,18.5,contractor,supervisor,male,2024-02-11,thursday,11.47,morning,11.2,mobile_equipment,operating_equipment,struck_by_object,contusion,torso,fatality,full
4288,INC-4343F4C8,artisanal,surface,ghana,30,7.7,contractor,laborer,male,2022-11-14,friday,9.89,morning,2.0,light_vehicle,maintenance_repair,struck_by_object,abrasion,multiple,temporary_disability,none
4289,INC-77EE5103,artisanal,surface,ghana,27,10.9,operator,mechanic_repairman,male,2021-02-12,monday,11.23,morning,7.9,mobile_equipment,operating_equipment,pit_collapse,abrasion,hand_finger,fatality,none
4290,INC-938D9672,formal_large,surface,other,55,8.0,contractor,laborer,male,2020-10-04,thursday,11.27,morning,6.9,mobile_equipment,operating_equipment,fall_slip,multiple,upper_extremity,restricted_work,full
4291,INC-799EC50A,formal_large,underground,ghana,35,17.0,operator,supervisor,male,2023-04-29,thursday,11.44,morning,5.2,rock_drill,charging_up,hit_by_moving,contusion,hand_finger,days_away,none
4292,INC-4368D8D1,formal_large,underground,ethiopia,40,22.0,operator,blaster,male,2023-07-04,friday,10.97,morning,4.9,none,walking,other,laceration,multiple,temporary_disability,partial
4293,INC-ADACBDCC,formal_small,surface,other,37,19.0,contractor,other,male,2023-10-24,wednesday,12.41,morning,3.2,mobile_equipment,maintenance_repair,other,multiple,foot_lower_leg,days_away,none
4294,INC-CB7915C6,artisanal,surface,ghana,29,6.4,operator,other,male,2020-08-12,wednesday,12.97,morning,2.9,hand_tools,lifting_lowering,other,abrasion,hand_finger,days_away,none
4295,INC-5E55587C,formal_small,surface,other,37,17.5,operator,mechanic_repairman,female,2021-11-26,friday,10.46,morning,6.6,none,other,other,fracture,foot_lower_leg,days_away,partial
4296,INC-41172C0A,formal_small,surface,south_africa,53,16.4,contractor,truck_operator,male,2020-04-24,saturday,12.72,morning,4.4,mobile_equipment,other,trapped_between,laceration,upper_extremity,temporary_disability,full
4297,INC-9FA9B1CB,formal_small,underground,ghana,45,20.0,operator,laborer,male,2023-12-12,friday,20.72,evening,6.8,earth_moving,other,other,laceration,torso,fatality,full
4298,INC-EF92A9E8,formal_small,surface,south_africa,40,22.0,operator,mechanic_repairman,male,2021-04-06,saturday,17.06,evening,8.4,mobile_equipment,lifting_lowering,struck_by_object,multiple,hand_finger,fatality,partial
4299,INC-3971641B,artisanal,surface,ethiopia,23,7.0,contractor,supervisor,male,2021-08-17,saturday,14.14,evening,2.6,haul_truck,maintenance_repair,pit_collapse,fracture,multiple,days_away,none
4300,INC-EF1DB12F,formal_small,underground,other,65,14.3,contractor,supervisor,male,2022-10-31,sunday,3.27,night,7.3,none,walking,hit_by_moving,laceration,foot_lower_leg,temporary_disability,full
4301,INC-CD20EF89,artisanal,surface,tanzania,30,8.5,operator,laborer,male,2020-09-27,saturday,7.48,morning,6.0,components_parts,operating_equipment,struck_by_object,abrasion,foot_lower_leg,days_away,none
4302,INC-4764CB93,artisanal,surface,ethiopia,30,13.5,operator,welder,male,2023-11-10,saturday,17.2,evening,10.1,mobile_equipment,lifting_lowering,pit_collapse,other,head_face,days_away,none
4303,INC-606B9400,formal_small,surface,ghana,29,11.0,contractor,truck_operator,male,2022-04-19,friday,14.58,evening,7.3,mobile_equipment,other,vehicle_motion,laceration,torso,temporary_disability,full
4304,INC-3CF669A0,formal_large,surface,other,48,30.0,operator,supervisor,male,2022-10-18,friday,9.93,morning,8.4,components_parts,operating_equipment,other,burns,hand_finger,restricted_work,full
4305,INC-B974B6F6,formal_large,surface,zimbabwe,33,15.0,contractor,supervisor,male,2023-07-21,tuesday,11.07,morning,6.7,mobile_equipment,other,hit_by_moving,fracture,multiple,restricted_work,none
4306,INC-0E1DC520,formal_small,underground,ghana,41,23.0,operator,driller,female,2023-04-20,wednesday,11.61,morning,6.3,drill_rig,other,struck_by_rock,laceration,torso,days_away,partial
4307,INC-C7E71B5A,formal_large,underground,other,44,16.2,operator,driller,male,2020-03-13,friday,11.42,morning,11.4,none,other,fall_from_height,laceration,hand_finger,first_aid,none
4308,INC-05EC9D2B,artisanal,surface,ghana,42,4.5,operator,welder,male,2020-06-28,sunday,13.57,morning,3.3,haul_truck,other,other,abrasion,upper_extremity,days_away,none
4309,INC-0F02A6A8,artisanal,surface,ghana,34,6.0,operator,mechanic_repairman,male,2024-01-12,thursday,13.5,morning,10.4,mobile_equipment,other,other,abrasion,foot_lower_leg,days_away,none
4310,INC-C8E972B0,formal_small,surface,south_africa,51,9.2,operator,welder,male,2024-05-24,wednesday,15.61,evening,5.7,mobile_equipment,other,other,multiple,hand_finger,temporary_disability,full
4311,INC-20B37291,artisanal,surface,south_africa,47,2.4,operator,other,male,2021-04-11,thursday,10.72,morning,10.2,mobile_equipment,operating_equipment,struck_by_object,abrasion,hand_finger,restricted_work,none
4312,INC-2332B9E2,formal_large,surface,drc,40,21.7,contractor,excavator_operator,female,2020-02-09,saturday,10.47,morning,3.3,haul_truck,directing_equipment,struck_by_object,multiple,head_face,restricted_work,full
4313,INC-344FCD56,artisanal,surface,zimbabwe,18,2.0,operator,supervisor,male,2023-05-28,friday,11.14,morning,2.4,haul_truck,operating_equipment,pit_collapse,abrasion,hand_finger,temporary_disability,none
4314,INC-D21E698F,formal_large,surface,other,39,21.0,operator,truck_operator,female,2024-12-02,tuesday,14.18,evening,2.0,mobile_equipment,other,vehicle_motion,burns,upper_extremity,days_away,partial
4315,INC-18D814F3,artisanal,underground,south_africa,22,6.0,operator,laborer,male,2020-07-27,monday,11.22,morning,3.3,none,other,other,abrasion,upper_extremity,days_away,none
4316,INC-4E48C5D2,artisanal,underground,ethiopia,28,5.3,operator,supervisor,male,2020-06-14,saturday,12.88,morning,3.1,earth_moving,other,falling_object,other,upper_extremity,days_away,none
4317,INC-ABA55E16,artisanal,surface,tanzania,41,7.9,operator,truck_operator,male,2021-12-12,thursday,16.0,evening,0.8,mobile_equipment,maintenance_repair,pit_collapse,other,head_face,days_away,none
4318,INC-B4EDFF53,artisanal,underground,ethiopia,30,3.6,contractor,laborer,male,2023-01-29,tuesday,14.44,evening,2.0,earth_moving,drilling,fall_from_height,laceration,foot_lower_leg,days_away,none
4319,INC-FBD2636B,formal_small,surface,zimbabwe,40,17.5,operator,mechanic_repairman,male,2022-04-29,friday,12.0,morning,2.4,components_parts,other,other,contusion,hand_finger,days_away,partial
4320,INC-6C977988,artisanal,underground,ethiopia,20,4.0,operator,driller,male,2022-05-06,wednesday,13.55,morning,6.6,none,other,falling_object,abrasion,multiple,fatality,none
4321,INC-747A7EBD,formal_small,surface,tanzania,32,14.0,operator,truck_operator,male,2022-05-05,friday,13.47,morning,7.9,haul_truck,other,hit_by_moving,laceration,foot_lower_leg,days_away,none
4322,INC-A6698E03,artisanal,surface,other,29,13.0,operator,mechanic_repairman,male,2024-12-10,tuesday,12.15,morning,3.9,mobile_equipment,operating_equipment,pit_collapse,fracture,hand_finger,days_away,none
4323,INC-289A8650,formal_large,surface,ghana,49,28.9,operator,excavator_operator,female,2021-05-13,friday,13.7,morning,4.5,mobile_equipment,operating_equipment,other,laceration,hand_finger,first_aid,full
4324,INC-9E1D0F75,formal_large,surface,zimbabwe,45,18.5,operator,truck_operator,male,2020-06-25,friday,11.64,morning,4.7,mobile_equipment,maintenance_repair,other,laceration,hand_finger,days_away,full
4325,INC-7A9EA724,formal_small,surface,ethiopia,47,27.7,operator,other,male,2022-08-24,wednesday,13.23,morning,1.9,mobile_equipment,lifting_lowering,struck_by_object,burns,hand_finger,fatality,full
4326,INC-5270964B,formal_large,surface,ghana,42,9.8,contractor,truck_operator,male,2022-05-21,wednesday,10.53,morning,1.1,mobile_equipment,maintenance_repair,struck_by_object,laceration,hand_finger,fatality,partial
4327,INC-D80F7441,artisanal,surface,south_africa,22,6.0,operator,mechanic_repairman,male,2021-05-21,thursday,11.47,morning,6.7,mobile_equipment,directing_equipment,falling,contusion,foot_lower_leg,first_aid,none
4328,INC-411ACF1F,artisanal,surface,other,21,5.0,operator,mechanic_repairman,male,2024-10-30,friday,14.76,evening,7.9,mobile_equipment,directing_equipment,falling,other,upper_extremity,days_away,none
4329,INC-95D60CB8,artisanal,surface,south_africa,44,2.0,operator,truck_operator,female,2020-10-31,sunday,9.67,morning,0.8,hand_tools,maintenance_repair,pit_collapse,other,hand_finger,restricted_work,none
4330,INC-937CDF34,formal_large,surface,south_africa,41,16.6,operator,laborer,male,2020-09-03,sunday,12.1,morning,6.0,haul_truck,other,fall_slip,contusion,hand_finger,restricted_work,full
4331,INC-FD71C8C2,artisanal,surface,ethiopia,28,12.0,contractor,laborer,male,2020-08-31,friday,11.47,morning,3.7,mobile_equipment,other,struck_by_object,abrasion,multiple,days_away,none
4332,INC-7CD02901,formal_large,surface,south_africa,54,23.0,operator,laborer,male,2024-09-13,thursday,14.26,evening,5.6,mobile_equipment,other,other,fracture,head_face,temporary_disability,none
4333,INC-477BAE23,formal_small,surface,south_africa,52,18.3,operator,other,male,2024-06-21,monday,13.17,morning,7.8,haul_truck,maintenance_repair,trapped_between,fracture,torso,permanent_disability,partial
4334,INC-A9673921,artisanal,surface,south_africa,32,4.1,operator,truck_operator,male,2024-10-11,friday,11.69,morning,5.1,mobile_equipment,other,falling,other,hand_finger,days_away,none
4335,INC-97471690,formal_large,underground,south_africa,56,10.4,operator,laborer,male,2020-08-26,friday,11.65,morning,5.3,drill_rig,other,other,laceration,head_face,first_aid,partial
4336,INC-BE0A2980,formal_large,surface,ghana,46,27.7,operator,welder,male,2020-02-14,thursday,12.52,morning,9.1,mobile_equipment,other,trapped_between,multiple,foot_lower_leg,temporary_disability,partial
4337,INC-879320C2,formal_large,surface,drc,55,22.8,operator,mechanic_repairman,male,2021-12-22,friday,12.79,morning,5.7,mobile_equipment,other,struck_by_object,multiple,hand_finger,restricted_work,full
4338,INC-F49F93A7,formal_small,surface,ghana,39,20.1,operator,mechanic_repairman,male,2022-05-19,sunday,14.17,evening,6.1,mobile_equipment,operating_equipment,vehicle_motion,laceration,foot_lower_leg,first_aid,partial
4339,INC-C4A78BC8,artisanal,surface,ghana,30,14.0,contractor,truck_operator,male,2021-04-04,tuesday,12.15,morning,4.2,mobile_equipment,directing_equipment,falling,fracture,multiple,temporary_disability,none
4340,INC-56F8F3D1,formal_large,surface,ethiopia,41,23.0,operator,laborer,male,2023-01-29,wednesday,10.41,morning,2.2,mobile_equipment,lifting_lowering,struck_by_object,fracture,foot_lower_leg,temporary_disability,full
4341,INC-21751AA6,formal_large,surface,ghana,54,28.0,operator,other,male,2023-01-29,friday,16.49,evening,10.0,hand_tools,other,trapped_between,contusion,hand_finger,first_aid,full
4342,INC-4494408A,formal_small,underground,ghana,51,4.0,operator,supervisor,male,2023-05-15,thursday,10.82,morning,5.6,components_parts,other,other,laceration,multiple,permanent_disability,none
4343,INC-F0D1A738,formal_large,surface,ghana,40,20.3,operator,truck_operator,male,2021-09-23,wednesday,13.01,morning,6.3,haul_truck,maintenance_repair,other,multiple,upper_extremity,days_away,full
4344,INC-2953C76C,artisanal,surface,ghana,29,2.4,operator,truck_operator,male,2020-02-27,tuesday,14.35,evening,8.1,mobile_equipment,lifting_lowering,struck_by_object,other,upper_extremity,permanent_disability,none
4345,INC-8A660856,artisanal,surface,ghana,24,3.5,operator,other,male,2021-06-06,friday,9.78,morning,4.5,mobile_equipment,cleaning_clearing,pit_collapse,fracture,torso,temporary_disability,none
4346,INC-D3033B50,artisanal,surface,south_africa,28,2.9,contractor,supervisor,male,2020-11-08,monday,12.38,morning,1.0,haul_truck,other,struck_by_object,laceration,hand_finger,first_aid,none
4347,INC-3E4BD3B5,artisanal,underground,other,33,4.0,operator,driller,male,2024-11-04,thursday,20.38,evening,5.8,earth_moving,other,other,fracture,hand_finger,permanent_disability,none
4348,INC-D4DAC1C2,formal_small,surface,other,33,15.0,operator,laborer,male,2024-03-14,wednesday,10.17,morning,9.9,mobile_equipment,other,other,laceration,foot_lower_leg,fatality,none
4349,INC-596F2823,artisanal,surface,other,40,24.0,operator,truck_operator,male,2024-12-25,sunday,11.59,morning,8.9,haul_truck,other,falling,abrasion,torso,temporary_disability,none
4350,INC-55BAFDCE,formal_large,underground,south_africa,41,15.4,operator,blaster,male,2023-10-07,wednesday,10.64,morning,5.2,none,other,fall_from_height,multiple,hand_finger,permanent_disability,full
4351,INC-A8F3EAB4,formal_large,surface,drc,36,5.1,operator,truck_operator,female,2020-08-30,thursday,12.14,morning,11.6,mobile_equipment,other,vehicle_motion,amputation,upper_extremity,temporary_disability,full
4352,INC-5FC8F7C9,artisanal,surface,ethiopia,37,7.0,operator,laborer,male,2022-04-08,monday,11.01,morning,4.4,components_parts,operating_equipment,falling,fracture,upper_extremity,first_aid,none
4353,INC-8A774631,formal_large,underground,south_africa,59,12.1,contractor,laborer,male,2023-06-19,thursday,10.31,morning,7.7,none,walking,struck_by_rock,other,multiple,fatality,full
4354,INC-36D9EC8E,artisanal,surface,other,22,6.0,operator,mechanic_repairman,male,2020-04-30,saturday,12.46,morning,5.4,none,other,struck_by_object,abrasion,hand_finger,days_away,none
4355,INC-7AAEBBA2,artisanal,surface,drc,37,3.3,contractor,excavator_operator,male,2024-06-12,tuesday,10.55,morning,1.7,mobile_equipment,other,pit_collapse,laceration,multiple,days_away,none
4356,INC-27DA8DB7,artisanal,underground,south_africa,34,4.5,contractor,other,male,2024-03-27,friday,12.0,morning,0.1,none,other,other,abrasion,head_face,days_away,none
4357,INC-075420FB,formal_large,surface,other,50,4.4,operator,mechanic_repairman,male,2024-11-07,wednesday,12.72,morning,6.0,mobile_equipment,operating_equipment,vehicle_motion,amputation,upper_extremity,restricted_work,full
4358,INC-876C62D3,formal_small,surface,south_africa,35,17.0,operator,laborer,male,2021-06-30,sunday,12.0,morning,0.0,components_parts,directing_equipment,other,fracture,head_face,temporary_disability,partial
4359,INC-6C2E05F9,artisanal,surface,zimbabwe,26,10.0,operator,excavator_operator,female,2021-06-28,friday,12.6,morning,6.1,components_parts,maintenance_repair,pit_collapse,laceration,multiple,fatality,none
4360,INC-568D1C3E,formal_large,surface,south_africa,33,15.0,operator,mechanic_repairman,female,2023-02-23,wednesday,10.9,morning,9.1,mobile_equipment,maintenance_repair,other,fracture,foot_lower_leg,days_away,full
4361,INC-12E6B1BC,formal_small,surface,south_africa,35,17.0,operator,welder,male,2023-12-03,friday,12.44,morning,10.0,haul_truck,cleaning_clearing,other,amputation,multiple,permanent_disability,none
4362,INC-CEBB5FE1,artisanal,surface,other,32,7.2,operator,mechanic_repairman,female,2021-05-09,thursday,10.97,morning,1.4,components_parts,lifting_lowering,falling,other,hand_finger,temporary_disability,none
4363,INC-55E094D3,artisanal,surface,ethiopia,34,8.8,operator,supervisor,male,2021-08-21,saturday,12.98,morning,8.0,mobile_equipment,cleaning_clearing,pit_collapse,fracture,hand_finger,temporary_disability,none
4364,INC-38881BDC,artisanal,underground,ghana,31,10.5,contractor,other,male,2021-09-26,saturday,14.23,evening,4.7,none,other,fall_from_height,abrasion,hand_finger,restricted_work,none
4365,INC-B9025A0C,formal_large,surface,drc,37,10.3,contractor,other,female,2023-02-09,friday,6.22,morning,2.8,light_vehicle,maintenance_repair,trapped_between,laceration,upper_extremity,first_aid,none
4366,INC-8C868127,formal_small,underground,other,41,5.5,contractor,blaster,female,2020-07-15,thursday,0.14,night,6.3,components_parts,other,other,contusion,hand_finger,permanent_disability,full
4367,INC-80C27A08,formal_small,underground,other,53,14.8,operator,mechanic_repairman,male,2022-07-25,friday,9.71,morning,2.9,none,other,other,multiple,torso,temporary_disability,full
4368,INC-982FD8AD,formal_large,underground,other,33,13.7,contractor,mechanic_repairman,male,2021-03-17,thursday,10.82,morning,5.0,none,other,hit_by_moving,laceration,multiple,days_away,full
4369,INC-0454B7D2,formal_small,underground,other,64,20.8,operator,blaster,male,2023-07-15,saturday,3.28,night,6.4,earth_moving,other,other,multiple,multiple,days_away,full
4370,INC-E189231C,formal_large,underground,ethiopia,34,15.2,operator,driller,male,2023-09-18,friday,20.66,evening,4.5,none,drilling,other,contusion,hand_finger,restricted_work,full
4371,INC-A0C67E92,formal_large,surface,ghana,29,11.0,contractor,truck_operator,male,2024-07-24,friday,10.76,morning,11.0,hand_tools,other,other,burns,head_face,restricted_work,full
4372,INC-CB1E3192,formal_small,surface,other,59,30.8,contractor,mechanic_repairman,male,2021-10-21,tuesday,13.26,morning,8.6,mobile_equipment,operating_equipment,other,burns,hand_finger,days_away,full
4373,INC-131A5EC1,formal_large,underground,south_africa,55,37.0,operator,laborer,female,2020-07-24,thursday,24.0,night,7.2,none,drilling,other,laceration,upper_extremity,days_away,full
4374,INC-9C4A146A,formal_small,surface,south_africa,41,18.4,operator,other,male,2021-02-27,wednesday,11.68,morning,7.5,mobile_equipment,other,other,multiple,upper_extremity,temporary_disability,full
4375,INC-E14D952E,formal_large,surface,ghana,46,20.6,operator,other,male,2021-02-10,monday,11.34,morning,7.9,light_vehicle,operating_equipment,other,laceration,multiple,temporary_disability,full
4376,INC-095A9596,artisanal,underground,ghana,34,18.0,operator,other,male,2020-01-06,thursday,12.04,morning,7.6,none,other,other,contusion,head_face,first_aid,none
4377,INC-0F6F425E,formal_large,surface,ethiopia,46,28.0,operator,supervisor,male,2022-12-05,friday,10.8,morning,6.7,mobile_equipment,other,other,laceration,multiple,days_away,full
4378,INC-69721CDE,artisanal,surface,other,24,0.7,operator,truck_operator,male,2023-04-16,friday,15.58,evening,0.0,components_parts,cleaning_clearing,pit_collapse,fracture,head_face,days_away,none
4379,INC-CEFD5F1B,formal_large,surface,zimbabwe,44,14.6,contractor,mechanic_repairman,male,2021-10-14,wednesday,10.58,morning,4.6,haul_truck,maintenance_repair,fall_slip,fracture,upper_extremity,fatality,full
4380,INC-1D6AE77C,formal_small,surface,ethiopia,30,12.0,operator,other,female,2021-06-04,tuesday,11.46,morning,4.3,components_parts,directing_equipment,hit_by_moving,multiple,hand_finger,first_aid,full
4381,INC-87E8D565,formal_large,surface,ghana,19,1.0,operator,welder,male,2022-10-15,thursday,10.85,morning,12.0,components_parts,maintenance_repair,other,fracture,foot_lower_leg,temporary_disability,full
4382,INC-05D6B365,formal_large,surface,tanzania,34,16.0,operator,truck_operator,female,2020-10-06,monday,11.93,morning,2.7,mobile_equipment,maintenance_repair,struck_by_object,burns,upper_extremity,temporary_disability,full
4383,INC-6A79880C,formal_small,underground,south_africa,60,8.6,operator,driller,female,2023-11-30,tuesday,14.29,evening,4.3,components_parts,other,other,other,multiple,days_away,full
4384,INC-DD70CF85,artisanal,surface,south_africa,44,15.8,operator,supervisor,male,2021-03-02,saturday,13.22,morning,9.2,none,other,struck_by_object,abrasion,upper_extremity,restricted_work,none
4385,INC-B0AF13D1,artisanal,surface,ethiopia,18,2.0,operator,laborer,male,2023-07-01,saturday,12.58,morning,7.4,haul_truck,lifting_lowering,struck_by_object,laceration,foot_lower_leg,first_aid,none
4386,INC-3FF6FC35,formal_large,underground,zimbabwe,60,13.4,operator,supervisor,male,2023-05-16,saturday,3.76,night,3.0,components_parts,charging_up,other,contusion,multiple,days_away,partial
4387,INC-01DC67E9,formal_large,underground,ghana,40,20.8,operator,driller,female,2023-10-31,wednesday,24.0,night,10.7,components_parts,other,other,multiple,head_face,days_away,full
4388,INC-C7FD5004,artisanal,surface,ghana,34,11.3,operator,mechanic_repairman,male,2022-09-05,friday,10.97,morning,0.9,mobile_equipment,other,pit_collapse,abrasion,upper_extremity,restricted_work,none
4389,INC-3B46E0CC,formal_small,surface,south_africa,33,15.0,contractor,other,male,2020-10-21,sunday,11.83,morning,7.1,mobile_equipment,cleaning_clearing,hit_by_moving,laceration,hand_finger,temporary_disability,full
4390,INC-B27B0E15,formal_large,surface,tanzania,45,26.4,operator,excavator_operator,female,2020-03-18,friday,14.08,evening,4.9,components_parts,other,vehicle_motion,multiple,hand_finger,days_away,partial
4391,INC-E396D369,artisanal,underground,ghana,33,6.3,operator,supervisor,male,2020-02-25,tuesday,2.88,night,11.8,rock_drill,other,other,laceration,head_face,temporary_disability,none
4392,INC-2B60B5C1,formal_small,surface,ghana,47,9.5,operator,mechanic_repairman,female,2020-09-10,thursday,13.12,morning,4.9,mobile_equipment,maintenance_repair,other,laceration,foot_lower_leg,first_aid,full
4393,INC-B6468D80,artisanal,surface,other,35,9.6,operator,mechanic_repairman,female,2024-05-10,friday,14.48,evening,11.0,mobile_equipment,other,falling,laceration,hand_finger,days_away,none
4394,INC-5D761ED4,formal_small,underground,tanzania,48,20.4,operator,blaster,male,2020-07-15,thursday,13.46,morning,4.4,none,drilling,other,laceration,upper_extremity,days_away,full
4395,INC-E7AB3DDA,formal_small,surface,south_africa,18,0.0,contractor,excavator_operator,female,2022-04-04,monday,9.88,morning,0.6,components_parts,operating_equipment,vehicle_motion,fracture,multiple,fatality,partial
4396,INC-33654701,formal_large,surface,tanzania,65,15.6,operator,laborer,male,2022-06-08,tuesday,14.39,evening,2.8,hand_tools,maintenance_repair,fall_slip,fracture,multiple,permanent_disability,full
4397,INC-6B56A79F,artisanal,underground,south_africa,25,3.2,operator,supervisor,male,2023-03-06,friday,12.0,morning,2.3,earth_moving,other,other,contusion,torso,days_away,none
4398,INC-22BC1EDC,formal_large,underground,south_africa,53,18.7,operator,blaster,male,2020-08-10,thursday,11.3,morning,7.9,earth_moving,walking,struck_by_rock,multiple,multiple,temporary_disability,full
4399,INC-40FC78F4,artisanal,surface,tanzania,38,1.4,contractor,mechanic_repairman,male,2020-05-13,friday,14.67,evening,5.0,haul_truck,lifting_lowering,other,laceration,head_face,days_away,none
4400,INC-9728C992,artisanal,surface,south_africa,30,8.8,operator,excavator_operator,male,2024-03-22,monday,11.41,morning,1.6,mobile_equipment,other,other,abrasion,upper_extremity,days_away,none
4401,INC-42DED1FA,artisanal,surface,ghana,22,0.4,operator,welder,male,2023-07-16,saturday,11.21,morning,9.4,hand_tools,other,falling,abrasion,foot_lower_leg,days_away,none
4402,INC-2AB50B0D,formal_large,surface,other,41,17.3,operator,welder,male,2023-01-18,tuesday,17.98,evening,7.4,mobile_equipment,operating_equipment,other,multiple,torso,temporary_disability,full
4403,INC-E34ACAD4,formal_large,surface,tanzania,36,18.0,contractor,other,male,2020-07-04,thursday,13.83,morning,2.3,mobile_equipment,directing_equipment,struck_by_object,burns,hand_finger,days_away,full
4404,INC-F7C65AE6,formal_small,underground,other,52,18.8,operator,other,male,2023-07-11,wednesday,22.11,night,7.1,none,other,fall_from_height,laceration,hand_finger,days_away,full
4405,INC-FE63C583,formal_small,surface,other,47,24.5,contractor,truck_operator,male,2023-12-08,thursday,15.63,evening,7.2,mobile_equipment,cleaning_clearing,other,fracture,torso,fatality,full
4406,INC-A6106B5D,artisanal,surface,ghana,23,5.2,contractor,other,female,2024-03-23,tuesday,12.83,morning,3.2,components_parts,operating_equipment,other,abrasion,hand_finger,permanent_disability,none
4407,INC-425AC29C,formal_small,surface,ethiopia,43,20.9,operator,truck_operator,male,2020-04-20,wednesday,13.05,morning,11.7,haul_truck,maintenance_repair,other,multiple,hand_finger,temporary_disability,partial
4408,INC-5047633B,artisanal,underground,ghana,31,3.5,operator,driller,male,2022-10-26,wednesday,14.4,evening,0.4,drill_rig,other,falling_object,laceration,multiple,days_away,none
4409,INC-F381301F,formal_large,surface,tanzania,47,18.2,contractor,mechanic_repairman,male,2020-05-31,thursday,13.65,morning,2.0,mobile_equipment,other,fall_slip,amputation,multiple,restricted_work,full
4410,INC-C6118340,formal_small,surface,ghana,41,23.0,operator,mechanic_repairman,female,2021-09-03,monday,12.4,morning,6.5,components_parts,directing_equipment,other,fracture,torso,days_away,full
4411,INC-9448702E,formal_large,surface,south_africa,46,19.9,operator,other,male,2021-09-18,tuesday,12.08,morning,4.9,haul_truck,lifting_lowering,trapped_between,multiple,head_face,days_away,partial
4412,INC-86710E28,artisanal,surface,south_africa,19,3.0,operator,mechanic_repairman,male,2020-09-06,monday,12.06,morning,4.9,hand_tools,cleaning_clearing,other,other,hand_finger,days_away,none
4413,INC-017003EB,formal_large,underground,drc,49,19.1,operator,laborer,male,2021-01-22,wednesday,11.51,morning,1.1,none,other,fall_from_height,laceration,foot_lower_leg,days_away,none
4414,INC-5F71271D,formal_large,underground,south_africa,46,16.4,operator,other,male,2024-09-02,thursday,21.8,evening,1.1,drill_rig,drilling,hit_by_moving,contusion,head_face,days_away,full
4415,INC-728F6BF2,artisanal,surface,ethiopia,43,6.7,operator,mechanic_repairman,male,2024-12-02,thursday,10.38,morning,7.7,none,lifting_lowering,pit_collapse,fracture,hand_finger,permanent_disability,none
4416,INC-B1FB7381,formal_small,surface,other,45,14.6,operator,truck_operator,male,2022-08-01,saturday,12.05,morning,8.9,mobile_equipment,maintenance_repair,struck_by_object,fracture,multiple,days_away,full
4417,INC-4099C26C,formal_large,underground,tanzania,56,13.5,operator,mechanic_repairman,male,2022-04-04,sunday,0.02,night,6.2,rock_drill,drilling,other,laceration,torso,days_away,none
4418,INC-D98EC53C,formal_large,surface,ghana,27,9.0,operator,laborer,male,2024-11-11,saturday,8.64,morning,3.1,mobile_equipment,other,other,contusion,head_face,days_away,partial
4419,INC-1E206A64,formal_small,underground,south_africa,35,17.0,operator,supervisor,male,2022-05-06,saturday,12.48,morning,10.5,none,drilling,hit_by_moving,contusion,upper_extremity,days_away,full
4420,INC-EBCFE297,formal_large,surface,other,43,25.0,operator,truck_operator,male,2022-03-01,wednesday,12.99,morning,11.0,mobile_equipment,other,vehicle_motion,laceration,upper_extremity,fatality,full
4421,INC-A0DD9B11,formal_large,surface,ethiopia,36,8.0,operator,mechanic_repairman,male,2020-03-25,friday,11.78,morning,2.6,mobile_equipment,maintenance_repair,other,amputation,multiple,permanent_disability,partial
4422,INC-FA1810DE,artisanal,surface,ghana,38,2.8,contractor,excavator_operator,male,2020-09-16,sunday,14.3,evening,3.6,light_vehicle,other,pit_collapse,laceration,upper_extremity,days_away,none
4423,INC-C4D0E1C5,formal_large,surface,other,39,21.0,contractor,other,male,2022-06-16,thursday,9.89,morning,1.5,mobile_equipment,cleaning_clearing,other,laceration,foot_lower_leg,days_away,full
4424,INC-8C5E442D,formal_small,surface,south_africa,55,9.7,operator,other,male,2021-07-28,sunday,13.47,morning,6.7,components_parts,other,struck_by_object,amputation,head_face,first_aid,full
4425,INC-5916400F,formal_small,underground,ghana,41,18.0,operator,other,male,2020-04-26,thursday,11.1,morning,2.0,none,charging_up,fall_from_height,fracture,head_face,days_away,full
4426,INC-FA50EEFB,formal_large,surface,south_africa,25,7.0,operator,other,male,2023-08-29,friday,12.0,morning,6.1,components_parts,lifting_lowering,vehicle_motion,contusion,head_face,first_aid,full
4427,INC-CD92C417,formal_large,surface,south_africa,38,10.9,operator,truck_operator,male,2023-02-20,tuesday,11.94,morning,5.4,components_parts,operating_equipment,struck_by_object,laceration,foot_lower_leg,days_away,partial
4428,INC-ADE58CB3,formal_large,surface,ghana,43,9.5,contractor,mechanic_repairman,male,2020-04-20,thursday,11.25,morning,6.8,hand_tools,cleaning_clearing,other,burns,hand_finger,fatality,none
4429,INC-93A66826,formal_large,underground,tanzania,43,17.0,contractor,supervisor,male,2024-11-27,wednesday,22.68,night,0.6,components_parts,walking,hit_by_moving,multiple,multiple,days_away,full
4430,INC-2706EBB2,formal_large,surface,ghana,48,24.8,contractor,mechanic_repairman,male,2021-04-05,sunday,13.13,morning,7.4,mobile_equipment,maintenance_repair,struck_by_object,laceration,upper_extremity,days_away,none
4431,INC-2E30A308,artisanal,surface,tanzania,43,10.9,operator,other,male,2021-08-24,tuesday,11.78,morning,4.9,haul_truck,maintenance_repair,pit_collapse,other,multiple,days_away,none
4432,INC-6B3CA9BA,artisanal,surface,drc,42,17.1,operator,supervisor,female,2020-11-14,monday,10.99,morning,9.4,mobile_equipment,maintenance_repair,pit_collapse,laceration,hand_finger,days_away,none
4433,INC-2BAEF946,formal_small,surface,other,47,28.2,operator,laborer,male,2024-01-15,wednesday,14.0,evening,3.4,mobile_equipment,other,vehicle_motion,laceration,foot_lower_leg,days_away,none
4434,INC-A31783D6,formal_small,underground,south_africa,41,8.8,operator,driller,male,2024-10-06,thursday,13.14,morning,4.7,components_parts,other,falling_object,multiple,torso,days_away,full
4435,INC-474468BD,formal_small,surface,drc,31,13.0,operator,welder,male,2024-10-29,monday,16.34,evening,4.3,mobile_equipment,other,struck_by_object,multiple,multiple,permanent_disability,full
4436,INC-A5D464EB,artisanal,surface,south_africa,28,3.1,contractor,welder,female,2020-06-27,monday,10.03,morning,7.6,hand_tools,maintenance_repair,falling,contusion,foot_lower_leg,fatality,none
4437,INC-A51A13EA,formal_large,underground,tanzania,38,6.5,contractor,driller,male,2024-11-02,friday,12.93,morning,6.7,none,drilling,falling_object,multiple,hand_finger,fatality,partial
4438,INC-01564DD6,formal_large,surface,ghana,37,11.0,contractor,welder,male,2020-04-11,thursday,17.56,evening,2.5,mobile_equipment,maintenance_repair,trapped_between,multiple,foot_lower_leg,first_aid,full
4439,INC-06D5E2B3,formal_large,surface,tanzania,40,22.0,operator,truck_operator,female,2023-09-24,friday,11.41,morning,3.6,mobile_equipment,lifting_lowering,other,fracture,upper_extremity,fatality,full
4440,INC-569831E0,formal_large,surface,south_africa,49,21.6,operator,welder,female,2023-04-11,tuesday,11.33,morning,6.8,haul_truck,other,struck_by_object,amputation,multiple,first_aid,partial
4441,INC-80315F0A,formal_large,underground,ethiopia,46,11.6,operator,other,male,2024-05-07,thursday,0.49,night,4.2,none,charging_up,hit_by_moving,multiple,head_face,fatality,none
4442,INC-40F0C563,artisanal,underground,south_africa,24,3.0,operator,driller,male,2022-09-02,monday,12.06,morning,5.6,none,walking,other,abrasion,torso,days_away,none
4443,INC-FCCB6960,artisanal,surface,south_africa,18,2.0,operator,mechanic_repairman,male,2021-10-03,saturday,11.42,morning,2.5,light_vehicle,maintenance_repair,struck_by_object,laceration,upper_extremity,days_away,none
4444,INC-73D5ED65,formal_large,underground,ethiopia,50,30.5,operator,blaster,male,2023-04-20,monday,13.43,morning,0.5,components_parts,drilling,hit_by_moving,laceration,multiple,days_away,full
4445,INC-C2EBB3B7,formal_small,surface,ghana,39,12.5,operator,mechanic_repairman,male,2022-12-02,sunday,10.49,morning,4.2,haul_truck,operating_equipment,hit_by_moving,multiple,torso,first_aid,partial
4446,INC-56F07F7E,formal_small,surface,tanzania,57,17.8,operator,mechanic_repairman,male,2020-11-29,thursday,11.73,morning,6.8,haul_truck,lifting_lowering,other,multiple,hand_finger,days_away,partial
4447,INC-8B00F120,formal_small,surface,tanzania,49,5.7,contractor,other,female,2023-04-25,sunday,14.38,evening,5.4,light_vehicle,maintenance_repair,hit_by_moving,multiple,torso,temporary_disability,full
4448,INC-D83D767F,formal_small,surface,ethiopia,44,11.6,operator,other,male,2023-06-10,friday,10.38,morning,2.3,mobile_equipment,lifting_lowering,hit_by_moving,fracture,torso,days_away,full
4449,INC-38FDEC2F,formal_large,surface,tanzania,48,20.6,operator,supervisor,male,2021-01-31,monday,17.76,evening,7.9,hand_tools,other,hit_by_moving,laceration,multiple,days_away,none
4450,INC-F3096A5E,artisanal,underground,drc,27,1.4,operator,laborer,male,2023-03-06,thursday,2.43,night,6.9,none,charging_up,other,fracture,foot_lower_leg,restricted_work,none
4451,INC-B1D81130,artisanal,surface,other,43,7.5,operator,other,male,2021-07-26,monday,11.78,morning,4.6,mobile_equipment,other,pit_collapse,fracture,head_face,fatality,none
4452,INC-48AE5811,artisanal,underground,south_africa,25,9.0,operator,mechanic_repairman,male,2022-08-19,thursday,22.09,night,3.8,rock_drill,other,hit_by_moving,contusion,multiple,fatality,none
4453,INC-76547B97,artisanal,surface,ethiopia,29,3.0,operator,mechanic_repairman,male,2021-10-21,thursday,15.4,evening,0.7,mobile_equipment,lifting_lowering,struck_by_object,fracture,upper_extremity,restricted_work,none
4454,INC-E6E7D110,formal_small,surface,tanzania,36,18.0,operator,mechanic_repairman,male,2023-04-30,sunday,14.95,evening,1.3,light_vehicle,cleaning_clearing,other,multiple,hand_finger,temporary_disability,full
4455,INC-AA7D7FBA,formal_large,surface,south_africa,22,4.0,contractor,mechanic_repairman,male,2020-04-29,monday,11.66,morning,4.7,mobile_equipment,other,other,contusion,upper_extremity,temporary_disability,full
4456,INC-9FC789E5,formal_large,surface,ghana,37,16.9,operator,mechanic_repairman,male,2020-12-19,friday,13.63,morning,2.6,mobile_equipment,other,vehicle_motion,amputation,head_face,first_aid,full
4457,INC-0CE93610,formal_small,surface,ghana,50,25.8,operator,supervisor,male,2022-04-13,saturday,11.26,morning,2.3,mobile_equipment,lifting_lowering,other,laceration,foot_lower_leg,permanent_disability,full
4458,INC-2AC5E5F5,formal_large,surface,ethiopia,43,16.2,contractor,mechanic_repairman,male,2023-05-15,sunday,7.51,morning,11.3,mobile_equipment,other,struck_by_object,burns,head_face,first_aid,full
4459,INC-97ACA5E2,artisanal,underground,ghana,26,10.0,contractor,laborer,female,2023-12-01,sunday,11.67,morning,9.9,rock_drill,other,fall_from_height,other,hand_finger,permanent_disability,none
4460,INC-A58313B1,formal_small,underground,tanzania,41,22.3,contractor,supervisor,male,2020-12-09,tuesday,10.93,morning,11.4,none,other,struck_by_rock,contusion,multiple,fatality,full
4461,INC-60D84304,formal_small,surface,ethiopia,34,13.3,contractor,other,male,2023-04-01,sunday,13.98,morning,4.5,hand_tools,cleaning_clearing,other,laceration,head_face,restricted_work,full
4462,INC-2ADADC30,formal_large,surface,tanzania,24,6.0,operator,laborer,female,2024-12-07,monday,11.43,morning,5.0,components_parts,cleaning_clearing,hit_by_moving,laceration,hand_finger,first_aid,none
4463,INC-BDF16CBC,artisanal,surface,ghana,33,5.6,operator,mechanic_repairman,male,2023-02-15,monday,13.83,morning,0.7,haul_truck,directing_equipment,pit_collapse,other,head_face,first_aid,none
4464,INC-8A4686F0,formal_large,underground,drc,56,5.4,operator,laborer,male,2020-04-04,friday,21.76,evening,7.9,none,barring_scaling,other,laceration,foot_lower_leg,temporary_disability,full
4465,INC-92A523B1,formal_large,surface,tanzania,41,13.8,operator,supervisor,female,2023-01-11,tuesday,13.08,morning,0.6,mobile_equipment,cleaning_clearing,struck_by_object,laceration,hand_finger,temporary_disability,full
4466,INC-80FFD253,formal_large,surface,south_africa,38,18.8,operator,supervisor,male,2021-11-23,wednesday,8.92,morning,8.9,mobile_equipment,operating_equipment,other,amputation,torso,restricted_work,full
4467,INC-E2AAB69B,artisanal,surface,south_africa,39,6.2,operator,excavator_operator,male,2020-02-11,saturday,12.95,morning,11.6,mobile_equipment,other,pit_collapse,laceration,hand_finger,fatality,none
4468,INC-42A8F061,artisanal,surface,ghana,20,4.0,operator,mechanic_repairman,male,2022-01-23,friday,12.08,morning,7.9,mobile_equipment,other,pit_collapse,fracture,hand_finger,fatality,none
4469,INC-3EAADA6F,formal_large,surface,other,36,17.2,contractor,truck_operator,male,2020-01-07,sunday,11.67,morning,0.6,components_parts,lifting_lowering,struck_by_object,burns,upper_extremity,restricted_work,full
4470,INC-5A4C8C88,artisanal,surface,ghana,21,5.0,operator,excavator_operator,female,2020-08-01,thursday,11.92,morning,5.1,mobile_equipment,other,pit_collapse,contusion,torso,restricted_work,none
4471,INC-8721D9CC,formal_large,surface,south_africa,54,13.3,operator,laborer,male,2020-11-04,thursday,9.53,morning,5.0,mobile_equipment,operating_equipment,struck_by_object,fracture,multiple,temporary_disability,full
4472,INC-EED92A67,artisanal,surface,south_africa,41,8.3,operator,truck_operator,female,2021-02-14,wednesday,12.54,morning,5.0,components_parts,other,struck_by_object,laceration,hand_finger,days_away,none
4473,INC-608DCDDE,formal_large,surface,south_africa,51,10.3,operator,other,male,2024-07-25,thursday,13.75,morning,10.1,mobile_equipment,operating_equipment,trapped_between,amputation,upper_extremity,days_away,partial
4474,INC-9C90C65D,formal_small,surface,ghana,33,15.0,operator,truck_operator,female,2021-03-28,friday,11.54,morning,2.1,mobile_equipment,maintenance_repair,struck_by_object,laceration,head_face,temporary_disability,full
4475,INC-5D4C0D4F,artisanal,underground,drc,35,5.9,operator,driller,male,2024-04-14,saturday,13.51,morning,3.6,earth_moving,other,other,abrasion,hand_finger,days_away,none
4476,INC-6BA6B99A,formal_small,surface,zimbabwe,54,16.9,operator,other,male,2020-10-26,friday,17.14,evening,2.0,mobile_equipment,lifting_lowering,trapped_between,fracture,hand_finger,restricted_work,none
4477,INC-EE45E95A,formal_large,underground,drc,41,21.2,operator,driller,male,2022-11-19,wednesday,20.82,evening,1.6,components_parts,other,other,fracture,torso,days_away,none
4478,INC-E090ADA2,artisanal,surface,south_africa,28,4.1,operator,mechanic_repairman,male,2021-08-29,friday,13.39,morning,6.0,mobile_equipment,maintenance_repair,pit_collapse,other,head_face,permanent_disability,none
4479,INC-F8C31D5F,artisanal,underground,zimbabwe,42,9.2,operator,driller,male,2021-12-04,tuesday,10.44,morning,9.7,none,other,fall_from_height,fracture,multiple,days_away,none
4480,INC-175006CC,formal_small,underground,drc,37,12.3,operator,blaster,male,2022-08-07,wednesday,13.21,morning,0.8,earth_moving,other,fall_from_height,multiple,torso,days_away,partial
4481,INC-69255090,artisanal,surface,tanzania,21,5.0,operator,other,male,2024-10-25,saturday,14.34,evening,5.9,mobile_equipment,operating_equipment,other,abrasion,multiple,days_away,none
4482,INC-105C2F38,artisanal,underground,other,37,6.3,operator,driller,male,2023-06-20,thursday,10.1,morning,3.5,none,other,other,fracture,upper_extremity,days_away,none
4483,INC-3C1F3E92,formal_large,surface,ghana,40,22.0,operator,mechanic_repairman,male,2020-04-30,monday,12.05,morning,5.8,mobile_equipment,operating_equipment,other,laceration,upper_extremity,first_aid,partial
4484,INC-E360B71A,artisanal,underground,zimbabwe,30,8.1,operator,mechanic_repairman,male,2024-08-27,monday,5.32,night,4.3,earth_moving,charging_up,other,abrasion,foot_lower_leg,temporary_disability,none
4485,INC-0FCBCEE1,formal_large,surface,tanzania,35,9.4,operator,supervisor,male,2020-06-26,tuesday,10.89,morning,3.9,mobile_equipment,lifting_lowering,struck_by_object,fracture,multiple,days_away,full
4486,INC-6766D14F,artisanal,surface,south_africa,35,2.1,operator,other,male,2022-05-12,friday,13.71,morning,2.8,components_parts,lifting_lowering,other,laceration,head_face,temporary_disability,none
4487,INC-C7A0CFFF,formal_large,surface,drc,30,7.5,operator,truck_operator,male,2023-02-07,thursday,15.37,evening,5.0,mobile_equipment,other,vehicle_motion,laceration,hand_finger,permanent_disability,full
4488,INC-7A5E96FB,formal_large,underground,ghana,50,32.0,operator,driller,male,2022-09-30,saturday,10.71,morning,5.8,none,other,struck_by_rock,fracture,torso,days_away,full
4489,INC-B4F061EF,formal_small,underground,south_africa,40,9.8,contractor,supervisor,male,2022-09-26,friday,20.58,evening,2.1,none,other,other,laceration,multiple,days_away,full
4490,INC-E5DC664C,formal_small,surface,drc,48,19.2,operator,mechanic_repairman,male,2023-07-14,monday,12.0,morning,3.7,haul_truck,maintenance_repair,fall_slip,amputation,torso,days_away,partial
4491,INC-6710D6BA,artisanal,underground,tanzania,18,2.0,operator,driller,male,2024-11-26,friday,1.69,night,2.1,drill_rig,other,other,fracture,foot_lower_leg,days_away,none
4492,INC-660C5A9C,artisanal,underground,other,28,12.0,operator,blaster,male,2021-02-04,friday,10.71,morning,4.9,components_parts,other,fall_from_height,contusion,head_face,first_aid,none
4493,INC-C69778E8,formal_large,surface,other,45,15.3,operator,other,female,2024-01-05,monday,11.69,morning,1.4,haul_truck,cleaning_clearing,trapped_between,laceration,hand_finger,first_aid,full
4494,INC-18287438,formal_large,surface,ghana,48,30.0,contractor,other,male,2020-01-13,sunday,13.33,morning,6.5,mobile_equipment,maintenance_repair,fall_slip,laceration,multiple,temporary_disability,full
4495,INC-C0D8ACA4,formal_small,surface,ethiopia,23,5.0,operator,supervisor,male,2024-09-09,saturday,14.0,evening,0.7,haul_truck,other,struck_by_object,laceration,multiple,days_away,none
4496,INC-3CDE7B66,formal_small,surface,other,34,7.7,contractor,truck_operator,male,2021-12-26,wednesday,13.72,morning,4.6,mobile_equipment,other,trapped_between,multiple,hand_finger,days_away,none
4497,INC-FD5B6B54,formal_small,surface,south_africa,48,30.0,operator,mechanic_repairman,male,2023-08-10,friday,14.71,evening,5.4,mobile_equipment,other,other,laceration,hand_finger,days_away,partial
4498,INC-31B2644D,artisanal,underground,zimbabwe,35,2.7,operator,other,male,2021-04-06,tuesday,3.41,night,7.0,none,drilling,hit_by_moving,laceration,hand_finger,temporary_disability,none
4499,INC-7853B9A4,artisanal,surface,other,30,9.8,operator,welder,male,2024-08-19,tuesday,11.0,morning,6.4,mobile_equipment,lifting_lowering,pit_collapse,abrasion,multiple,days_away,none
4500,INC-845554F6,formal_large,surface,south_africa,30,12.0,operator,laborer,female,2022-08-22,monday,14.08,evening,8.9,mobile_equipment,other,fall_slip,contusion,upper_extremity,first_aid,full
4501,INC-C76081D3,formal_small,surface,other,46,14.4,contractor,mechanic_repairman,male,2023-06-08,wednesday,12.52,morning,8.4,mobile_equipment,cleaning_clearing,struck_by_object,fracture,multiple,first_aid,full
4502,INC-B89D1664,artisanal,surface,zimbabwe,39,5.1,operator,mechanic_repairman,male,2021-02-15,wednesday,11.74,morning,7.6,mobile_equipment,operating_equipment,other,contusion,hand_finger,restricted_work,none
4503,INC-E33F0FAB,formal_small,surface,other,29,9.4,operator,other,male,2022-08-17,sunday,12.19,morning,5.2,mobile_equipment,other,struck_by_object,amputation,head_face,days_away,full
4504,INC-483ABE23,formal_large,surface,ethiopia,43,19.8,operator,laborer,male,2023-10-23,monday,11.87,morning,4.0,components_parts,maintenance_repair,other,laceration,head_face,days_away,partial
4505,INC-E108D0F6,formal_small,surface,tanzania,58,20.4,operator,laborer,female,2022-11-25,friday,7.46,morning,9.2,mobile_equipment,directing_equipment,struck_by_object,fracture,upper_extremity,first_aid,full
4506,INC-0A38D0F9,formal_small,surface,drc,50,6.0,operator,other,female,2020-11-13,saturday,12.43,morning,9.6,mobile_equipment,other,hit_by_moving,amputation,hand_finger,fatality,full
4507,INC-1AAB5A6D,formal_large,surface,south_africa,25,7.0,operator,excavator_operator,male,2024-07-03,monday,11.63,morning,0.6,haul_truck,operating_equipment,vehicle_motion,fracture,hand_finger,first_aid,full
4508,INC-A764E864,artisanal,underground,ethiopia,39,1.9,operator,supervisor,male,2021-03-18,friday,22.24,night,1.8,none,drilling,other,fracture,head_face,days_away,none
4509,INC-7B754799,formal_large,surface,other,51,27.3,contractor,truck_operator,male,2020-07-10,friday,12.71,morning,6.0,mobile_equipment,operating_equipment,vehicle_motion,fracture,hand_finger,fatality,full
4510,INC-8FD5349E,formal_small,surface,other,60,18.6,contractor,other,male,2023-03-03,wednesday,9.74,morning,4.9,light_vehicle,maintenance_repair,struck_by_object,laceration,upper_extremity,fatality,partial
4511,INC-A805165D,formal_small,surface,other,65,17.1,operator,other,male,2022-10-29,tuesday,10.89,morning,10.4,components_parts,lifting_lowering,vehicle_motion,multiple,hand_finger,days_away,none
4512,INC-ADA773E5,artisanal,surface,ethiopia,24,5.6,operator,mechanic_repairman,male,2022-04-25,tuesday,13.45,morning,10.9,mobile_equipment,other,struck_by_object,fracture,hand_finger,permanent_disability,none
4513,INC-13757802,formal_large,underground,ethiopia,47,16.1,operator,laborer,male,2021-12-17,thursday,11.47,morning,1.6,none,other,other,laceration,upper_extremity,days_away,full
4514,INC-7EBD3651,formal_large,surface,ethiopia,30,11.5,operator,truck_operator,male,2020-01-26,saturday,11.26,morning,4.5,none,lifting_lowering,vehicle_motion,fracture,hand_finger,days_away,partial
4515,INC-508C7EB5,formal_large,underground,ethiopia,47,29.0,operator,blaster,male,2023-04-25,monday,1.53,night,8.2,drill_rig,other,hit_by_moving,contusion,hand_finger,days_away,full
4516,INC-FC30370B,formal_small,underground,ethiopia,58,14.8,contractor,driller,female,2021-01-29,wednesday,5.05,night,4.1,earth_moving,other,other,fracture,torso,fatality,full
4517,INC-775892DD,formal_large,surface,south_africa,41,19.8,operator,truck_operator,male,2023-01-07,thursday,11.31,morning,0.8,mobile_equipment,operating_equipment,hit_by_moving,multiple,multiple,first_aid,full
4518,INC-6D345C83,artisanal,surface,south_africa,36,20.0,operator,mechanic_repairman,male,2024-06-30,monday,10.83,morning,6.3,components_parts,cleaning_clearing,falling,laceration,hand_finger,restricted_work,none
4519,INC-9056DCDB,formal_large,surface,ethiopia,52,8.4,operator,mechanic_repairman,male,2021-12-30,thursday,9.77,morning,2.0,mobile_equipment,other,trapped_between,amputation,head_face,days_away,none
4520,INC-FFDD53CB,formal_large,underground,ghana,35,16.8,operator,supervisor,male,2022-11-01,thursday,11.86,morning,5.5,components_parts,other,other,laceration,upper_extremity,fatality,full
4521,INC-B2BDCE6A,formal_small,surface,ghana,46,22.8,contractor,mechanic_repairman,male,2023-06-12,saturday,14.29,evening,11.8,components_parts,other,other,multiple,hand_finger,temporary_disability,partial
4522,INC-8CE035DD,artisanal,surface,south_africa,23,7.0,contractor,laborer,male,2022-11-28,friday,14.02,evening,9.0,mobile_equipment,operating_equipment,pit_collapse,abrasion,hand_finger,days_away,none
4523,INC-E34134CC,artisanal,surface,drc,31,9.0,operator,mechanic_repairman,male,2022-09-05,sunday,17.15,evening,5.3,haul_truck,other,falling,fracture,upper_extremity,temporary_disability,none
4524,INC-35A3E16B,artisanal,surface,other,35,2.9,operator,other,male,2022-04-09,friday,13.62,morning,2.9,components_parts,other,other,contusion,multiple,first_aid,none
4525,INC-84F3BB15,formal_small,surface,ethiopia,19,1.0,contractor,excavator_operator,female,2020-12-08,tuesday,14.14,evening,5.5,none,other,other,laceration,head_face,fatality,full
4526,INC-00EE8164,artisanal,surface,other,24,8.0,operator,truck_operator,female,2023-05-10,monday,12.38,morning,2.5,light_vehicle,other,pit_collapse,abrasion,multiple,days_away,none
4527,INC-BB218EFA,artisanal,surface,other,36,18.7,operator,supervisor,male,2023-03-11,thursday,8.47,morning,7.1,mobile_equipment,other,other,fracture,multiple,days_away,none
4528,INC-7DD0C1EE,formal_large,underground,south_africa,33,14.8,operator,supervisor,male,2022-01-29,thursday,2.56,night,4.9,none,charging_up,falling_object,laceration,torso,restricted_work,partial
4529,INC-9A538403,formal_small,surface,south_africa,42,17.7,operator,laborer,male,2020-02-18,thursday,10.39,morning,6.0,light_vehicle,operating_equipment,other,multiple,upper_extremity,temporary_disability,none
4530,INC-52609ED4,artisanal,surface,south_africa,27,11.0,operator,supervisor,male,2020-01-25,friday,13.76,morning,8.0,haul_truck,directing_equipment,struck_by_object,abrasion,torso,days_away,none
4531,INC-4ACDD05D,formal_large,surface,south_africa,39,21.0,operator,other,male,2024-02-11,friday,12.64,morning,3.1,mobile_equipment,directing_equipment,other,burns,hand_finger,first_aid,partial
4532,INC-BD1C04E8,artisanal,underground,ethiopia,26,10.0,operator,laborer,male,2020-07-21,tuesday,13.7,morning,4.2,drill_rig,other,other,contusion,multiple,days_away,none
4533,INC-841353FC,formal_small,surface,ghana,30,12.0,operator,supervisor,male,2024-07-13,wednesday,10.83,morning,10.7,light_vehicle,operating_equipment,struck_by_object,multiple,hand_finger,days_away,full
4534,INC-B5ED0865,formal_small,underground,other,38,20.0,operator,driller,female,2020-04-11,thursday,0.68,night,11.2,earth_moving,walking,hit_by_moving,contusion,upper_extremity,days_away,full
4535,INC-023D66C6,formal_large,surface,ethiopia,46,28.0,operator,supervisor,male,2020-05-22,sunday,12.25,morning,6.6,components_parts,maintenance_repair,other,laceration,foot_lower_leg,first_aid,full
4536,INC-4387CD01,artisanal,underground,ghana,35,3.8,operator,other,male,2021-02-01,sunday,13.61,morning,9.7,earth_moving,other,struck_by_rock,other,multiple,days_away,none
4537,INC-B01E45A2,artisanal,surface,other,24,3.1,operator,laborer,female,2021-04-13,thursday,12.72,morning,6.7,components_parts,other,pit_collapse,laceration,head_face,permanent_disability,none
4538,INC-4621A1E6,formal_large,underground,other,42,13.2,operator,laborer,male,2021-07-30,wednesday,21.71,evening,5.7,rock_drill,other,struck_by_rock,laceration,upper_extremity,first_aid,full
4539,INC-7E0DE604,formal_small,surface,drc,43,25.0,operator,truck_operator,male,2020-08-19,friday,14.27,evening,7.2,mobile_equipment,other,hit_by_moving,fracture,torso,days_away,full
4540,INC-4A0361F8,formal_large,underground,drc,49,5.9,contractor,supervisor,male,2020-07-21,tuesday,1.28,night,3.2,components_parts,drilling,struck_by_rock,other,hand_finger,fatality,none
4541,INC-15217DAD,formal_large,underground,other,39,15.3,operator,other,male,2023-11-10,thursday,23.7,night,9.8,earth_moving,walking,fall_from_height,laceration,foot_lower_leg,days_away,full
4542,INC-01F42A7C,artisanal,surface,ethiopia,24,1.2,contractor,laborer,male,2024-08-24,thursday,10.93,morning,6.7,mobile_equipment,maintenance_repair,falling,abrasion,upper_extremity,first_aid,none
4543,INC-592119FD,formal_small,surface,other,55,7.3,contractor,excavator_operator,male,2020-05-09,friday,10.46,morning,0.5,hand_tools,other,struck_by_object,multiple,upper_extremity,fatality,partial
4544,INC-E40A5868,formal_small,surface,south_africa,33,15.0,operator,other,male,2023-01-29,sunday,14.1,evening,4.0,mobile_equipment,other,hit_by_moving,fracture,head_face,fatality,full
4545,INC-2F265FDC,formal_large,surface,ethiopia,61,14.6,operator,welder,male,2022-09-15,tuesday,14.44,evening,6.8,haul_truck,operating_equipment,struck_by_object,amputation,torso,first_aid,none
4546,INC-93CB5C67,artisanal,surface,zimbabwe,38,3.4,operator,mechanic_repairman,female,2023-06-09,thursday,13.06,morning,4.5,mobile_equipment,other,pit_collapse,laceration,foot_lower_leg,first_aid,none
4547,INC-01AC7FCA,formal_large,surface,south_africa,53,9.1,operator,welder,male,2021-12-09,friday,12.61,morning,6.2,mobile_equipment,other,vehicle_motion,amputation,hand_finger,temporary_disability,partial
4548,INC-4163704A,artisanal,surface,south_africa,31,9.5,operator,welder,male,2021-02-16,saturday,6.78,morning,4.7,hand_tools,other,struck_by_object,fracture,foot_lower_leg,temporary_disability,none
4549,INC-BD067B56,formal_large,surface,south_africa,39,21.0,operator,welder,male,2023-10-03,friday,10.69,morning,4.3,light_vehicle,maintenance_repair,other,contusion,upper_extremity,days_away,none
4550,INC-4DD211B5,formal_large,underground,ghana,40,9.8,operator,driller,female,2023-03-29,thursday,11.57,morning,5.7,earth_moving,other,struck_by_rock,fracture,multiple,first_aid,partial
4551,INC-663222C6,artisanal,surface,south_africa,20,3.3,operator,excavator_operator,female,2023-03-13,tuesday,12.61,morning,0.7,haul_truck,cleaning_clearing,pit_collapse,abrasion,foot_lower_leg,days_away,none
4552,INC-0FE485A3,formal_large,surface,ghana,44,24.8,operator,other,male,2020-09-28,friday,14.23,evening,3.0,mobile_equipment,maintenance_repair,struck_by_object,amputation,hand_finger,fatality,full
4553,INC-EA85A15B,artisanal,surface,drc,36,15.4,operator,truck_operator,female,2022-09-20,friday,12.67,morning,2.3,mobile_equipment,other,falling,abrasion,multiple,days_away,none
4554,INC-EA332BF7,formal_large,surface,ethiopia,48,20.1,operator,other,female,2024-08-22,monday,12.99,morning,4.4,haul_truck,cleaning_clearing,struck_by_object,amputation,torso,days_away,full
4555,INC-7B68B624,artisanal,surface,tanzania,27,11.0,operator,supervisor,male,2022-07-08,friday,11.18,morning,4.0,mobile_equipment,other,pit_collapse,abrasion,multiple,fatality,none
4556,INC-E2225E4D,artisanal,surface,south_africa,20,4.0,operator,mechanic_repairman,male,2024-06-19,thursday,12.0,morning,8.2,mobile_equipment,other,other,other,hand_finger,temporary_disability,none
4557,INC-7A2A1D0E,artisanal,surface,drc,18,1.6,operator,truck_operator,female,2023-11-16,wednesday,11.84,morning,2.1,components_parts,maintenance_repair,pit_collapse,laceration,upper_extremity,fatality,none
4558,INC-E280AD54,formal_large,surface,south_africa,53,16.0,operator,other,male,2021-12-02,tuesday,17.02,evening,7.9,light_vehicle,other,struck_by_object,fracture,multiple,temporary_disability,full
4559,INC-B0EDCC1D,artisanal,surface,ghana,37,9.0,operator,supervisor,male,2022-05-21,friday,11.75,morning,3.6,light_vehicle,lifting_lowering,falling,fracture,multiple,days_away,none
4560,INC-612B5F96,artisanal,surface,zimbabwe,24,8.0,contractor,mechanic_repairman,female,2021-07-14,monday,10.18,morning,7.5,hand_tools,other,pit_collapse,fracture,torso,fatality,none
4561,INC-CE07E76A,formal_large,surface,other,30,12.0,operator,excavator_operator,female,2022-02-05,wednesday,11.97,morning,4.7,mobile_equipment,maintenance_repair,struck_by_object,fracture,upper_extremity,permanent_disability,full
4562,INC-575442CB,formal_large,surface,other,47,10.8,contractor,truck_operator,male,2020-12-06,friday,12.29,morning,4.6,mobile_equipment,operating_equipment,other,laceration,torso,restricted_work,full
4563,INC-86ED7F21,artisanal,surface,drc,22,6.0,operator,laborer,male,2020-02-16,tuesday,11.67,morning,5.4,mobile_equipment,cleaning_clearing,falling,abrasion,torso,days_away,none
4564,INC-66F59218,formal_large,surface,tanzania,22,4.0,operator,mechanic_repairman,female,2023-08-30,monday,11.7,morning,3.2,mobile_equipment,other,struck_by_object,laceration,multiple,first_aid,partial
4565,INC-AE2C4108,artisanal,surface,zimbabwe,35,2.0,operator,truck_operator,male,2021-05-05,sunday,14.93,evening,0.2,mobile_equipment,maintenance_repair,pit_collapse,contusion,torso,permanent_disability,none
4566,INC-B1B5F63A,artisanal,surface,tanzania,36,8.2,operator,truck_operator,male,2024-06-23,friday,13.75,morning,4.5,components_parts,lifting_lowering,struck_by_object,abrasion,foot_lower_leg,restricted_work,none
4567,INC-B2E3F8B6,formal_large,underground,south_africa,41,9.4,operator,laborer,female,2021-11-06,saturday,21.11,evening,5.4,drill_rig,other,fall_from_height,fracture,multiple,days_away,none
4568,INC-95EEE115,formal_small,surface,ghana,56,38.0,contractor,excavator_operator,male,2023-03-26,wednesday,13.71,morning,9.6,components_parts,maintenance_repair,vehicle_motion,laceration,hand_finger,fatality,full
4569,INC-D0E510D4,formal_small,surface,other,29,11.0,operator,truck_operator,male,2022-11-22,tuesday,13.32,morning,2.5,mobile_equipment,operating_equipment,other,laceration,foot_lower_leg,days_away,full
4570,INC-D1EA765A,formal_large,surface,other,27,9.0,operator,laborer,male,2021-04-12,monday,6.14,morning,2.0,mobile_equipment,directing_equipment,struck_by_object,laceration,foot_lower_leg,days_away,full
4571,INC-66A11007,artisanal,surface,ghana,25,1.9,operator,supervisor,female,2023-05-14,friday,13.6,morning,6.8,haul_truck,operating_equipment,pit_collapse,other,hand_finger,restricted_work,none
4572,INC-A8213BDE,formal_large,surface,south_africa,45,27.0,operator,laborer,male,2022-03-22,wednesday,10.47,morning,5.0,mobile_equipment,operating_equipment,struck_by_object,fracture,upper_extremity,days_away,partial
4573,INC-A9B03F45,formal_small,underground,south_africa,56,14.2,operator,supervisor,male,2024-10-23,thursday,1.16,night,1.7,none,barring_scaling,other,contusion,foot_lower_leg,fatality,none
4574,INC-515BCAC5,artisanal,surface,zimbabwe,37,14.5,operator,other,female,2021-11-25,tuesday,12.67,morning,0.1,haul_truck,other,other,laceration,upper_extremity,days_away,none
4575,INC-8901F45A,formal_large,surface,south_africa,46,23.9,operator,supervisor,male,2021-05-20,sunday,14.34,evening,3.5,components_parts,other,other,multiple,multiple,days_away,full
4576,INC-94FF93BC,artisanal,surface,ethiopia,45,0.6,operator,mechanic_repairman,male,2020-02-08,friday,10.14,morning,11.7,components_parts,maintenance_repair,falling,laceration,foot_lower_leg,days_away,none
4577,INC-E805C39D,formal_large,surface,south_africa,24,6.0,operator,mechanic_repairman,male,2022-09-21,saturday,11.48,morning,9.5,mobile_equipment,operating_equipment,struck_by_object,amputation,hand_finger,days_away,full
4578,INC-C49EC8C9,formal_small,surface,south_africa,27,9.0,operator,laborer,male,2022-07-19,friday,11.96,morning,11.6,components_parts,lifting_lowering,other,laceration,torso,first_aid,partial
4579,INC-3F9D141D,formal_large,surface,ghana,43,17.5,operator,laborer,male,2023-10-12,sunday,12.22,morning,1.3,hand_tools,other,other,multiple,upper_extremity,first_aid,none
4580,INC-192544CB,artisanal,underground,drc,40,24.0,operator,mechanic_repairman,female,2020-11-15,wednesday,2.67,night,7.1,none,other,other,fracture,upper_extremity,days_away,none
4581,INC-0D21A10F,artisanal,surface,ghana,39,11.0,contractor,other,male,2021-07-21,wednesday,12.64,morning,7.7,mobile_equipment,cleaning_clearing,other,abrasion,upper_extremity,fatality,none
4582,INC-6196F50E,artisanal,surface,zimbabwe,32,7.4,contractor,mechanic_repairman,male,2021-03-09,tuesday,16.49,evening,4.2,haul_truck,operating_equipment,pit_collapse,laceration,foot_lower_leg,days_away,none
4583,INC-1CA6AA51,artisanal,underground,tanzania,27,4.6,operator,driller,male,2022-09-28,wednesday,20.11,evening,4.0,none,barring_scaling,other,abrasion,foot_lower_leg,temporary_disability,none
4584,INC-FB4D48BF,artisanal,underground,drc,30,14.0,operator,other,male,2021-05-15,monday,11.14,morning,3.3,none,walking,struck_by_rock,contusion,foot_lower_leg,temporary_disability,none
4585,INC-B471B453,artisanal,underground,ghana,33,2.0,operator,supervisor,male,2022-02-03,friday,1.46,night,3.2,none,other,struck_by_rock,other,head_face,restricted_work,none
4586,INC-321FD662,formal_small,surface,tanzania,31,13.0,contractor,truck_operator,male,2024-08-22,monday,13.5,morning,6.2,haul_truck,maintenance_repair,other,multiple,torso,days_away,partial
4587,INC-6F5C46FA,artisanal,surface,ghana,21,0.6,operator,other,male,2021-12-26,monday,12.55,morning,10.8,haul_truck,operating_equipment,falling,laceration,upper_extremity,days_away,none
4588,INC-6728F663,artisanal,underground,ethiopia,25,9.0,operator,mechanic_repairman,female,2024-11-12,wednesday,10.1,morning,2.4,none,other,other,contusion,hand_finger,days_away,none
4589,INC-C2B92F2D,artisanal,surface,zimbabwe,20,4.0,operator,other,female,2020-04-24,saturday,13.78,morning,4.3,none,lifting_lowering,falling,fracture,upper_extremity,permanent_disability,none
4590,INC-73EB2454,formal_large,underground,other,44,4.8,contractor,other,male,2022-04-05,friday,19.31,evening,3.3,none,walking,other,fracture,hand_finger,days_away,partial
4591,INC-92ACBFF8,formal_small,surface,other,44,14.1,contractor,welder,male,2020-02-14,friday,14.05,evening,1.0,haul_truck,operating_equipment,trapped_between,multiple,foot_lower_leg,permanent_disability,full
4592,INC-39105727,artisanal,underground,drc,32,9.4,operator,driller,male,2022-10-12,thursday,13.29,morning,6.2,rock_drill,other,other,abrasion,multiple,days_away,none
4593,INC-8DC06F1F,formal_large,surface,other,38,20.0,operator,welder,male,2021-06-23,monday,12.64,morning,4.1,mobile_equipment,directing_equipment,other,laceration,hand_finger,restricted_work,none
4594,INC-FABEA60E,formal_large,surface,south_africa,60,11.6,operator,other,female,2020-12-05,monday,11.16,morning,6.0,haul_truck,operating_equipment,struck_by_object,contusion,hand_finger,days_away,partial
4595,INC-392AB589,artisanal,surface,tanzania,31,8.5,operator,welder,male,2024-07-23,friday,12.0,morning,5.7,mobile_equipment,operating_equipment,falling,abrasion,foot_lower_leg,days_away,none
4596,INC-870C596F,formal_small,surface,south_africa,48,3.4,operator,supervisor,male,2023-04-17,wednesday,14.09,evening,2.4,mobile_equipment,other,struck_by_object,fracture,torso,days_away,none
4597,INC-0461D5C0,formal_large,surface,ghana,54,19.0,operator,other,male,2020-12-18,friday,11.2,morning,7.8,none,other,trapped_between,contusion,foot_lower_leg,fatality,full
4598,INC-689FECBD,formal_large,underground,zimbabwe,51,24.0,operator,other,male,2023-07-20,friday,1.76,night,4.7,drill_rig,drilling,other,laceration,multiple,fatality,partial
4599,INC-028AFAA2,formal_small,surface,tanzania,41,15.1,contractor,truck_operator,male,2020-04-25,sunday,13.82,morning,11.5,mobile_equipment,other,struck_by_object,fracture,upper_extremity,fatality,none
4600,INC-8B87C2EA,artisanal,surface,tanzania,26,10.0,operator,truck_operator,male,2022-07-29,friday,13.08,morning,4.4,none,directing_equipment,other,fracture,hand_finger,first_aid,none
4601,INC-3CDE22BA,artisanal,surface,other,36,7.4,operator,other,male,2023-02-06,tuesday,12.85,morning,2.3,haul_truck,other,pit_collapse,abrasion,foot_lower_leg,days_away,none
4602,INC-5DA68057,artisanal,surface,ethiopia,23,5.6,operator,welder,male,2020-09-08,friday,12.59,morning,8.8,mobile_equipment,operating_equipment,struck_by_object,fracture,foot_lower_leg,restricted_work,none
4603,INC-1F61E408,artisanal,surface,other,25,7.6,operator,mechanic_repairman,male,2024-10-16,friday,9.11,morning,4.3,mobile_equipment,lifting_lowering,falling,abrasion,upper_extremity,days_away,none
4604,INC-4571D715,artisanal,surface,other,36,12.9,operator,welder,male,2020-06-08,saturday,14.72,evening,1.7,haul_truck,cleaning_clearing,other,other,multiple,restricted_work,none
4605,INC-CAA95EEF,formal_large,underground,drc,41,23.0,operator,blaster,male,2020-04-14,tuesday,12.76,morning,10.7,none,other,struck_by_rock,laceration,upper_extremity,fatality,full
4606,INC-7C66C70F,artisanal,surface,south_africa,37,13.6,contractor,laborer,male,2022-06-26,tuesday,12.0,morning,4.6,components_parts,other,other,other,hand_finger,first_aid,none
4607,INC-D26549FD,formal_large,surface,zimbabwe,40,20.2,operator,truck_operator,male,2023-09-23,friday,15.73,evening,8.4,light_vehicle,operating_equipment,other,amputation,head_face,first_aid,full
4608,INC-9EFAD0C5,formal_large,underground,tanzania,49,31.0,operator,laborer,male,2022-09-23,tuesday,14.97,evening,6.3,earth_moving,walking,hit_by_moving,other,upper_extremity,first_aid,full
4609,INC-FD3806BE,artisanal,surface,other,25,9.0,operator,laborer,male,2020-07-17,friday,13.37,morning,7.9,mobile_equipment,maintenance_repair,pit_collapse,laceration,head_face,days_away,none
4610,INC-3DF7D747,artisanal,underground,south_africa,32,0.9,operator,blaster,male,2020-06-11,thursday,5.42,night,6.4,none,drilling,fall_from_height,fracture,torso,temporary_disability,none
4611,INC-EB05C456,formal_large,surface,ghana,36,18.0,operator,truck_operator,male,2020-09-04,thursday,11.15,morning,6.6,mobile_equipment,cleaning_clearing,trapped_between,burns,hand_finger,temporary_disability,full
4612,INC-EA2D3126,artisanal,surface,ghana,25,9.0,operator,mechanic_repairman,male,2024-11-29,wednesday,11.21,morning,2.3,mobile_equipment,other,pit_collapse,laceration,torso,fatality,none
4613,INC-B459D1BD,formal_small,surface,ghana,59,20.2,operator,truck_operator,male,2024-09-05,monday,10.4,morning,6.5,components_parts,other,struck_by_object,amputation,hand_finger,restricted_work,full
4614,INC-2E3C6FE0,formal_large,surface,drc,35,5.4,operator,excavator_operator,male,2020-05-27,saturday,13.75,morning,3.0,mobile_equipment,other,other,fracture,foot_lower_leg,fatality,none
4615,INC-D5DA7A18,formal_large,surface,south_africa,45,12.2,operator,other,male,2023-07-04,monday,10.01,morning,0.7,haul_truck,other,trapped_between,fracture,upper_extremity,days_away,partial
4616,INC-32E79DE4,formal_large,surface,ghana,40,9.9,contractor,excavator_operator,male,2024-02-01,wednesday,12.26,morning,9.9,mobile_equipment,maintenance_repair,trapped_between,fracture,foot_lower_leg,fatality,full
4617,INC-3341828F,formal_small,surface,tanzania,38,20.0,contractor,other,male,2022-10-18,thursday,11.03,morning,3.9,mobile_equipment,other,fall_slip,laceration,foot_lower_leg,restricted_work,none
4618,INC-2196B45D,formal_small,surface,ghana,63,9.2,operator,mechanic_repairman,female,2020-10-13,wednesday,10.22,morning,10.9,mobile_equipment,directing_equipment,other,laceration,torso,first_aid,full
4619,INC-5E26F83D,formal_small,underground,south_africa,38,15.0,operator,other,male,2020-10-27,wednesday,13.36,morning,1.9,none,other,fall_from_height,other,upper_extremity,temporary_disability,partial
4620,INC-05AD15CF,formal_large,surface,ethiopia,40,21.4,operator,truck_operator,female,2023-06-20,friday,11.58,morning,4.7,none,maintenance_repair,struck_by_object,fracture,torso,days_away,full
4621,INC-076682DB,artisanal,underground,zimbabwe,29,1.7,contractor,other,male,2022-10-17,thursday,13.69,morning,7.8,rock_drill,other,struck_by_rock,other,multiple,days_away,full
4622,INC-DA383B9B,artisanal,underground,other,31,14.0,operator,supervisor,male,2020-11-14,friday,1.62,night,8.6,none,drilling,fall_from_height,other,head_face,days_away,none
4623,INC-34FF286A,artisanal,underground,tanzania,34,12.8,operator,laborer,male,2020-04-23,saturday,11.76,morning,2.8,components_parts,other,other,fracture,multiple,fatality,partial
4624,INC-26E44B93,formal_large,underground,other,36,13.4,operator,other,male,2022-03-01,thursday,12.07,morning,8.0,drill_rig,other,fall_from_height,other,foot_lower_leg,days_away,full
4625,INC-114CF0C0,artisanal,underground,south_africa,33,3.6,contractor,laborer,male,2021-12-21,wednesday,2.76,night,11.8,earth_moving,other,other,abrasion,head_face,fatality,none
4626,INC-8A6BFD7D,artisanal,surface,drc,32,11.4,contractor,welder,male,2024-11-27,wednesday,12.45,morning,3.6,light_vehicle,operating_equipment,falling,fracture,hand_finger,days_away,none
4627,INC-9CC501CC,formal_large,surface,ethiopia,43,14.5,operator,supervisor,male,2023-07-10,thursday,9.23,morning,3.9,components_parts,operating_equipment,struck_by_object,fracture,upper_extremity,restricted_work,full
4628,INC-CB99B037,formal_large,underground,tanzania,42,20.2,operator,other,male,2022-02-13,wednesday,2.09,night,2.3,none,other,hit_by_moving,laceration,foot_lower_leg,restricted_work,full
4629,INC-4553D912,formal_large,surface,zimbabwe,32,11.6,operator,laborer,male,2022-11-03,monday,9.13,morning,3.8,components_parts,maintenance_repair,struck_by_object,laceration,torso,days_away,full
4630,INC-FFE22A3A,formal_large,underground,south_africa,38,19.0,operator,laborer,male,2022-08-05,saturday,10.82,morning,2.3,none,other,other,contusion,hand_finger,temporary_disability,full
4631,INC-14B20A6E,formal_small,underground,south_africa,48,26.0,operator,supervisor,male,2023-05-17,tuesday,12.56,morning,4.6,earth_moving,charging_up,fall_from_height,fracture,hand_finger,first_aid,none
4632,INC-B03104C6,formal_large,surface,drc,52,12.6,operator,supervisor,male,2022-11-30,thursday,12.0,morning,1.0,haul_truck,maintenance_repair,hit_by_moving,laceration,multiple,days_away,full
4633,INC-9FC15E62,formal_large,surface,drc,43,9.7,operator,truck_operator,male,2020-07-30,friday,11.86,morning,5.0,mobile_equipment,other,other,multiple,head_face,temporary_disability,full
4634,INC-C980D5A5,artisanal,surface,south_africa,23,7.0,operator,other,male,2022-08-16,saturday,14.31,evening,6.3,none,cleaning_clearing,falling,fracture,foot_lower_leg,fatality,none
4635,INC-C77B3D8F,formal_large,surface,ethiopia,43,25.0,operator,supervisor,male,2023-10-17,tuesday,17.53,evening,7.7,mobile_equipment,cleaning_clearing,fall_slip,amputation,torso,permanent_disability,full
4636,INC-04E453F9,formal_large,surface,tanzania,39,21.0,contractor,other,male,2024-07-12,wednesday,12.14,morning,9.9,none,other,struck_by_object,laceration,foot_lower_leg,fatality,full
4637,INC-17746E1C,artisanal,underground,ethiopia,33,4.2,contractor,other,male,2024-10-12,monday,11.2,morning,6.3,earth_moving,drilling,fall_from_height,other,torso,temporary_disability,none
4638,INC-35526CC2,formal_large,surface,ghana,38,17.1,operator,truck_operator,male,2023-05-02,wednesday,11.23,morning,2.2,components_parts,operating_equipment,other,laceration,foot_lower_leg,permanent_disability,none
4639,INC-AD2AE47C,formal_large,surface,other,34,16.0,contractor,mechanic_repairman,male,2024-07-15,tuesday,12.65,morning,0.5,haul_truck,operating_equipment,struck_by_object,burns,hand_finger,permanent_disability,full
4640,INC-B944F044,formal_large,underground,ethiopia,28,10.0,operator,laborer,male,2020-02-04,saturday,2.43,night,5.5,earth_moving,charging_up,other,fracture,head_face,days_away,partial
4641,INC-E676DC10,formal_large,surface,tanzania,36,14.0,operator,laborer,male,2020-06-09,wednesday,14.94,evening,5.5,components_parts,operating_equipment,struck_by_object,multiple,hand_finger,days_away,none
4642,INC-93C52190,formal_small,underground,tanzania,51,16.9,operator,driller,male,2020-12-17,monday,13.94,morning,5.6,none,other,other,other,torso,days_away,full
4643,INC-936AEB1F,formal_large,surface,tanzania,38,5.5,operator,welder,male,2020-06-29,sunday,7.66,morning,9.8,mobile_equipment,maintenance_repair,other,amputation,torso,fatality,partial
4644,INC-CD88A3B0,formal_large,underground,south_africa,39,8.0,contractor,driller,female,2023-04-09,friday,13.86,morning,7.7,none,charging_up,fall_from_height,laceration,upper_extremity,fatality,full
4645,INC-44DB557B,artisanal,surface,other,34,11.2,operator,supervisor,female,2022-07-26,wednesday,9.57,morning,7.1,mobile_equipment,operating_equipment,other,other,multiple,days_away,none
4646,INC-236CA76A,artisanal,surface,ghana,35,19.0,operator,mechanic_repairman,male,2022-09-22,wednesday,12.35,morning,2.9,mobile_equipment,other,pit_collapse,contusion,foot_lower_leg,first_aid,none
4647,INC-C5B9C8C4,formal_large,surface,drc,39,14.6,operator,laborer,male,2022-08-14,sunday,16.76,evening,11.5,haul_truck,directing_equipment,hit_by_moving,laceration,head_face,days_away,full
4648,INC-895F8D54,formal_large,surface,other,54,12.7,operator,mechanic_repairman,male,2022-06-08,friday,12.15,morning,7.2,mobile_equipment,directing_equipment,hit_by_moving,amputation,torso,days_away,full
4649,INC-27DF9553,formal_small,surface,tanzania,34,8.7,operator,excavator_operator,male,2024-04-14,wednesday,14.8,evening,0.9,components_parts,cleaning_clearing,struck_by_object,laceration,foot_lower_leg,days_away,full
4650,INC-AB298C75,artisanal,underground,ethiopia,25,5.4,operator,driller,male,2021-01-15,tuesday,3.5,night,11.4,drill_rig,other,other,abrasion,upper_extremity,permanent_disability,none
4651,INC-2616D35A,artisanal,underground,south_africa,37,9.8,contractor,laborer,female,2021-11-04,thursday,20.35,evening,1.7,components_parts,other,other,laceration,multiple,permanent_disability,none
4652,INC-7CB90B54,formal_large,surface,ghana,45,16.8,operator,mechanic_repairman,male,2020-06-21,friday,15.96,evening,1.5,components_parts,lifting_lowering,struck_by_object,laceration,head_face,fatality,full
4653,INC-5A10C2C9,formal_large,surface,ethiopia,42,24.0,operator,other,male,2022-07-28,friday,10.48,morning,0.9,mobile_equipment,other,struck_by_object,fracture,hand_finger,days_away,full
4654,INC-A495E823,formal_small,underground,south_africa,43,11.6,operator,other,male,2021-09-27,tuesday,19.34,evening,2.9,components_parts,drilling,falling_object,laceration,torso,temporary_disability,partial
4655,INC-99BF00DD,artisanal,underground,south_africa,21,3.4,operator,other,male,2021-01-06,saturday,23.22,night,1.3,none,drilling,other,other,torso,first_aid,none
4656,INC-B285BCF4,artisanal,surface,other,27,4.6,operator,mechanic_repairman,male,2022-09-29,saturday,10.23,morning,4.2,mobile_equipment,cleaning_clearing,falling,laceration,hand_finger,days_away,none
4657,INC-6B933237,formal_large,surface,ghana,45,4.3,operator,excavator_operator,male,2024-09-24,monday,11.54,morning,3.8,mobile_equipment,operating_equipment,other,amputation,hand_finger,temporary_disability,partial
4658,INC-702513CD,formal_small,underground,ghana,43,20.2,operator,driller,male,2023-11-05,monday,14.12,evening,11.7,none,other,other,laceration,foot_lower_leg,days_away,full
4659,INC-45B8ABAF,formal_large,surface,ghana,50,14.8,operator,mechanic_repairman,male,2020-08-08,friday,14.51,evening,5.2,haul_truck,operating_equipment,other,laceration,hand_finger,restricted_work,partial
4660,INC-77CDF070,artisanal,surface,ethiopia,28,7.7,contractor,mechanic_repairman,male,2021-10-01,friday,15.3,evening,7.1,hand_tools,operating_equipment,other,fracture,head_face,fatality,none
4661,INC-C569FE4E,artisanal,underground,zimbabwe,21,4.1,contractor,driller,male,2024-07-08,wednesday,12.67,morning,4.5,drill_rig,drilling,fall_from_height,contusion,torso,fatality,none
4662,INC-8B68ED76,formal_small,surface,drc,42,24.0,operator,welder,male,2021-01-15,sunday,10.98,morning,0.0,mobile_equipment,directing_equipment,vehicle_motion,multiple,foot_lower_leg,temporary_disability,partial
4663,INC-011987F6,formal_large,underground,zimbabwe,59,7.6,operator,supervisor,male,2024-06-14,friday,20.86,evening,1.8,none,charging_up,other,laceration,foot_lower_leg,days_away,full
4664,INC-46589471,formal_small,surface,south_africa,43,9.4,operator,mechanic_repairman,male,2024-06-23,friday,7.21,morning,5.0,mobile_equipment,maintenance_repair,other,amputation,head_face,restricted_work,partial
4665,INC-04F864CC,formal_small,underground,zimbabwe,26,8.0,operator,laborer,male,2020-04-02,thursday,13.47,morning,7.3,rock_drill,barring_scaling,other,laceration,upper_extremity,permanent_disability,full
4666,INC-9B033A83,artisanal,underground,south_africa,28,3.8,operator,other,female,2024-12-10,thursday,12.88,morning,1.9,earth_moving,other,other,abrasion,upper_extremity,fatality,none
4667,INC-715C237F,formal_large,underground,drc,49,10.6,operator,other,male,2023-11-16,thursday,0.0,night,6.2,earth_moving,other,falling_object,laceration,multiple,days_away,full
4668,INC-F9EA5534,artisanal,underground,south_africa,32,3.0,operator,driller,female,2022-06-27,thursday,20.35,evening,2.3,none,drilling,other,abrasion,hand_finger,temporary_disability,none
4669,INC-0D44AFB9,formal_large,underground,south_africa,46,28.0,operator,laborer,male,2021-09-08,sunday,22.22,night,10.7,drill_rig,other,fall_from_height,fracture,multiple,permanent_disability,full
4670,INC-B3DD30C7,formal_large,surface,zimbabwe,43,7.9,operator,excavator_operator,female,2022-04-22,monday,11.18,morning,0.5,mobile_equipment,maintenance_repair,hit_by_moving,amputation,foot_lower_leg,days_away,full
4671,INC-55739A78,formal_large,underground,south_africa,40,14.1,operator,laborer,male,2021-02-14,thursday,24.0,night,3.4,none,walking,other,multiple,hand_finger,days_away,full
4672,INC-78A19EA0,formal_large,underground,zimbabwe,22,4.0,contractor,other,female,2023-11-17,thursday,12.13,morning,6.2,none,drilling,other,fracture,upper_extremity,fatality,full
4673,INC-887A4F8E,formal_large,surface,zimbabwe,24,6.0,contractor,mechanic_repairman,male,2022-01-04,sunday,12.65,morning,0.9,mobile_equipment,directing_equipment,hit_by_moving,contusion,upper_extremity,days_away,full
4674,INC-C138EE95,artisanal,surface,other,18,2.0,contractor,laborer,male,2022-03-16,thursday,12.13,morning,10.6,light_vehicle,other,pit_collapse,other,hand_finger,fatality,none
4675,INC-F5A2B05E,formal_large,surface,south_africa,58,17.7,operator,other,female,2024-08-14,thursday,7.79,morning,1.5,mobile_equipment,operating_equipment,other,laceration,upper_extremity,first_aid,partial
4676,INC-3A8831BF,formal_large,surface,ethiopia,37,14.9,operator,supervisor,female,2020-03-29,wednesday,16.81,evening,5.2,mobile_equipment,maintenance_repair,struck_by_object,contusion,torso,fatality,full
4677,INC-036DC3BF,formal_large,underground,tanzania,52,21.7,operator,laborer,male,2021-12-29,wednesday,12.97,morning,4.4,components_parts,other,struck_by_rock,other,torso,days_away,partial
4678,INC-1013D1F8,formal_large,surface,south_africa,27,9.0,operator,mechanic_repairman,male,2023-01-17,saturday,12.72,morning,2.3,mobile_equipment,other,other,contusion,upper_extremity,first_aid,full
4679,INC-49363F3C,artisanal,surface,ethiopia,28,12.0,operator,welder,female,2021-03-19,thursday,10.78,morning,8.9,mobile_equipment,maintenance_repair,pit_collapse,contusion,foot_lower_leg,days_away,none
4680,INC-3062814F,artisanal,surface,other,18,2.0,contractor,mechanic_repairman,male,2020-11-13,sunday,11.72,morning,7.5,mobile_equipment,operating_equipment,pit_collapse,laceration,torso,permanent_disability,none
4681,INC-93D5CA54,formal_large,surface,drc,33,15.0,contractor,welder,male,2022-08-15,thursday,10.74,morning,0.0,mobile_equipment,cleaning_clearing,struck_by_object,amputation,multiple,permanent_disability,full
4682,INC-26373BE9,artisanal,underground,other,45,13.7,contractor,blaster,male,2020-12-02,thursday,12.0,morning,4.7,none,other,other,other,torso,fatality,none
4683,INC-C07981CF,artisanal,surface,tanzania,32,14.5,operator,other,male,2022-01-17,tuesday,11.02,morning,2.5,mobile_equipment,other,pit_collapse,fracture,foot_lower_leg,fatality,none
4684,INC-D5D94134,artisanal,surface,ghana,31,6.7,operator,mechanic_repairman,male,2020-06-02,friday,12.52,morning,6.1,mobile_equipment,other,pit_collapse,abrasion,torso,days_away,none
4685,INC-EBAA2BD4,formal_large,surface,other,49,27.5,operator,truck_operator,male,2020-02-04,tuesday,13.04,morning,0.8,haul_truck,cleaning_clearing,other,laceration,upper_extremity,days_away,full
4686,INC-A257E2B7,formal_large,underground,south_africa,42,24.0,contractor,laborer,male,2023-09-04,saturday,9.29,morning,3.0,earth_moving,other,other,laceration,multiple,days_away,full
4687,INC-2D0B1889,formal_small,underground,ethiopia,48,12.6,operator,supervisor,male,2020-12-06,tuesday,20.86,evening,6.4,earth_moving,other,other,laceration,hand_finger,fatality,full
4688,INC-BCD3AFC3,artisanal,surface,drc,32,3.3,operator,other,male,2020-02-22,wednesday,14.0,evening,11.0,haul_truck,other,struck_by_object,laceration,torso,fatality,none
4689,INC-8E0383E2,artisanal,surface,other,35,9.9,contractor,truck_operator,male,2020-02-01,sunday,13.28,morning,5.9,haul_truck,cleaning_clearing,falling,contusion,head_face,days_away,none
4690,INC-9F7B4849,formal_small,surface,other,42,12.3,operator,truck_operator,male,2022-11-01,sunday,7.63,morning,1.2,mobile_equipment,lifting_lowering,struck_by_object,multiple,foot_lower_leg,days_away,none
4691,INC-11521B0C,formal_large,surface,south_africa,41,23.0,operator,other,male,2022-08-11,friday,11.78,morning,2.4,mobile_equipment,cleaning_clearing,hit_by_moving,fracture,upper_extremity,days_away,full
4692,INC-F1BCC54E,artisanal,underground,tanzania,37,17.0,contractor,other,female,2022-11-29,wednesday,13.8,morning,10.5,components_parts,other,other,fracture,torso,days_away,partial
4693,INC-71E5360E,artisanal,surface,south_africa,19,3.0,operator,mechanic_repairman,male,2023-03-17,tuesday,13.04,morning,2.0,haul_truck,other,pit_collapse,abrasion,hand_finger,permanent_disability,none
4694,INC-6BC50DC3,formal_small,surface,drc,36,18.0,operator,supervisor,male,2023-04-10,friday,11.68,morning,7.3,mobile_equipment,cleaning_clearing,fall_slip,burns,upper_extremity,restricted_work,full
4695,INC-030F16E9,artisanal,surface,tanzania,39,19.1,operator,mechanic_repairman,female,2023-08-04,friday,12.0,morning,3.5,mobile_equipment,other,falling,fracture,upper_extremity,days_away,none
4696,INC-96E2987F,formal_small,surface,south_africa,31,13.0,operator,other,male,2024-04-05,thursday,12.0,morning,4.0,mobile_equipment,other,struck_by_object,laceration,hand_finger,permanent_disability,partial
4697,INC-476B365D,formal_small,surface,drc,56,17.8,contractor,supervisor,male,2021-01-14,thursday,12.52,morning,5.5,components_parts,cleaning_clearing,struck_by_object,laceration,foot_lower_leg,days_away,full
4698,INC-956E5CEE,formal_small,surface,zimbabwe,57,13.5,operator,truck_operator,male,2020-06-16,thursday,11.6,morning,1.4,components_parts,maintenance_repair,hit_by_moving,fracture,torso,restricted_work,none
4699,INC-ECF40368,artisanal,surface,zimbabwe,39,14.3,operator,other,male,2024-01-09,wednesday,10.07,morning,2.0,haul_truck,lifting_lowering,falling,abrasion,upper_extremity,permanent_disability,none
4700,INC-1CA5E72E,artisanal,surface,other,30,14.0,contractor,mechanic_repairman,male,2020-05-03,friday,11.89,morning,9.4,haul_truck,operating_equipment,struck_by_object,abrasion,upper_extremity,fatality,none
4701,INC-495B515A,formal_small,surface,tanzania,33,15.0,operator,other,female,2022-01-20,monday,14.13,evening,6.8,haul_truck,operating_equipment,vehicle_motion,burns,hand_finger,temporary_disability,full
4702,INC-316650C7,formal_large,underground,ethiopia,32,11.3,operator,laborer,male,2023-01-26,monday,12.26,morning,2.1,earth_moving,other,other,fracture,upper_extremity,days_away,full
4703,INC-9EF48BDD,formal_small,surface,south_africa,39,21.0,contractor,laborer,male,2020-03-30,saturday,11.57,morning,0.4,mobile_equipment,cleaning_clearing,struck_by_object,multiple,hand_finger,restricted_work,full
4704,INC-7E4E24DF,formal_large,surface,south_africa,46,28.0,operator,mechanic_repairman,male,2024-11-14,sunday,13.32,morning,4.2,mobile_equipment,other,other,fracture,hand_finger,fatality,partial
4705,INC-23E87079,formal_large,surface,south_africa,41,23.0,operator,excavator_operator,male,2024-08-20,wednesday,14.75,evening,2.2,mobile_equipment,other,hit_by_moving,multiple,hand_finger,first_aid,partial
4706,INC-993EEB31,formal_large,underground,ghana,47,19.7,operator,other,male,2024-03-10,thursday,2.73,night,7.7,none,walking,other,laceration,hand_finger,days_away,full
4707,INC-59F8586F,formal_small,underground,ghana,42,14.5,operator,driller,male,2023-06-20,friday,12.0,morning,2.0,components_parts,other,hit_by_moving,fracture,foot_lower_leg,first_aid,full
4708,INC-4DABE212,formal_large,underground,zimbabwe,41,23.0,operator,other,male,2023-12-19,thursday,11.25,morning,5.5,earth_moving,other,falling_object,laceration,upper_extremity,permanent_disability,full
4709,INC-F830A4C5,formal_large,surface,tanzania,65,18.0,operator,mechanic_repairman,male,2022-10-24,sunday,12.72,morning,6.4,mobile_equipment,directing_equipment,struck_by_object,multiple,head_face,fatality,full
4710,INC-09E940F0,artisanal,underground,south_africa,29,10.3,operator,driller,male,2023-10-03,friday,19.8,evening,0.7,none,other,other,fracture,head_face,permanent_disability,none
4711,INC-4BC4DD83,formal_large,surface,ethiopia,38,20.0,operator,excavator_operator,male,2020-03-14,friday,10.31,morning,2.5,haul_truck,other,fall_slip,fracture,multiple,days_away,full
4712,INC-3C33492D,artisanal,underground,other,18,2.0,operator,laborer,male,2021-01-14,friday,13.14,morning,11.9,components_parts,drilling,other,fracture,foot_lower_leg,fatality,none
4713,INC-1BE3F882,artisanal,underground,south_africa,22,6.0,operator,other,male,2020-01-26,sunday,1.94,night,4.0,none,other,other,fracture,multiple,permanent_disability,none
4714,INC-43980A37,formal_small,surface,tanzania,58,26.5,operator,excavator_operator,male,2020-08-12,saturday,12.71,morning,9.9,mobile_equipment,operating_equipment,other,laceration,multiple,days_away,partial
4715,INC-EE1A685B,formal_large,surface,south_africa,56,11.5,operator,welder,male,2022-10-28,saturday,12.26,morning,2.0,components_parts,lifting_lowering,vehicle_motion,multiple,hand_finger,temporary_disability,full
4716,INC-12FB4D03,formal_large,surface,zimbabwe,47,23.1,operator,other,male,2023-10-24,wednesday,13.36,morning,10.9,mobile_equipment,maintenance_repair,vehicle_motion,laceration,torso,temporary_disability,partial
4717,INC-D50547C2,formal_small,surface,tanzania,24,6.0,operator,other,male,2024-05-23,saturday,17.96,evening,6.2,mobile_equipment,maintenance_repair,trapped_between,burns,torso,first_aid,full
4718,INC-1DBE1367,formal_small,underground,south_africa,43,16.9,contractor,driller,male,2020-10-18,thursday,11.92,morning,0.6,none,walking,struck_by_rock,laceration,torso,first_aid,partial
4719,INC-D0CBE938,formal_large,surface,ghana,38,8.0,contractor,excavator_operator,male,2023-03-28,tuesday,6.18,morning,4.8,mobile_equipment,maintenance_repair,struck_by_object,laceration,multiple,days_away,full
4720,INC-BF468E8D,formal_small,underground,other,43,25.0,operator,mechanic_repairman,female,2023-09-21,monday,2.76,night,5.3,none,charging_up,falling_object,laceration,foot_lower_leg,fatality,partial
4721,INC-912471CB,formal_small,underground,south_africa,32,14.0,operator,laborer,male,2020-01-11,thursday,13.16,morning,10.7,earth_moving,other,fall_from_height,multiple,foot_lower_leg,days_away,none
4722,INC-54830950,formal_large,surface,tanzania,50,18.6,operator,laborer,male,2021-08-19,sunday,14.88,evening,7.8,hand_tools,other,hit_by_moving,fracture,torso,days_away,partial
4723,INC-E07F81DD,artisanal,surface,ethiopia,34,17.5,operator,mechanic_repairman,male,2023-03-11,friday,12.36,morning,6.9,hand_tools,other,pit_collapse,fracture,head_face,first_aid,none
4724,INC-51A7E775,formal_large,surface,south_africa,52,15.2,operator,other,male,2020-09-05,friday,10.91,morning,8.0,mobile_equipment,directing_equipment,trapped_between,laceration,hand_finger,days_away,full
4725,INC-C45E2C00,formal_large,underground,tanzania,54,7.2,contractor,other,male,2021-09-28,friday,11.02,morning,2.5,components_parts,walking,other,multiple,multiple,days_away,full
4726,INC-44274BAB,artisanal,surface,zimbabwe,39,9.0,contractor,other,female,2022-04-17,wednesday,12.59,morning,1.9,mobile_equipment,maintenance_repair,pit_collapse,laceration,foot_lower_leg,restricted_work,none
4727,INC-93EEBD2E,formal_large,surface,south_africa,39,19.2,operator,other,male,2020-08-10,monday,15.08,evening,6.6,mobile_equipment,other,other,multiple,hand_finger,temporary_disability,full
4728,INC-C87DEBF8,artisanal,surface,other,35,14.6,operator,supervisor,female,2020-05-02,tuesday,11.14,morning,9.8,haul_truck,operating_equipment,pit_collapse,abrasion,upper_extremity,first_aid,none
4729,INC-4BF14FFC,formal_small,underground,zimbabwe,32,14.0,operator,driller,male,2024-01-21,thursday,8.8,morning,8.0,none,barring_scaling,other,contusion,multiple,days_away,full
4730,INC-510A4FF8,formal_large,surface,tanzania,46,7.1,operator,truck_operator,male,2020-06-09,tuesday,10.52,morning,3.6,mobile_equipment,other,vehicle_motion,laceration,multiple,days_away,partial
4731,INC-9613CC79,artisanal,surface,south_africa,30,5.6,operator,mechanic_repairman,male,2022-11-18,thursday,12.87,morning,10.4,haul_truck,other,pit_collapse,fracture,multiple,restricted_work,none
4732,INC-F871A7A1,formal_large,underground,south_africa,59,27.7,operator,other,male,2022-01-31,thursday,10.41,morning,4.7,components_parts,charging_up,other,multiple,multiple,days_away,full
4733,INC-9A59BF12,formal_large,surface,tanzania,43,23.7,operator,welder,female,2023-08-15,wednesday,12.0,morning,4.2,hand_tools,operating_equipment,struck_by_object,fracture,foot_lower_leg,restricted_work,full
4734,INC-746292D6,artisanal,surface,tanzania,44,14.3,operator,mechanic_repairman,male,2024-06-21,sunday,12.37,morning,7.1,hand_tools,cleaning_clearing,other,contusion,torso,first_aid,none
4735,INC-CBD514CC,artisanal,surface,ghana,37,21.0,operator,excavator_operator,male,2020-10-28,saturday,14.83,evening,4.1,mobile_equipment,other,pit_collapse,fracture,hand_finger,fatality,none
4736,INC-A8D31402,artisanal,surface,tanzania,28,5.7,operator,truck_operator,male,2024-09-20,friday,13.81,morning,12.0,mobile_equipment,other,pit_collapse,fracture,torso,days_away,none
4737,INC-EC8918DC,formal_large,surface,zimbabwe,47,13.0,operator,laborer,male,2020-07-31,saturday,15.3,evening,7.1,components_parts,operating_equipment,struck_by_object,burns,multiple,days_away,full
4738,INC-0BAD8B5B,formal_large,surface,ghana,40,22.0,operator,laborer,male,2024-05-25,friday,9.67,morning,6.0,mobile_equipment,other,other,amputation,hand_finger,fatality,full
4739,INC-F9D0AFE2,artisanal,surface,drc,46,9.5,operator,truck_operator,female,2022-07-28,sunday,11.38,morning,2.2,mobile_equipment,other,falling,abrasion,foot_lower_leg,days_away,none
4740,INC-8F323117,formal_large,surface,ethiopia,38,17.3,operator,laborer,male,2020-03-24,friday,9.81,morning,4.9,mobile_equipment,operating_equipment,other,multiple,hand_finger,days_away,none
4741,INC-65D34473,formal_large,surface,zimbabwe,49,18.8,operator,truck_operator,female,2022-08-21,friday,12.0,morning,8.6,haul_truck,operating_equipment,fall_slip,laceration,hand_finger,restricted_work,full
4742,INC-D18A0389,artisanal,surface,drc,23,7.0,contractor,truck_operator,male,2024-05-19,wednesday,14.07,evening,6.6,mobile_equipment,operating_equipment,other,abrasion,multiple,days_away,none
4743,INC-98C20DF3,formal_large,surface,zimbabwe,41,16.1,operator,welder,male,2022-11-28,friday,15.87,evening,10.7,mobile_equipment,maintenance_repair,trapped_between,burns,torso,days_away,none
4744,INC-BE5D45B1,formal_large,underground,other,46,28.0,contractor,other,male,2020-06-26,friday,2.19,night,1.0,none,drilling,falling_object,laceration,hand_finger,fatality,none
4745,INC-AE3CEA2F,formal_large,underground,drc,47,23.3,operator,laborer,male,2023-09-20,monday,11.51,morning,6.0,components_parts,drilling,falling_object,laceration,hand_finger,permanent_disability,full
4746,INC-F89944D4,formal_small,surface,ghana,46,5.5,operator,mechanic_repairman,female,2024-03-22,friday,13.11,morning,4.8,components_parts,operating_equipment,other,fracture,multiple,restricted_work,partial
4747,INC-CA29F649,artisanal,underground,zimbabwe,20,4.0,operator,blaster,female,2023-04-26,thursday,14.23,evening,3.0,none,charging_up,falling_object,fracture,torso,first_aid,none
4748,INC-03992B49,artisanal,underground,other,27,6.0,operator,laborer,male,2022-01-17,friday,13.26,morning,7.2,earth_moving,barring_scaling,other,abrasion,upper_extremity,temporary_disability,none
4749,INC-BA1E1341,formal_large,surface,other,48,18.0,operator,truck_operator,female,2023-05-19,monday,12.83,morning,5.2,mobile_equipment,maintenance_repair,other,laceration,upper_extremity,first_aid,full
4750,INC-DD1A1CEC,formal_large,underground,south_africa,34,16.0,operator,driller,male,2021-09-04,sunday,13.15,morning,1.7,earth_moving,other,falling_object,multiple,hand_finger,permanent_disability,partial
4751,INC-C61DF778,formal_small,underground,ghana,34,7.2,operator,laborer,male,2020-11-15,friday,13.44,morning,3.3,none,charging_up,struck_by_rock,laceration,multiple,days_away,partial
4752,INC-95B0B428,formal_small,surface,ghana,42,24.0,operator,truck_operator,male,2024-04-11,monday,15.33,evening,5.0,mobile_equipment,operating_equipment,vehicle_motion,multiple,hand_finger,restricted_work,full
4753,INC-CC9FCF4C,formal_small,surface,other,42,23.6,operator,mechanic_repairman,male,2022-02-02,saturday,12.94,morning,1.8,none,operating_equipment,other,laceration,foot_lower_leg,first_aid,partial
4754,INC-77B871B9,artisanal,surface,other,25,8.2,operator,truck_operator,male,2023-10-27,sunday,14.52,evening,6.8,components_parts,directing_equipment,struck_by_object,abrasion,hand_finger,permanent_disability,none
4755,INC-1DBD84D9,formal_small,surface,drc,38,10.4,contractor,welder,male,2022-12-31,friday,14.08,evening,9.7,mobile_equipment,cleaning_clearing,other,fracture,head_face,fatality,full
4756,INC-A0793B3D,formal_small,underground,ghana,45,15.8,operator,driller,male,2024-05-27,tuesday,2.21,night,5.7,none,other,hit_by_moving,laceration,upper_extremity,days_away,full
4757,INC-B77EAE56,artisanal,surface,other,28,12.0,operator,other,male,2022-08-05,tuesday,9.93,morning,5.4,components_parts,operating_equipment,struck_by_object,contusion,upper_extremity,temporary_disability,none
4758,INC-1B2D45E3,formal_large,surface,south_africa,51,8.6,contractor,mechanic_repairman,male,2021-07-11,thursday,11.12,morning,6.2,mobile_equipment,maintenance_repair,struck_by_object,fracture,torso,restricted_work,full
4759,INC-85780783,artisanal,surface,ghana,36,2.1,operator,truck_operator,male,2021-07-09,monday,14.51,evening,0.8,mobile_equipment,directing_equipment,struck_by_object,fracture,hand_finger,days_away,none
4760,INC-EC98A458,formal_small,underground,ghana,54,13.1,operator,supervisor,male,2022-08-08,thursday,20.91,evening,9.9,components_parts,other,other,multiple,torso,days_away,full
4761,INC-DA6A9938,formal_small,surface,zimbabwe,56,15.6,operator,mechanic_repairman,male,2024-09-20,saturday,14.32,evening,6.6,mobile_equipment,other,vehicle_motion,laceration,hand_finger,days_away,partial
4762,INC-1A8BAA0B,artisanal,underground,ethiopia,30,3.9,operator,driller,male,2020-12-11,thursday,13.94,morning,4.5,none,barring_scaling,other,abrasion,multiple,first_aid,none
4763,INC-469DB2D6,formal_small,surface,south_africa,30,12.0,contractor,mechanic_repairman,male,2020-09-12,monday,13.18,morning,2.0,components_parts,directing_equipment,other,multiple,hand_finger,days_away,full
4764,INC-8E0FA50B,formal_small,surface,south_africa,31,13.0,operator,truck_operator,male,2021-04-17,wednesday,11.16,morning,7.6,hand_tools,directing_equipment,struck_by_object,contusion,torso,days_away,full
4765,INC-7C766D04,formal_large,surface,drc,40,20.1,operator,welder,female,2024-11-14,friday,11.67,morning,0.4,none,cleaning_clearing,hit_by_moving,fracture,foot_lower_leg,temporary_disability,partial
4766,INC-CC5A85B0,artisanal,surface,south_africa,30,7.1,operator,supervisor,male,2023-01-25,friday,13.08,morning,5.5,mobile_equipment,lifting_lowering,falling,contusion,multiple,days_away,none
4767,INC-0BE27C15,formal_small,surface,zimbabwe,43,15.3,operator,supervisor,male,2023-11-29,sunday,11.09,morning,1.6,mobile_equipment,other,hit_by_moving,fracture,hand_finger,days_away,full
4768,INC-5B9A2085,formal_large,surface,south_africa,40,22.0,operator,other,male,2022-10-31,thursday,10.63,morning,4.8,haul_truck,operating_equipment,other,fracture,hand_finger,restricted_work,none
4769,INC-8E4306C9,artisanal,surface,ghana,31,14.8,operator,other,male,2022-12-24,tuesday,12.0,morning,8.6,none,other,other,fracture,hand_finger,first_aid,none
4770,INC-FCC4626F,artisanal,surface,ghana,18,2.0,contractor,mechanic_repairman,male,2023-02-19,monday,12.63,morning,2.3,mobile_equipment,maintenance_repair,pit_collapse,contusion,hand_finger,fatality,none
4771,INC-648A1910,formal_small,underground,tanzania,37,18.8,operator,laborer,male,2020-08-20,thursday,11.11,morning,4.5,components_parts,other,fall_from_height,laceration,torso,days_away,full
4772,INC-0A21CA11,formal_large,underground,zimbabwe,40,21.2,operator,mechanic_repairman,male,2023-02-23,friday,14.01,evening,7.6,earth_moving,other,fall_from_height,fracture,head_face,permanent_disability,none
4773,INC-528A88B4,formal_small,surface,ghana,47,27.8,contractor,mechanic_repairman,female,2022-10-26,friday,11.66,morning,2.5,none,operating_equipment,other,multiple,hand_finger,temporary_disability,full
4774,INC-AB68FBAA,formal_large,underground,drc,30,12.0,operator,laborer,male,2024-02-13,thursday,13.05,morning,10.1,none,other,falling_object,other,foot_lower_leg,days_away,full
4775,INC-F799933A,formal_large,surface,south_africa,65,21.2,operator,welder,male,2020-06-09,monday,6.59,morning,1.5,hand_tools,other,trapped_between,contusion,hand_finger,first_aid,none
4776,INC-FBF94008,formal_small,surface,drc,43,23.3,contractor,excavator_operator,female,2022-07-17,friday,17.61,evening,0.6,haul_truck,other,vehicle_motion,laceration,upper_extremity,fatality,none
4777,INC-9A9D05CB,formal_large,surface,south_africa,52,12.9,contractor,laborer,female,2024-08-28,thursday,12.27,morning,4.3,mobile_equipment,maintenance_repair,other,laceration,upper_extremity,first_aid,full
4778,INC-7B3488EF,formal_large,surface,other,37,12.0,operator,welder,male,2024-01-31,thursday,13.86,morning,6.8,mobile_equipment,operating_equipment,other,burns,foot_lower_leg,first_aid,full
4779,INC-91E3FC8B,artisanal,underground,south_africa,20,4.0,operator,driller,male,2021-06-05,friday,9.18,morning,1.3,rock_drill,charging_up,other,fracture,multiple,days_away,none
4780,INC-37E2DB75,formal_large,surface,ethiopia,48,30.0,operator,other,male,2023-08-23,wednesday,11.48,morning,2.0,mobile_equipment,other,struck_by_object,fracture,multiple,days_away,full
4781,INC-8455753C,artisanal,surface,ethiopia,28,12.0,operator,welder,male,2021-12-30,sunday,10.85,morning,2.2,haul_truck,directing_equipment,falling,laceration,hand_finger,fatality,none
4782,INC-E44C5601,artisanal,surface,ethiopia,24,8.0,operator,other,male,2023-12-19,friday,12.97,morning,3.4,mobile_equipment,other,struck_by_object,contusion,foot_lower_leg,first_aid,none
4783,INC-C2A9C96E,formal_small,surface,drc,43,11.7,operator,other,male,2023-03-08,thursday,8.91,morning,4.1,haul_truck,other,other,multiple,torso,days_away,partial
4784,INC-2AEA8735,artisanal,surface,south_africa,29,5.9,contractor,welder,male,2022-05-30,thursday,12.05,morning,7.5,mobile_equipment,other,struck_by_object,laceration,multiple,fatality,none
4785,INC-D1258BE3,artisanal,surface,ghana,40,11.7,operator,mechanic_repairman,male,2020-02-04,wednesday,9.66,morning,7.6,none,directing_equipment,other,fracture,head_face,days_away,none
4786,INC-607BE2A5,formal_large,surface,other,51,27.9,contractor,truck_operator,male,2023-10-21,thursday,7.83,morning,5.1,mobile_equipment,other,struck_by_object,burns,torso,restricted_work,full
4787,INC-E009BB67,artisanal,surface,other,30,11.4,operator,truck_operator,male,2022-09-16,saturday,12.9,morning,0.2,components_parts,lifting_lowering,struck_by_object,fracture,hand_finger,first_aid,none
4788,INC-83A1EEF4,formal_large,surface,zimbabwe,41,15.2,operator,other,male,2022-08-30,thursday,14.0,evening,4.2,mobile_equipment,maintenance_repair,other,amputation,hand_finger,permanent_disability,full
4789,INC-9B59AB4E,artisanal,underground,ethiopia,21,5.0,operator,supervisor,male,2023-07-29,friday,11.0,morning,2.1,none,other,hit_by_moving,contusion,foot_lower_leg,days_away,none
4790,INC-C9B96E8F,formal_small,surface,drc,57,24.6,operator,other,male,2024-07-23,monday,10.56,morning,4.2,mobile_equipment,other,other,contusion,hand_finger,permanent_disability,full
4791,INC-B1870451,formal_large,surface,drc,28,5.1,operator,mechanic_repairman,male,2021-01-13,sunday,9.98,morning,0.7,light_vehicle,lifting_lowering,other,fracture,upper_extremity,fatality,full
4792,INC-3591FBC5,formal_large,surface,other,52,8.2,operator,mechanic_repairman,male,2024-07-03,friday,11.36,morning,7.8,haul_truck,other,hit_by_moving,laceration,torso,restricted_work,none
4793,INC-8AD6FD0E,artisanal,surface,drc,25,4.7,contractor,other,male,2020-10-08,tuesday,9.59,morning,6.6,mobile_equipment,cleaning_clearing,struck_by_object,contusion,head_face,fatality,none
4794,INC-65506349,formal_large,surface,ghana,44,26.0,operator,excavator_operator,male,2023-03-18,monday,9.93,morning,8.2,mobile_equipment,maintenance_repair,other,multiple,upper_extremity,temporary_disability,full
4795,INC-CFE3D210,formal_large,surface,ethiopia,33,6.7,operator,supervisor,male,2022-06-09,wednesday,12.18,morning,3.5,haul_truck,other,hit_by_moving,multiple,foot_lower_leg,permanent_disability,full
4796,INC-D7B98D77,formal_large,surface,zimbabwe,61,13.1,operator,truck_operator,male,2023-10-14,friday,10.32,morning,7.8,haul_truck,other,other,laceration,head_face,days_away,partial
4797,INC-97BB3DF1,formal_small,surface,south_africa,60,35.0,contractor,mechanic_repairman,male,2022-09-06,sunday,10.84,morning,2.7,mobile_equipment,maintenance_repair,struck_by_object,fracture,foot_lower_leg,restricted_work,partial
4798,INC-03740AF7,artisanal,surface,drc,42,14.6,operator,truck_operator,male,2022-11-30,monday,10.13,morning,1.1,mobile_equipment,maintenance_repair,pit_collapse,contusion,upper_extremity,temporary_disability,none
4799,INC-91594912,artisanal,surface,ethiopia,41,22.6,operator,mechanic_repairman,male,2022-03-12,wednesday,14.01,evening,5.9,components_parts,operating_equipment,other,other,hand_finger,days_away,none
4800,INC-13DE4940,formal_small,surface,south_africa,23,5.0,contractor,truck_operator,male,2023-04-19,wednesday,17.65,evening,7.2,mobile_equipment,maintenance_repair,vehicle_motion,amputation,upper_extremity,days_away,full
4801,INC-680F8C59,formal_large,surface,tanzania,44,14.7,operator,mechanic_repairman,male,2021-06-23,thursday,13.75,morning,7.8,mobile_equipment,directing_equipment,struck_by_object,multiple,hand_finger,days_away,full
4802,INC-CAD80BA9,formal_large,surface,ghana,49,11.7,operator,welder,female,2021-06-14,friday,12.27,morning,2.3,components_parts,maintenance_repair,struck_by_object,amputation,hand_finger,fatality,full
4803,INC-3DFB257C,formal_small,underground,south_africa,47,29.0,operator,supervisor,male,2022-01-18,thursday,12.54,morning,5.0,earth_moving,drilling,fall_from_height,laceration,upper_extremity,days_away,full
4804,INC-764154E3,artisanal,surface,ethiopia,34,10.5,operator,supervisor,male,2021-01-03,tuesday,13.26,morning,4.4,mobile_equipment,other,falling,other,hand_finger,days_away,none
4805,INC-53551989,artisanal,underground,tanzania,19,2.4,operator,mechanic_repairman,male,2021-07-24,friday,2.94,night,3.5,earth_moving,other,other,abrasion,multiple,first_aid,none
4806,INC-C768B16D,formal_small,surface,zimbabwe,57,12.3,operator,mechanic_repairman,male,2020-05-28,sunday,17.93,evening,5.1,mobile_equipment,maintenance_repair,vehicle_motion,laceration,foot_lower_leg,days_away,none
4807,INC-DC9D2B1D,formal_small,surface,south_africa,55,20.8,contractor,other,male,2021-03-31,wednesday,6.66,morning,0.6,components_parts,maintenance_repair,other,multiple,upper_extremity,days_away,full
4808,INC-0EA2B849,formal_small,surface,ethiopia,45,27.0,operator,mechanic_repairman,male,2022-01-19,friday,10.51,morning,6.2,mobile_equipment,operating_equipment,other,laceration,head_face,days_away,partial
4809,INC-170D2442,formal_small,underground,south_africa,64,22.6,operator,driller,male,2022-05-12,tuesday,14.54,evening,6.8,none,walking,fall_from_height,laceration,torso,fatality,full
4810,INC-112D01B7,formal_small,surface,other,51,33.0,operator,laborer,male,2023-02-27,friday,6.36,morning,1.3,mobile_equipment,lifting_lowering,fall_slip,burns,multiple,restricted_work,full
4811,INC-6EFA3EDA,artisanal,surface,ghana,32,16.0,operator,truck_operator,male,2021-12-23,friday,13.17,morning,7.9,light_vehicle,other,struck_by_object,fracture,hand_finger,days_away,none
4812,INC-CC9F8430,formal_small,surface,other,39,14.4,operator,other,male,2023-02-03,saturday,11.78,morning,7.1,haul_truck,directing_equipment,struck_by_object,laceration,foot_lower_leg,restricted_work,partial
4813,INC-79A983E5,artisanal,surface,south_africa,33,11.7,operator,mechanic_repairman,male,2022-03-06,friday,12.73,morning,4.3,mobile_equipment,other,falling,fracture,foot_lower_leg,days_away,none
4814,INC-48C965C4,formal_small,underground,south_africa,37,9.8,contractor,laborer,male,2022-03-12,monday,12.44,morning,9.7,none,drilling,falling_object,laceration,hand_finger,days_away,full
4815,INC-98C033C5,formal_large,surface,zimbabwe,54,25.1,operator,welder,male,2020-01-01,friday,13.56,morning,7.7,components_parts,cleaning_clearing,other,amputation,head_face,days_away,none
4816,INC-00EB6C03,formal_large,surface,drc,35,17.0,contractor,other,male,2023-11-27,friday,11.09,morning,1.9,components_parts,maintenance_repair,hit_by_moving,laceration,torso,days_away,full
4817,INC-3E258B22,formal_small,surface,other,39,21.0,operator,mechanic_repairman,male,2023-06-18,friday,17.75,evening,9.6,mobile_equipment,other,fall_slip,multiple,upper_extremity,days_away,full
4818,INC-1AE581E4,formal_small,surface,zimbabwe,40,10.8,operator,supervisor,male,2020-04-14,monday,10.57,morning,7.4,haul_truck,directing_equipment,other,burns,hand_finger,temporary_disability,none
4819,INC-906C6E22,formal_small,underground,ghana,46,28.0,operator,supervisor,male,2020-03-26,tuesday,14.06,evening,1.0,none,other,other,multiple,torso,fatality,full
4820,INC-FCAB20EF,artisanal,underground,south_africa,30,3.6,operator,other,male,2023-09-08,friday,13.86,morning,0.5,components_parts,drilling,falling_object,abrasion,upper_extremity,days_away,none
4821,INC-FD8EE683,formal_large,underground,ethiopia,41,8.6,contractor,blaster,male,2021-01-12,sunday,12.0,morning,4.9,drill_rig,charging_up,fall_from_height,laceration,hand_finger,fatality,partial
4822,INC-FA4B51DA,artisanal,surface,ghana,26,10.0,operator,laborer,male,2024-06-25,friday,13.52,morning,0.8,mobile_equipment,lifting_lowering,struck_by_object,laceration,foot_lower_leg,fatality,none
4823,INC-399A6215,artisanal,surface,other,28,12.0,operator,truck_operator,male,2024-01-07,saturday,14.25,evening,8.7,hand_tools,cleaning_clearing,falling,abrasion,hand_finger,days_away,none
4824,INC-A0DFCC56,formal_small,surface,zimbabwe,30,12.0,operator,mechanic_repairman,male,2022-01-24,friday,8.55,morning,1.3,hand_tools,maintenance_repair,struck_by_object,fracture,hand_finger,restricted_work,partial
4825,INC-A7B0E13D,formal_small,surface,drc,54,33.4,operator,other,male,2024-12-02,saturday,12.82,morning,3.0,mobile_equipment,cleaning_clearing,hit_by_moving,amputation,hand_finger,days_away,full
4826,INC-B68EAE04,formal_large,underground,drc,39,18.7,operator,driller,male,2022-08-27,saturday,13.74,morning,7.6,earth_moving,walking,falling_object,laceration,torso,permanent_disability,full
4827,INC-39C57C1D,formal_small,surface,south_africa,62,25.3,contractor,other,male,2024-12-15,sunday,14.61,evening,4.9,hand_tools,operating_equipment,other,fracture,multiple,temporary_disability,partial
4828,INC-252CB81F,artisanal,surface,ghana,26,8.4,contractor,mechanic_repairman,male,2020-04-04,tuesday,12.21,morning,12.0,components_parts,operating_equipment,falling,laceration,multiple,temporary_disability,none
4829,INC-24C3DFC9,artisanal,surface,other,22,1.7,contractor,other,male,2022-12-17,friday,10.37,morning,3.9,haul_truck,operating_equipment,falling,contusion,upper_extremity,permanent_disability,none
4830,INC-D64F3C81,formal_small,underground,ghana,45,6.4,operator,driller,male,2024-02-01,monday,9.55,morning,0.9,none,drilling,fall_from_height,contusion,hand_finger,permanent_disability,full
4831,INC-54546121,formal_large,surface,ethiopia,55,24.8,operator,other,male,2021-04-18,sunday,11.64,morning,6.1,hand_tools,lifting_lowering,struck_by_object,laceration,hand_finger,days_away,partial
4832,INC-EB23D224,artisanal,underground,other,40,9.8,operator,driller,male,2024-02-27,sunday,18.71,evening,3.3,none,drilling,other,abrasion,torso,fatality,none
4833,INC-3B739CF1,artisanal,underground,south_africa,36,3.5,operator,driller,male,2024-03-04,saturday,15.16,evening,1.8,earth_moving,walking,falling_object,other,multiple,permanent_disability,none
4834,INC-BE89941D,formal_large,underground,other,48,10.5,operator,other,male,2023-11-30,tuesday,1.67,night,0.5,none,charging_up,struck_by_rock,laceration,torso,days_away,full
4835,INC-C6738A87,artisanal,surface,ghana,28,11.9,operator,excavator_operator,male,2023-04-02,monday,15.16,evening,10.8,none,other,struck_by_object,other,foot_lower_leg,first_aid,none
4836,INC-A34319EE,formal_large,surface,ethiopia,55,19.8,contractor,supervisor,male,2020-06-18,tuesday,10.65,morning,7.1,haul_truck,other,vehicle_motion,burns,hand_finger,days_away,none
4837,INC-19B21AF0,formal_large,surface,ghana,48,8.5,operator,mechanic_repairman,male,2024-12-05,wednesday,12.56,morning,2.4,mobile_equipment,maintenance_repair,other,multiple,hand_finger,restricted_work,full
4838,INC-5D469319,formal_large,underground,zimbabwe,45,26.0,operator,laborer,male,2024-05-30,thursday,14.15,evening,4.4,none,other,falling_object,laceration,multiple,first_aid,partial
4839,INC-8FC065ED,formal_large,underground,south_africa,53,23.1,contractor,driller,female,2022-09-29,sunday,14.47,evening,11.8,earth_moving,drilling,hit_by_moving,other,hand_finger,temporary_disability,full
4840,INC-6E348CE5,artisanal,surface,south_africa,33,4.8,contractor,welder,male,2021-12-28,saturday,11.62,morning,11.0,mobile_equipment,other,falling,fracture,foot_lower_leg,days_away,none
4841,INC-17A458E4,formal_small,surface,ghana,65,19.7,operator,other,female,2022-08-18,sunday,14.35,evening,6.8,mobile_equipment,operating_equipment,struck_by_object,multiple,upper_extremity,days_away,full
4842,INC-571E5B2C,formal_large,surface,ghana,40,22.0,operator,supervisor,male,2024-12-01,sunday,13.03,morning,10.0,mobile_equipment,lifting_lowering,other,multiple,upper_extremity,temporary_disability,full
4843,INC-592A19BC,formal_small,surface,ethiopia,50,24.3,operator,truck_operator,male,2020-03-20,thursday,10.57,morning,6.1,haul_truck,maintenance_repair,other,burns,multiple,fatality,partial
4844,INC-530D41E0,formal_small,surface,south_africa,42,8.3,operator,laborer,male,2022-05-26,friday,11.73,morning,6.0,none,maintenance_repair,struck_by_object,fracture,torso,restricted_work,none
4845,INC-268851D0,formal_large,surface,south_africa,47,28.8,operator,mechanic_repairman,female,2020-12-20,monday,13.48,morning,6.5,mobile_equipment,other,struck_by_object,laceration,head_face,temporary_disability,none
4846,INC-48C3B22B,formal_large,underground,south_africa,43,24.5,operator,other,male,2024-01-29,thursday,12.83,morning,10.5,components_parts,other,hit_by_moving,fracture,head_face,days_away,full
4847,INC-AE2BBBF5,artisanal,surface,ghana,33,11.0,operator,mechanic_repairman,male,2023-05-02,sunday,11.49,morning,1.6,mobile_equipment,lifting_lowering,falling,other,foot_lower_leg,restricted_work,none
4848,INC-FBA47350,formal_large,surface,south_africa,22,4.0,operator,mechanic_repairman,male,2024-07-26,sunday,13.3,morning,4.3,light_vehicle,operating_equipment,other,laceration,hand_finger,days_away,full
4849,INC-A751710F,artisanal,surface,south_africa,47,6.0,operator,mechanic_repairman,male,2024-12-19,friday,7.24,morning,1.2,mobile_equipment,other,falling,abrasion,upper_extremity,temporary_disability,none
4850,INC-FC6D8BE9,formal_large,surface,ethiopia,41,18.3,contractor,welder,male,2020-07-31,tuesday,13.46,morning,1.5,mobile_equipment,other,struck_by_object,laceration,upper_extremity,temporary_disability,full
4851,INC-FF9AD866,artisanal,surface,tanzania,36,10.1,operator,truck_operator,male,2022-05-18,sunday,11.19,morning,2.0,haul_truck,cleaning_clearing,falling,laceration,foot_lower_leg,days_away,none
4852,INC-3DBF8A04,artisanal,surface,tanzania,36,14.4,operator,supervisor,male,2024-08-27,saturday,11.75,morning,2.0,components_parts,operating_equipment,other,abrasion,hand_finger,fatality,none
4853,INC-9B62F06E,formal_large,surface,ghana,52,14.1,contractor,other,male,2020-02-23,sunday,12.72,morning,4.5,mobile_equipment,operating_equipment,other,amputation,hand_finger,fatality,none
4854,INC-6F1B00E7,formal_large,surface,other,35,17.0,operator,welder,male,2024-05-09,thursday,10.93,morning,1.6,mobile_equipment,other,other,amputation,head_face,days_away,partial
4855,INC-8C529321,artisanal,surface,ethiopia,31,14.7,operator,mechanic_repairman,male,2021-12-30,wednesday,14.59,evening,8.7,components_parts,operating_equipment,falling,abrasion,torso,days_away,none
4856,INC-C128041D,formal_small,surface,ethiopia,51,9.7,operator,other,male,2022-09-04,wednesday,9.25,morning,8.6,mobile_equipment,lifting_lowering,struck_by_object,fracture,hand_finger,days_away,full
4857,INC-05B379AD,artisanal,surface,south_africa,27,4.3,contractor,mechanic_repairman,female,2020-08-18,thursday,12.94,morning,4.7,haul_truck,other,falling,contusion,multiple,days_away,none
4858,INC-0ABF6A22,formal_large,surface,south_africa,44,14.5,contractor,excavator_operator,male,2021-09-14,sunday,13.34,morning,4.6,mobile_equipment,other,hit_by_moving,burns,hand_finger,days_away,partial
4859,INC-8C626B2E,formal_large,surface,zimbabwe,41,17.6,operator,mechanic_repairman,male,2024-10-18,monday,13.68,morning,5.8,mobile_equipment,cleaning_clearing,other,laceration,hand_finger,fatality,full
4860,INC-E8637D79,formal_small,surface,south_africa,51,19.4,operator,other,male,2024-08-18,friday,12.18,morning,6.4,mobile_equipment,other,fall_slip,burns,hand_finger,fatality,full
4861,INC-962E0250,artisanal,surface,tanzania,40,6.6,operator,truck_operator,female,2020-09-15,sunday,11.55,morning,0.4,mobile_equipment,cleaning_clearing,pit_collapse,fracture,head_face,days_away,none
4862,INC-15B91BFD,formal_large,surface,ghana,49,14.7,operator,other,male,2022-10-24,wednesday,10.67,morning,4.5,mobile_equipment,lifting_lowering,trapped_between,fracture,upper_extremity,temporary_disability,partial
4863,INC-02E6DB53,artisanal,underground,south_africa,35,6.8,operator,driller,male,2020-08-03,sunday,13.43,morning,2.1,earth_moving,other,struck_by_rock,other,head_face,days_away,none
4864,INC-CFC7324B,artisanal,surface,south_africa,24,8.0,operator,other,female,2024-12-11,thursday,13.81,morning,7.0,haul_truck,operating_equipment,pit_collapse,laceration,multiple,fatality,none
4865,INC-058A56D0,formal_large,surface,south_africa,46,19.1,operator,other,female,2022-04-15,friday,11.0,morning,3.6,mobile_equipment,operating_equipment,trapped_between,multiple,torso,temporary_disability,full
4866,INC-D266B9FD,formal_large,surface,ghana,52,23.4,operator,supervisor,male,2021-04-16,thursday,13.77,morning,7.4,hand_tools,other,other,laceration,foot_lower_leg,temporary_disability,full
4867,INC-9A0B5FFB,formal_large,underground,south_africa,44,12.3,operator,other,male,2022-09-16,thursday,14.06,evening,1.6,rock_drill,other,other,laceration,upper_extremity,days_away,full
4868,INC-3686E246,formal_small,surface,zimbabwe,27,9.0,operator,laborer,male,2021-01-02,thursday,13.36,morning,9.9,mobile_equipment,other,other,fracture,hand_finger,first_aid,none
4869,INC-FCC0B293,artisanal,underground,ghana,33,17.0,operator,driller,female,2023-08-02,wednesday,13.94,morning,4.4,rock_drill,other,other,other,hand_finger,days_away,none
4870,INC-8A2B92C1,formal_small,surface,ethiopia,39,21.0,operator,other,male,2021-09-25,friday,10.33,morning,4.7,haul_truck,directing_equipment,fall_slip,laceration,multiple,fatality,full
4871,INC-40AFFF11,formal_large,underground,other,25,2.7,contractor,supervisor,male,2021-11-02,tuesday,5.45,night,5.5,none,other,fall_from_height,laceration,foot_lower_leg,restricted_work,full
4872,INC-398DD881,artisanal,surface,other,36,7.4,operator,mechanic_repairman,male,2023-10-13,tuesday,9.64,morning,6.6,components_parts,other,other,fracture,hand_finger,permanent_disability,none
4873,INC-0C44A109,formal_small,surface,ethiopia,49,29.1,operator,supervisor,male,2024-06-25,friday,15.14,evening,8.8,mobile_equipment,operating_equipment,hit_by_moving,laceration,upper_extremity,restricted_work,full
4874,INC-BC5050AF,formal_small,surface,ghana,51,28.7,operator,mechanic_repairman,male,2021-01-07,sunday,13.58,morning,4.3,light_vehicle,other,struck_by_object,fracture,head_face,temporary_disability,none
4875,INC-E269F755,formal_small,surface,tanzania,51,8.1,operator,truck_operator,male,2022-12-29,monday,12.54,morning,5.4,hand_tools,other,other,laceration,head_face,restricted_work,full
4876,INC-47F0B78F,formal_large,underground,other,47,29.0,operator,laborer,male,2021-07-14,monday,14.29,evening,8.0,none,other,other,laceration,hand_finger,fatality,full
4877,INC-433AF277,artisanal,underground,zimbabwe,18,2.0,contractor,driller,female,2020-03-27,friday,10.66,morning,11.1,none,other,hit_by_moving,laceration,hand_finger,days_away,none
4878,INC-ACF86B0A,formal_small,surface,south_africa,52,17.3,operator,truck_operator,male,2021-04-11,monday,12.07,morning,2.2,components_parts,other,struck_by_object,laceration,upper_extremity,fatality,full
4879,INC-7FC25952,formal_small,surface,drc,28,10.0,operator,other,male,2020-03-03,monday,7.68,morning,6.1,mobile_equipment,other,struck_by_object,fracture,foot_lower_leg,first_aid,full
4880,INC-0844050F,formal_large,surface,south_africa,41,19.9,contractor,truck_operator,female,2023-11-29,friday,10.15,morning,2.5,mobile_equipment,cleaning_clearing,struck_by_object,fracture,head_face,first_aid,full
4881,INC-9DF953BB,formal_small,surface,drc,29,6.3,operator,excavator_operator,male,2022-05-05,wednesday,14.0,evening,9.2,mobile_equipment,other,other,laceration,hand_finger,days_away,full
4882,INC-FFA30B9A,artisanal,surface,south_africa,24,7.2,operator,laborer,female,2022-09-20,thursday,13.25,morning,4.7,mobile_equipment,maintenance_repair,other,fracture,foot_lower_leg,restricted_work,none
4883,INC-2CE81F48,formal_large,surface,south_africa,39,15.2,contractor,laborer,male,2022-03-13,friday,10.37,morning,8.3,mobile_equipment,operating_equipment,fall_slip,amputation,hand_finger,first_aid,full
4884,INC-54A11645,artisanal,surface,drc,33,4.9,operator,mechanic_repairman,male,2021-05-08,thursday,12.21,morning,1.7,mobile_equipment,directing_equipment,falling,other,hand_finger,days_away,none
4885,INC-FBD34AD8,artisanal,underground,tanzania,18,2.0,operator,driller,male,2022-04-06,wednesday,12.37,morning,3.2,rock_drill,walking,other,abrasion,head_face,permanent_disability,none
4886,INC-1EF66F75,formal_large,underground,ethiopia,58,29.3,contractor,other,female,2020-10-05,thursday,11.36,morning,6.4,drill_rig,walking,struck_by_rock,fracture,head_face,permanent_disability,partial
4887,INC-75A06951,artisanal,underground,drc,18,2.0,operator,laborer,male,2020-04-14,saturday,12.71,morning,0.1,components_parts,drilling,falling_object,laceration,multiple,temporary_disability,none
4888,INC-A28BD94F,formal_small,surface,other,53,29.7,operator,excavator_operator,male,2020-10-13,friday,10.23,morning,0.5,haul_truck,maintenance_repair,other,amputation,hand_finger,days_away,partial
4889,INC-81D4EF9B,artisanal,underground,zimbabwe,28,3.1,operator,other,female,2020-04-07,tuesday,1.06,night,0.1,components_parts,barring_scaling,struck_by_rock,abrasion,multiple,days_away,none
4890,INC-DF3C9FF2,formal_large,surface,other,49,20.4,operator,laborer,male,2022-10-07,saturday,15.68,evening,3.8,light_vehicle,other,struck_by_object,laceration,foot_lower_leg,temporary_disability,full
4891,INC-979EB2D9,formal_large,surface,ghana,41,9.5,operator,other,male,2020-04-20,thursday,15.3,evening,0.4,mobile_equipment,cleaning_clearing,trapped_between,fracture,hand_finger,first_aid,full
4892,INC-D999C286,formal_small,surface,south_africa,33,15.0,contractor,other,male,2021-12-11,saturday,12.72,morning,5.4,components_parts,other,fall_slip,multiple,multiple,first_aid,full
4893,INC-ABE78E63,formal_large,underground,drc,44,12.3,contractor,laborer,male,2023-09-02,wednesday,10.84,morning,7.6,components_parts,other,other,fracture,foot_lower_leg,first_aid,full
4894,INC-5E59C6CD,artisanal,surface,ghana,34,3.2,operator,truck_operator,male,2022-11-17,thursday,11.5,morning,3.2,mobile_equipment,other,pit_collapse,fracture,upper_extremity,permanent_disability,none
4895,INC-A2A39CCB,formal_small,underground,other,53,19.8,contractor,driller,male,2023-01-03,saturday,12.67,morning,7.8,none,other,hit_by_moving,other,hand_finger,first_aid,full
4896,INC-155F99D1,formal_large,surface,south_africa,46,24.1,operator,mechanic_repairman,male,2021-06-08,thursday,15.29,evening,4.9,mobile_equipment,operating_equipment,other,laceration,head_face,fatality,none
4897,INC-7C19ADF7,formal_small,underground,south_africa,27,9.0,operator,laborer,male,2020-09-06,saturday,11.51,morning,0.4,drill_rig,other,other,other,multiple,temporary_disability,partial
4898,INC-6CD93FC2,artisanal,surface,south_africa,34,10.2,operator,laborer,male,2020-10-09,wednesday,12.0,morning,1.8,components_parts,maintenance_repair,struck_by_object,abrasion,hand_finger,temporary_disability,none
4899,INC-1BD834C2,artisanal,underground,ethiopia,41,11.1,operator,other,male,2022-02-25,friday,22.27,night,10.3,components_parts,other,struck_by_rock,fracture,foot_lower_leg,restricted_work,none
4900,INC-9172233F,formal_small,surface,drc,43,23.7,operator,welder,male,2024-06-15,friday,13.1,morning,2.2,hand_tools,maintenance_repair,fall_slip,multiple,multiple,permanent_disability,full
4901,INC-12AB4987,formal_large,surface,ghana,24,6.0,operator,laborer,male,2024-09-17,friday,10.24,morning,10.2,mobile_equipment,maintenance_repair,struck_by_object,fracture,torso,fatality,full
4902,INC-1F72CEA9,formal_large,underground,south_africa,50,14.4,contractor,driller,male,2020-09-05,wednesday,22.37,night,3.2,none,other,other,laceration,upper_extremity,days_away,full
4903,INC-4AB1D091,artisanal,surface,ghana,31,15.0,operator,other,male,2020-05-06,saturday,11.85,morning,0.6,mobile_equipment,operating_equipment,other,abrasion,torso,permanent_disability,none
4904,INC-3450115D,artisanal,surface,ghana,28,1.4,operator,mechanic_repairman,male,2022-04-28,friday,12.0,morning,9.0,mobile_equipment,maintenance_repair,struck_by_object,abrasion,torso,fatality,none
4905,INC-453C2FE2,formal_small,underground,ethiopia,36,11.1,operator,driller,male,2020-12-11,tuesday,20.84,evening,7.7,none,walking,falling_object,other,hand_finger,days_away,partial
4906,INC-B5857803,artisanal,surface,tanzania,21,5.0,operator,other,male,2020-09-07,saturday,12.14,morning,7.1,mobile_equipment,cleaning_clearing,falling,contusion,hand_finger,fatality,none
4907,INC-8ED555F2,formal_large,underground,south_africa,31,13.0,operator,laborer,male,2021-12-12,friday,19.82,evening,4.6,earth_moving,other,other,multiple,multiple,days_away,none
4908,INC-8BC0B949,artisanal,surface,ghana,28,0.6,operator,truck_operator,male,2024-10-22,wednesday,9.49,morning,8.5,components_parts,directing_equipment,falling,abrasion,foot_lower_leg,temporary_disability,none
4909,INC-49A8ADC0,formal_large,underground,ethiopia,50,24.5,operator,other,female,2021-03-06,friday,4.66,night,2.6,earth_moving,walking,other,laceration,torso,temporary_disability,none
4910,INC-C60B05AC,formal_large,surface,ghana,48,12.1,operator,other,male,2020-06-04,friday,11.32,morning,3.5,mobile_equipment,other,other,laceration,torso,first_aid,full
4911,INC-7CBEE5E4,formal_small,surface,ghana,45,27.0,operator,welder,male,2020-10-16,wednesday,17.2,evening,3.8,mobile_equipment,other,hit_by_moving,laceration,hand_finger,temporary_disability,partial
4912,INC-84B6FD7A,formal_small,underground,ethiopia,63,28.2,operator,supervisor,male,2023-02-08,friday,0.64,night,7.3,none,drilling,struck_by_rock,fracture,torso,days_away,full
4913,INC-1E36C3CE,artisanal,surface,ghana,35,4.9,operator,other,male,2024-11-12,monday,10.86,morning,3.9,mobile_equipment,maintenance_repair,other,abrasion,head_face,days_away,none
4914,INC-5897FFC4,formal_large,surface,south_africa,49,31.0,operator,mechanic_repairman,male,2024-10-20,thursday,12.82,morning,4.7,haul_truck,other,struck_by_object,laceration,multiple,temporary_disability,none
4915,INC-602C14A1,artisanal,surface,south_africa,36,7.2,operator,excavator_operator,male,2023-10-31,tuesday,15.31,evening,3.7,components_parts,directing_equipment,pit_collapse,laceration,hand_finger,days_away,none
4916,INC-5FAAC340,artisanal,surface,drc,32,4.9,contractor,mechanic_repairman,male,2022-08-24,monday,13.95,morning,1.4,haul_truck,other,pit_collapse,laceration,hand_finger,temporary_disability,none
4917,INC-18E0ED4E,artisanal,surface,south_africa,34,8.0,operator,laborer,male,2023-08-24,wednesday,12.12,morning,0.8,light_vehicle,operating_equipment,other,laceration,torso,temporary_disability,none
4918,INC-0AC7D08A,artisanal,surface,drc,39,9.2,operator,other,male,2020-04-23,sunday,13.79,morning,10.5,components_parts,lifting_lowering,falling,fracture,hand_finger,days_away,full
4919,INC-6654FB18,formal_small,underground,zimbabwe,36,18.0,operator,laborer,female,2024-08-29,wednesday,10.06,morning,4.0,earth_moving,other,hit_by_moving,multiple,upper_extremity,permanent_disability,full
4920,INC-E265DB00,formal_small,surface,zimbabwe,47,24.8,contractor,other,female,2023-12-06,saturday,12.22,morning,1.7,mobile_equipment,operating_equipment,other,contusion,foot_lower_leg,fatality,full
4921,INC-9F33722C,formal_large,surface,drc,40,15.0,operator,laborer,male,2020-12-07,sunday,9.16,morning,7.1,components_parts,cleaning_clearing,fall_slip,multiple,upper_extremity,permanent_disability,full
4922,INC-3A788661,formal_large,surface,ghana,55,16.9,operator,mechanic_repairman,male,2021-06-24,monday,11.11,morning,5.4,mobile_equipment,cleaning_clearing,trapped_between,laceration,multiple,fatality,full
4923,INC-A6178E48,artisanal,surface,south_africa,31,0.4,operator,other,male,2024-06-12,tuesday,12.89,morning,11.0,mobile_equipment,maintenance_repair,struck_by_object,laceration,head_face,restricted_work,none
4924,INC-F4F26BD5,formal_small,surface,south_africa,45,27.0,operator,truck_operator,male,2022-09-16,tuesday,11.28,morning,0.9,haul_truck,operating_equipment,other,multiple,head_face,days_away,full
4925,INC-6C4E7913,formal_large,underground,tanzania,46,13.3,operator,driller,male,2024-11-29,thursday,12.21,morning,3.7,components_parts,other,fall_from_height,fracture,multiple,fatality,partial
4926,INC-27C884FC,formal_large,surface,zimbabwe,29,11.0,contractor,laborer,female,2021-12-28,friday,11.85,morning,1.8,components_parts,other,other,fracture,head_face,days_away,partial
4927,INC-3F8DD78D,formal_small,surface,drc,43,24.9,operator,truck_operator,female,2022-12-06,sunday,13.41,morning,8.8,components_parts,operating_equipment,other,fracture,torso,days_away,full
4928,INC-905835F5,artisanal,underground,zimbabwe,40,11.3,operator,blaster,male,2020-01-08,thursday,24.0,night,11.0,earth_moving,drilling,struck_by_rock,abrasion,multiple,days_away,none
4929,INC-99682FF3,formal_large,surface,ghana,42,5.7,operator,other,male,2024-07-07,thursday,11.47,morning,1.2,none,other,other,laceration,head_face,temporary_disability,full
4930,INC-582F15EF,artisanal,surface,ghana,25,5.5,operator,truck_operator,male,2024-03-02,friday,12.0,morning,7.7,mobile_equipment,cleaning_clearing,pit_collapse,fracture,foot_lower_leg,restricted_work,none
4931,INC-02152795,artisanal,surface,south_africa,30,13.2,operator,truck_operator,male,2024-01-30,monday,15.13,evening,5.8,components_parts,other,struck_by_object,abrasion,hand_finger,days_away,none
4932,INC-91E9DF50,artisanal,surface,drc,27,11.0,operator,mechanic_repairman,male,2023-10-11,friday,13.28,morning,3.7,hand_tools,operating_equipment,falling,abrasion,hand_finger,fatality,none
4933,INC-4CEAC3A6,formal_large,surface,south_africa,33,12.9,operator,excavator_operator,male,2021-08-03,sunday,10.53,morning,1.2,mobile_equipment,other,vehicle_motion,multiple,hand_finger,days_away,full
4934,INC-938D54F6,artisanal,underground,other,36,8.6,operator,laborer,male,2020-03-04,saturday,11.96,morning,2.0,earth_moving,other,falling_object,other,foot_lower_leg,days_away,none
4935,INC-F5601DAB,formal_large,surface,south_africa,40,22.0,operator,truck_operator,male,2021-08-29,friday,14.63,evening,6.4,mobile_equipment,maintenance_repair,other,contusion,multiple,days_away,full
4936,INC-73DFC1BB,formal_small,surface,zimbabwe,47,29.0,operator,other,male,2023-05-14,friday,12.76,morning,10.6,light_vehicle,maintenance_repair,other,multiple,hand_finger,days_away,full
4937,INC-AC27AC35,artisanal,surface,south_africa,23,7.0,operator,supervisor,male,2023-05-19,thursday,9.13,morning,1.8,components_parts,operating_equipment,falling,fracture,hand_finger,first_aid,none
4938,INC-5EB0769E,artisanal,underground,drc,28,4.0,operator,driller,male,2024-04-20,tuesday,19.66,evening,3.4,none,other,other,laceration,upper_extremity,fatality,none
4939,INC-9CFFCD4F,formal_large,underground,south_africa,42,24.0,operator,supervisor,female,2022-10-05,wednesday,20.37,evening,7.0,earth_moving,drilling,other,multiple,head_face,days_away,partial
4940,INC-5E279E5A,artisanal,underground,ethiopia,18,2.0,operator,mechanic_repairman,male,2021-09-15,thursday,12.01,morning,7.4,none,barring_scaling,fall_from_height,laceration,foot_lower_leg,days_away,none
4941,INC-B2B507CC,formal_large,surface,other,29,11.0,operator,other,male,2021-12-03,thursday,12.86,morning,1.9,mobile_equipment,other,other,laceration,foot_lower_leg,days_away,full
4942,INC-F037A7AC,formal_small,underground,ethiopia,40,11.6,contractor,supervisor,male,2024-11-25,friday,10.35,morning,1.4,none,charging_up,falling_object,multiple,head_face,days_away,full
4943,INC-85873B56,artisanal,surface,south_africa,34,1.4,operator,truck_operator,male,2020-03-26,wednesday,11.49,morning,0.5,mobile_equipment,other,struck_by_object,laceration,upper_extremity,days_away,none
4944,INC-3CDF7BD1,formal_small,surface,drc,38,8.3,operator,laborer,male,2023-04-13,saturday,12.07,morning,2.2,haul_truck,operating_equipment,other,laceration,torso,temporary_disability,none
4945,INC-9BF23068,artisanal,surface,ghana,39,11.6,operator,welder,male,2020-02-11,friday,10.51,morning,11.1,mobile_equipment,maintenance_repair,other,other,head_face,fatality,none
4946,INC-86FF1F2F,formal_small,underground,south_africa,44,15.6,contractor,other,male,2022-04-26,saturday,21.55,evening,4.7,components_parts,other,other,contusion,hand_finger,days_away,full
4947,INC-407ABB7A,artisanal,surface,zimbabwe,37,8.1,contractor,other,male,2020-06-27,wednesday,10.82,morning,8.3,haul_truck,other,other,other,upper_extremity,fatality,none
4948,INC-A5CA567B,artisanal,surface,drc,36,7.1,operator,truck_operator,male,2021-02-14,thursday,13.45,morning,11.9,mobile_equipment,other,pit_collapse,abrasion,torso,temporary_disability,none
4949,INC-62EF3B39,artisanal,surface,ghana,36,6.8,contractor,truck_operator,male,2022-01-07,monday,12.0,morning,4.8,mobile_equipment,operating_equipment,pit_collapse,contusion,foot_lower_leg,fatality,none
4950,INC-126B5175,formal_large,surface,drc,43,8.4,operator,truck_operator,male,2021-08-15,monday,14.46,evening,10.6,haul_truck,maintenance_repair,hit_by_moving,fracture,foot_lower_leg,fatality,full
4951,INC-0E71C6D5,artisanal,underground,tanzania,35,6.1,contractor,other,male,2020-02-20,wednesday,10.61,morning,2.7,none,drilling,other,abrasion,torso,fatality,none
4952,INC-75F33849,formal_large,underground,zimbabwe,39,21.0,operator,laborer,male,2023-12-05,thursday,13.76,morning,7.6,earth_moving,drilling,other,other,head_face,days_away,partial
4953,INC-845F1ABD,artisanal,surface,ghana,35,3.2,contractor,welder,male,2020-09-27,monday,11.28,morning,9.0,components_parts,other,falling,contusion,head_face,temporary_disability,none
4954,INC-AE24D65B,formal_large,surface,tanzania,38,20.0,contractor,other,male,2023-07-24,saturday,13.02,morning,5.2,mobile_equipment,cleaning_clearing,other,amputation,torso,days_away,full
4955,INC-05138FA9,formal_large,surface,ghana,43,15.2,operator,mechanic_repairman,male,2024-11-02,wednesday,11.86,morning,6.5,components_parts,operating_equipment,fall_slip,multiple,multiple,temporary_disability,full
4956,INC-0544B9C7,artisanal,underground,south_africa,35,2.7,operator,laborer,male,2021-03-28,thursday,10.79,morning,4.3,none,drilling,fall_from_height,other,foot_lower_leg,temporary_disability,none
4957,INC-9A8AE160,formal_large,surface,ghana,52,16.1,operator,laborer,male,2022-04-02,sunday,13.7,morning,1.0,haul_truck,other,other,amputation,multiple,first_aid,full
4958,INC-644E4895,formal_small,surface,other,45,27.0,operator,truck_operator,male,2023-03-25,wednesday,12.39,morning,2.7,components_parts,other,other,fracture,head_face,temporary_disability,full
4959,INC-E4D5DD52,artisanal,surface,ghana,26,10.0,operator,mechanic_repairman,female,2024-08-31,thursday,10.83,morning,1.8,hand_tools,maintenance_repair,struck_by_object,abrasion,upper_extremity,permanent_disability,none
4960,INC-12CA95F6,formal_large,surface,south_africa,56,7.6,operator,other,male,2021-11-24,saturday,13.02,morning,0.2,components_parts,cleaning_clearing,other,amputation,multiple,temporary_disability,partial
4961,INC-2288DE22,formal_large,surface,south_africa,53,16.4,operator,supervisor,male,2020-12-12,tuesday,13.79,morning,6.7,none,cleaning_clearing,other,contusion,foot_lower_leg,days_away,full
4962,INC-20512AFE,formal_small,surface,south_africa,57,18.6,operator,other,male,2020-07-20,sunday,11.94,morning,4.7,none,cleaning_clearing,other,amputation,torso,days_away,full
4963,INC-E1956111,formal_large,underground,other,56,8.6,operator,other,male,2021-10-16,tuesday,2.1,night,11.5,none,other,struck_by_rock,laceration,head_face,days_away,full
4964,INC-ABC167B3,formal_large,surface,zimbabwe,57,11.1,contractor,truck_operator,female,2024-02-27,friday,13.18,morning,7.2,mobile_equipment,other,other,laceration,head_face,days_away,none
4965,INC-464A46F0,formal_large,surface,tanzania,32,13.5,operator,supervisor,male,2023-05-10,monday,11.72,morning,10.3,haul_truck,maintenance_repair,other,amputation,hand_finger,temporary_disability,partial
4966,INC-B2F1176A,formal_small,surface,drc,49,30.3,operator,laborer,male,2021-02-21,sunday,14.3,evening,0.2,haul_truck,cleaning_clearing,fall_slip,burns,upper_extremity,fatality,none
4967,INC-79BF8117,formal_large,surface,ghana,54,36.0,operator,laborer,male,2024-12-12,wednesday,13.1,morning,0.2,mobile_equipment,lifting_lowering,other,burns,multiple,restricted_work,full
4968,INC-D42C3586,formal_large,surface,drc,56,23.4,operator,mechanic_repairman,male,2023-03-17,tuesday,14.78,evening,7.0,mobile_equipment,other,struck_by_object,laceration,hand_finger,restricted_work,full
4969,INC-89078B7A,artisanal,surface,other,29,10.8,operator,mechanic_repairman,female,2023-07-01,sunday,12.15,morning,1.7,components_parts,maintenance_repair,other,abrasion,upper_extremity,days_away,none
4970,INC-CA05360D,artisanal,underground,tanzania,31,7.0,operator,laborer,female,2020-01-05,friday,13.31,morning,6.4,earth_moving,drilling,fall_from_height,contusion,multiple,first_aid,none
4971,INC-E5B02D51,formal_large,surface,tanzania,35,17.0,operator,mechanic_repairman,female,2024-07-05,wednesday,12.91,morning,4.6,mobile_equipment,other,fall_slip,laceration,upper_extremity,first_aid,partial
4972,INC-0DB80683,formal_large,underground,ghana,49,31.0,operator,laborer,male,2020-05-09,thursday,12.87,morning,8.6,drill_rig,charging_up,other,fracture,upper_extremity,days_away,full
4973,INC-4049C0D2,artisanal,surface,drc,28,6.3,contractor,supervisor,male,2020-03-30,friday,17.33,evening,3.3,mobile_equipment,directing_equipment,struck_by_object,laceration,multiple,fatality,none
4974,INC-4D13A1A9,formal_small,surface,south_africa,43,25.0,operator,supervisor,male,2023-06-17,monday,9.15,morning,11.4,components_parts,other,other,amputation,hand_finger,temporary_disability,full
4975,INC-4BC0692E,formal_small,surface,tanzania,60,40.0,operator,laborer,male,2021-07-08,sunday,12.2,morning,5.1,mobile_equipment,cleaning_clearing,struck_by_object,contusion,head_face,restricted_work,none
4976,INC-91BBFC6D,formal_small,underground,ghana,29,6.8,contractor,driller,male,2024-08-31,saturday,2.97,night,10.9,drill_rig,other,struck_by_rock,other,foot_lower_leg,days_away,full
4977,INC-93DDB1A5,formal_large,underground,ethiopia,35,17.0,contractor,other,male,2024-05-30,thursday,11.41,morning,4.2,none,other,hit_by_moving,laceration,multiple,days_away,partial
4978,INC-A019603C,artisanal,surface,other,19,3.0,operator,mechanic_repairman,male,2022-09-24,thursday,13.12,morning,5.3,mobile_equipment,other,other,fracture,upper_extremity,days_away,none
4979,INC-E707DF75,artisanal,surface,ethiopia,22,6.0,operator,supervisor,female,2022-08-13,tuesday,14.04,evening,5.5,mobile_equipment,maintenance_repair,struck_by_object,laceration,hand_finger,days_away,none
4980,INC-CAA2BDFD,artisanal,surface,south_africa,32,8.8,operator,mechanic_repairman,male,2020-10-31,sunday,14.26,evening,9.1,mobile_equipment,other,falling,abrasion,torso,days_away,none
4981,INC-E2A867B3,formal_large,surface,tanzania,25,7.0,operator,other,male,2020-11-06,friday,7.05,morning,1.3,haul_truck,other,other,amputation,multiple,fatality,full
4982,INC-C00E7276,formal_large,underground,other,44,7.5,operator,supervisor,male,2020-01-22,friday,1.1,night,5.9,components_parts,drilling,hit_by_moving,fracture,multiple,first_aid,full
4983,INC-7BEDE1FD,formal_large,surface,ethiopia,64,19.0,operator,truck_operator,male,2020-11-06,friday,14.41,evening,2.5,mobile_equipment,cleaning_clearing,other,laceration,hand_finger,fatality,none
4984,INC-CB0A7C8A,formal_large,surface,other,42,24.0,operator,laborer,female,2022-03-18,thursday,13.6,morning,8.0,haul_truck,maintenance_repair,hit_by_moving,multiple,head_face,first_aid,full
4985,INC-EF64D76B,formal_large,underground,drc,43,10.1,operator,driller,male,2023-10-17,monday,1.0,night,6.9,drill_rig,other,fall_from_height,other,upper_extremity,fatality,full
4986,INC-A379DFE2,artisanal,underground,other,37,21.0,contractor,mechanic_repairman,male,2020-05-13,thursday,22.79,night,3.4,earth_moving,other,other,laceration,torso,days_away,none
4987,INC-F9BBE2A2,formal_large,underground,ghana,48,30.0,operator,driller,male,2020-10-15,thursday,2.08,night,2.2,drill_rig,charging_up,fall_from_height,multiple,torso,days_away,partial
4988,INC-198160D5,artisanal,surface,zimbabwe,30,11.9,contractor,mechanic_repairman,female,2021-11-19,friday,12.85,morning,3.7,hand_tools,other,falling,abrasion,head_face,fatality,none
4989,INC-76AC6C57,formal_large,surface,drc,41,23.0,operator,truck_operator,female,2022-06-27,wednesday,15.24,evening,1.2,components_parts,cleaning_clearing,other,multiple,head_face,days_away,none
4990,INC-614129C3,formal_large,surface,other,46,28.0,contractor,welder,male,2022-02-14,thursday,10.73,morning,2.0,mobile_equipment,other,vehicle_motion,laceration,foot_lower_leg,days_away,full
4991,INC-04D9D102,artisanal,surface,south_africa,50,5.5,operator,welder,male,2020-11-27,wednesday,12.68,morning,2.2,mobile_equipment,cleaning_clearing,struck_by_object,laceration,foot_lower_leg,days_away,none
4992,INC-2360D9F1,artisanal,surface,south_africa,24,2.6,operator,mechanic_repairman,male,2023-10-09,thursday,12.55,morning,5.6,haul_truck,operating_equipment,struck_by_object,abrasion,head_face,days_away,none
4993,INC-7E65A4B2,formal_small,surface,ghana,46,28.0,operator,excavator_operator,male,2021-01-15,monday,12.37,morning,7.4,mobile_equipment,maintenance_repair,trapped_between,laceration,multiple,permanent_disability,full
4994,INC-1293D1DC,formal_small,surface,drc,34,16.0,operator,mechanic_repairman,male,2020-08-02,saturday,13.18,morning,0.7,mobile_equipment,other,trapped_between,laceration,hand_finger,first_aid,full
4995,INC-DC50BC73,formal_large,surface,other,42,15.1,operator,other,male,2021-12-26,tuesday,11.49,morning,2.0,mobile_equipment,operating_equipment,struck_by_object,fracture,multiple,first_aid,full
4996,INC-A6EC839B,formal_large,surface,ethiopia,50,8.4,operator,welder,male,2024-12-11,thursday,16.0,evening,2.6,components_parts,cleaning_clearing,other,fracture,torso,days_away,full
4997,INC-744241B4,formal_small,surface,south_africa,51,10.2,operator,welder,male,2020-08-03,friday,14.85,evening,0.4,mobile_equipment,directing_equipment,trapped_between,laceration,foot_lower_leg,days_away,full
4998,INC-24A054A5,formal_small,surface,ghana,55,25.0,contractor,excavator_operator,male,2020-08-18,monday,6.43,morning,2.6,haul_truck,other,other,fracture,hand_finger,permanent_disability,partial
4999,INC-1B3BFB9E,artisanal,surface,other,33,16.0,operator,supervisor,male,2023-04-18,wednesday,9.81,morning,2.1,light_vehicle,operating_equipment,falling,other,torso,permanent_disability,none
